"V1","V2","V3","V4","V5","V6","V7","V8","V9","V10","V11","V12","V13","V14","V15","V16","V17","V18","V19","V20","V21","V22","V23","V24","V25","V26","V27","V28","V29","V30","V31","V32","V33","V34","V35","V36","V37","V38","V39","V40","V41","V42","V43","V44","V45","V46","V47","V48","V49","V50","V51","V52","V53","V54","V55","V56","V57","V58","V59","V60","V61","V62","V63","V64"
0,1,0,1,0,1,0,1,0,1,0,1,0,1,0,1,0,1,0,1,0,1,0,1,0,1,0,1,0,1,0,1,0,1,0,1,0,1,0,1,0,1,0,1,0,1,0,1,0,1,0,1,0,1,0,1,0,1,0,1,0,1,0,1
0.841470984807897,0.54030230586814,0.681561350355269,0.731760975798725,0.533168439914023,0.846009110281708,0.409308924041938,0.912395859646256,0.310983592907186,0.950415280255183,0.234921075603842,0.972014448574266,0.17689218624615,0.984230234470095,0.13295726553039,0.991121771298906,0.0998334166468281,0.995004165278026,0.074919157941476,0.997189610742782,0.0562044992146925,0.998419277792664,0.0421571532172568,0.99911099204874,0.0316175064024337,0.999500041665278,0.0237115145833866,0.999718842513315,0.0177818568796661,0.999841890283614,0.0133348190961964,0.999911087347106,0.00999983333416666,0.999950000416665,0.0074988718107716,0.999971883065502,0.00562338361396018,0.999984188653366,0.00421695253606011,0.999991108616126,0.00316227238970824,0.999995000004167,0.00237137148312656,0.999997188294692,0.00177827847280353,0.999998418861587,0.00133352103693441,0.999999110860427,0.000999999833333341,0.999999500000042,0.000749894139049707,0.999999718829351,0.000562341295552359,0.999999841886121,0.000421696490930345,0.999999911086031,0.000316227760746375,0.99999995,0.00023713736834363,0.999999971882934,0.000177827940066656,0.999999984188612,0.000133352142821103,0.999999991108603
0.909297426825682,-0.416146836547142,0.997479997605337,0.0709482514038038,0.902130714963897,0.431462829359294,0.746903535224257,0.664932409399261,0.591127117215293,0.806578409885076,0.456693359523083,0.889624176474268,0.348205275889952,0.937418308890115,0.263553681039078,0.964644731085363,0.198669330795061,0.980066577841242,0.149417211889675,0.98877423954668,0.112231311029263,0.993682108536051,0.0842393503456884,0.996445548865234,0.0632033979331693,0.998000666577784,0.0474096958270817,0.998875528152324,0.0355580907906361,0.999367611131822,0.0266672669241094,0.999644365199343,0.0199986666933331,0.999800006666578,0.0149973219309682,0.999887533843131,0.0112465894013852,0.99993675511346,0.00843383008303267,0.999964434622617,0.00632451315671894,0.999980000066667,0.00474272963105754,0.999988753194578,0.00355655132219825,0.999993675451346,0.00266703970249616,0.999996443443288,0.00199999866666693,0.999998000000667,0.00149978785640297,0.99999887531756,0.00112468241327679,0.999999367544535,0.000843392906871273,0.999999644344139,0.000632455489869974,0.999999800000007,0.000474274723352045,0.999999887531737,0.0003556558745099,0.999999936754447,0.000266704283270833,0.999999964434412
0.141120008059867,-0.989992496600445,0.778272522419513,-0.627926652441803,0.993253167134793,-0.115966141509938,0.953634462145589,0.300967294914735,0.812648896642037,0.582753610702225,0.652904012444876,0.757440658093676,0.508536134419632,0.86104064944086,0.389470316837206,0.921039017796057,0.295520206661339,0.955336489125606,0.223075424783597,0.974801187349306,0.167903309792429,0.985803468527448,0.126171768569587,0.992008409649849,0.0947260913327461,0.995503373987663,0.0710812178889303,0.997470531125319,0.0533230805423059,0.998577312520908,0.0399949726371271,0.99919988098666,0.0299955002024956,0.999550033748988,0.022494928693728,0.999746957076171,0.0168694395413633,0.99985770088026,0.0126505576531636,0.999919978493811,0.00948669067865078,0.999955000337499,0.00711406110867237,0.999974694747093,0.00533481292479314,0.999985769784279,0.00400055362531683,0.999991997753327,0.00299999550000202,0.999995500003375,0.00224968073036358,0.999997469465104,0.00168702317534542,0.99999857697539,0.00126508917283338,0.999999199774372,0.000948683155748025,0.999999550000034,0.000711412051690033,0.999999746946414,0.000533483797706317,0.999999857697509,0.000400056418977816,0.999999919977428
-0.756802495307928,-0.653643620863612,0.141538923280738,-0.989932691245485,0.778471741460492,-0.627679653762545,0.993280734530983,-0.115729781860986,0.95358074048692,0.301137462585474,0.81257090773398,0.582862350735039,0.652828001742749,0.757506171684805,0.508471339544998,0.861078914421504,0.38941834230865,0.921060994002885,0.295479780122797,0.955348993582232,0.223044491574647,0.974808265649306,0.16787985138252,0.985807463706673,0.126154066534568,0.992010660979403,0.0947127699176345,0.995504641483167,0.071071208499693,0.99747124435865,0.0533155662319056,0.998577713749597,0.0399893341866341,0.999200106660978,0.0299912704796145,0.999550160669798,0.0224917562242291,0.999747028453673,0.016867060261366,0.999857741020261,0.0126487733337549,0.999920001066661,0.00948535258100043,0.999955013031293,0.00711305765723275,0.999974701885385,0.00533406043403642,0.999985773798451,0.00399998933334186,0.999992000010667,0.00299957233923581,0.999995501272772,0.0022493634039305,0.999997470178939,0.00168678521382728,0.999998577376809,0.00126491072675776,0.999999200000107,0.000948549340022382,0.999999550126974,0.000711311704032495,0.999999747017798,0.000533408547570677,0.999999857737651
-0.958924274663138,0.283662185463226,-0.571127201192685,-0.820861571799905,0.323935203610092,-0.946079269333225,0.858895997159332,-0.512150042530191,0.999946516789605,-0.010342318905209,0.926757313172194,0.375660594795163,0.776529980028186,0.630080304498899,0.618443712571926,0.785829099983103,0.479425538604203,0.877582561890373,0.366223309062432,0.930526994718242,0.277480530594754,0.960731260624351,0.209289441149982,0.977853736416203,0.157455898182344,0.987526019974963,0.118291063537645,0.992978964675049,0.0887968623598419,0.996049756405295,0.0666266789698156,0.997777974125233,0.0499791692706783,0.998750260394966,0.0374859257403259,0.999297155690634,0.0281133616571868,0.999604741333459,0.0210832629265531,0.999777723308721,0.0158107295012311,0.999875002604145,0.0118565907132961,0.999929708157857,0.00889127989621496,0.999960471789664,0.00666755775730756,0.999977771589725,0.0049999791666927,0.999987500026042,0.00374946226132463,0.99999297074167,0.00281170292120444,0.999996047155529,0.00210848095486365,0.999997777151561,0.00158113817127643,0.99999875000026,0.00118568657501388,0.999999297073426,0.000889139587865022,0.999999604715319,0.000666760666678044,0.999999777715082
-0.279415498198926,0.960170286650366,-0.977396119380646,-0.211416238306461,-0.230367474670296,-0.973103708046594,0.574025568818852,-0.818837374783414,0.947148157502652,-0.320796458427039,0.989072089716497,0.147432701066763,0.875740566889649,0.482781999979075,0.717434716160919,0.696625744605453,0.564642473395035,0.825335614909678,0.434908377895003,0.900474709715235,0.331039330341231,0.943616957121495,0.25032691096285,0.968161369632045,0.188600287052824,0.982053935241641,0.141802840321412,0.989894920926853,0.106494436926543,0.994313298162958,0.0799259437981642,0.996800804327511,0.0599640064794446,0.998200539935204,0.0449784730224,0.998987956366128,0.0337340780699321,0.999430844019121,0.0252990906729722,0.999679926782128,0.018972527561544,0.999820005399935,0.0142277621711136,0.999898780269084,0.0106694740185088,0.999943079542115,0.00800104322379979,0.999967991141382,0.0059999640000648,0.999982000054,0.00449935007493598,0.999989877873223,0.00337404154933986,0.999994307905612,0.0025301763209532,0.99999679909877,0.00189736545768127,0.99999820000054,0.00142282374332932,0.999998987785785,0.00106696744358049,0.999999430790075,0.000800112773928544,0.999999679909723
0.656986598718789,0.753902254343305,-0.859313474927051,0.511449266114241,-0.713721168177414,-0.700429935179435,0.188581107483483,-0.982057618421803,0.800421646322522,-0.5994373929764,0.996027410599761,-0.0890471635367149,0.94733070694136,0.320256977575794,0.803686620773551,0.595052783868449,0.644217687237691,0.764842187284488,0.501148923061353,0.865361055811068,0.383551567645765,0.923519461059959,0.290919295547197,0.956747596536476,0.219556091352419,0.975599878408176,0.165234879244799,0.986254244442556,0.124158335882807,0.992262418733478,0.0932109957711165,0.99564637812195,0.0699428473375327,0.99755100025328,0.0524684909909145,0.998622580083755,0.0393537277202739,0.999225342009758,0.0295144685315376,0.999564353179574,0.0221341358967394,0.999755010004003,0.0165988536203823,0.999862229538895,0.0124476344009722,0.999922525197737,0.0093345144622037,0.999956432470813,0.00699994283347339,0.999975500100042,0.00524923535837696,0.999986222669169,0.00393637911050969,0.999992252429737,0.00295187123710671,0.999995643218609,0.00221359255434958,0.999997550001,0.00165996083163351,0.99999862226407,0.00124479526555548,0.999999225242073,0.000933464866950802,0.999999564321576
0.989358246623382,-0.145500033808614,-0.280228014478579,0.959933466393059,-0.977261746287695,-0.212036504505062,-0.229904325467981,-0.973213235180817,0.574317769121217,-0.818632457255164,0.947233978841465,-0.320542960191248,0.989042480737582,0.147631200281139,0.875667898139709,0.482913793722631,0.717356090899523,0.696706709347165,0.564572621128426,0.825383399077167,0.434851227989026,0.900502309556414,0.330994420997711,0.943632710999566,0.250292357856393,0.968170302993584,0.188574004121465,0.982058982429058,0.141782973560524,0.989897766644786,0.106479472470243,0.994314900794743,0.0799146939691727,0.996801706302619,0.0599555584531802,0.998201047390037,0.0449721328997549,0.9989882418039,0.033729321541164,0.999431004556279,0.0252955228907603,0.999680017066303,0.0189698517274814,0.999820056172828,0.0142257554205697,0.99989880882153,0.0106679691012352,0.999943095598572,0.00799991466693973,0.999968000170666,0.00599911768995611,0.999982005131563,0.00449871542688718,0.999989880728554,0.00337356562833504,0.999994309511285,0.00252981942965863,0.999996800001707,0.00189709782659124,0.999998200508299,0.00142262304816659,0.999998988071319,0.00106681694337345,0.999999430950643
0.412118485241757,-0.911130261884677,0.449193624285084,0.893434434025033,-0.939823512800988,0.341660306132293,-0.608108616826985,-0.793853834242029,0.291259120667224,-0.956644199599912,0.845422816629027,-0.534097613852602,0.999560318493108,-0.0296507958401797,0.932100415774087,0.362199965369649,0.783326909627483,0.621609968270665,0.624822981536822,0.780766445067561,0.484776130346349,0.874638270055924,0.370481033104045,0.92884003149636,0.280778352859511,0.959772637954167,0.211807091012024,0.977311493945008,0.159362776706764,0.987220089645825,0.119729014424617,0.992806609116252,0.089878549198011,0.995952733011994,0.0674392543824262,0.997723381989388,0.0505891159392717,0.998719550899292,0.0379435747500991,0.999279883283549,0.0284566569297631,0.999595027336762,0.0213407431593148,0.999772260408043,0.0160038314543906,0.99987193048849,0.0120014047696397,0.999927980548377,0.00899987850049207,0.999959500273374,0.00674899664798362,0.999977225262778,0.00506105032064598,0.999987192802814,0.00379525941964916,0.999992797977034,0.00284604605198574,0.999995950002734,0.00213423471486732,0.999997722518498,0.00160045078579041,0.999998719277821,0.00120016900082511,0.999999279796925
-0.54402111088937,-0.839071529076452,0.937632744137416,0.347627440115621,-0.612936761485491,0.790131967724176,-0.879767242948325,-0.475404667872648,-0.020683531529582,-0.999786072879326,0.696292406994067,-0.717758235036289,0.978552492537367,-0.205997619765149,0.97198213208121,0.235054748760507,0.841470984807896,0.54030230586814,0.681561350355269,0.731760975798725,0.533168439914023,0.846009110281708,0.409308924041938,0.912395859646256,0.310983592907186,0.950415280255183,0.234921075603842,0.972014448574266,0.17689218624615,0.984230234470095,0.13295726553039,0.991121771298906,0.0998334166468281,0.995004165278026,0.074919157941476,0.997189610742782,0.0562044992146924,0.998419277792664,0.0421571532172568,0.99911099204874,0.0316175064024337,0.999500041665278,0.0237115145833866,0.999718842513315,0.0177818568796661,0.999841890283614,0.0133348190961964,0.999911087347106,0.00999983333416666,0.999950000416665,0.0074988718107716,0.999971883065502,0.00562338361396018,0.999984188653366,0.00421695253606011,0.999991108616126,0.00316227238970825,0.999995000004167,0.00237137148312656,0.999997188294692,0.00177827847280353,0.999998418861587,0.00133352103693441,0.999999110860427
-0.999990206550703,0.00442569798805079,0.923052479296579,-0.384674044438194,-0.097276655685596,0.995257379906638,-0.997283363009922,-0.0736606670049857,-0.330575009497933,-0.943779721701755,0.508189743432547,-0.861245136224271,0.926681579849588,-0.375847375363288,0.994604889064346,0.103735792517817,0.891207360061435,0.453596121425578,0.734468813779369,0.678642440159416,0.579875167095251,0.814705339731031,0.447409057203841,0.894329433448307,0.340877875276389,0.940107586474577,0.257902960557287,0.966170824924758,0.194365659038739,0.980929146567904,0.146161873469763,0.989260686949506,0.109778300837175,0.993956097956697,0.0823948485064129,0.99659976366624,0.0618181051524742,0.998087431979462,0.04636998201355,0.998924333855204,0.0347780397003038,0.999395061001706,0.0260821526678756,0.999659802789034,0.0195598260737877,0.999808688301899,0.0146682097097224,0.9998924160248,0.0109997781680087,0.999939500610039,0.00824874275663426,0.999965978542738,0.00618571512900439,0.99998086828116,0.00463864490257909,0.99998924142886,0.00347849841120352,0.9999939500061,0.00260850811803378,0.999996597836912,0.00195610610358254,0.999998086822626,0.00146687304932998,0.99999892414115
-0.536572918000435,0.843853958732492,0.413274821789578,-0.910606348360691,0.448342887629989,0.893861653228061,-0.94006717966037,0.340989292684387,-0.607683549065093,-0.794179264521338,0.291643139473302,-0.956527197312317,0.845583564691588,-0.533843080992408,0.999566986702804,-0.0294251439057975,0.932039085967226,0.362357754476674,0.783247990675453,0.621709405673475,0.62474865116826,0.780825923534459,0.484713689947104,0.874672875295595,0.370431308175859,0.928859863447184,0.280739822814334,0.95978390895356,0.211777669632877,0.977317869807397,0.159340490129291,0.987223687015945,0.119712207288919,0.992808635853866,0.0898659056902328,0.995953873929146,0.0674297562352783,0.997724023953543,0.0505819862232225,0.998719912022241,0.0379382252180666,0.999280086395853,0.0284526440817103,0.999595141567204,0.0213377334143245,0.999772324648337,0.0160015742390769,0.999871966614662,0.0119997120020736,0.999928000863996,0.00899860906388821,0.999959511697806,0.00674804468795378,0.999977231687247,0.00506033644421741,0.99998719641557,0.00379472408484895,0.99999280000864,0.00284564460625381,0.999995951145191,0.00213393367250406,0.999997723160949,0.00160022503564045,0.999998719639098
0.420167036826641,0.907446781450196,-0.318215705565007,-0.948018335651671,0.855880990615554,0.517172824018179,-0.718143442012987,0.695895104662865,-0.824528451684396,-0.56582049482405,0.0587729473586713,-0.998271376259369,0.737816240431332,-0.675001626187504,0.98678031572124,-0.162063594015095,0.963558185417193,0.267498828624588,0.827624704094073,0.5612818803179,0.667647027107459,0.744477969583098,0.521156494041471,0.853461134861103,0.399614340635399,0.916683357958753,0.303418820865391,0.952857292119159,0.22912271201245,0.973397546144462,0.172490772017438,0.98501113372836,0.129634142619695,0.991561893714788,0.097331909366485,0.99525197785238,0.0730392750075837,0.997329065206849,0.0547930909451818,0.998497730185038,0.0410980313538935,0.999155118997463,0.0308229754946442,0.999524859211444,0.0231155732790414,0.99973279943792,0.0173349103131656,0.999849739153056,0.0129996338364274,0.999915501190035,0.00974847031085264,0.999952482534344,0.00731037211298413,0.999973278872776,0.00548202708598653,0.999984973576618,0.00411094937902198,0.9999915500119,0.00308278093445149,0.999995248219565,0.00231176117394466,0.999997327876567,0.00173357699349445,0.999998497354275
0.99060735569487,0.136737218207834,-0.878990492227038,-0.476839296382408,0.999823343125393,-0.0187958118090645,-0.370395026589151,0.928874331800606,-0.959605329906902,-0.281349623803313,-0.177386831437455,-0.984141205332131,0.60677853793956,-0.794870936628035,0.956471922098255,-0.291824368820819,0.98544972998846,0.169967142900241,0.867349522357904,0.497699513828892,0.708434674081838,0.705776389912953,0.556672673601731,0.830731926956645,0.428397792054389,0.903590245500096,0.325927201970273,0.945394869361913,0.246395301337995,0.969169415261624,0.185610380681305,0.982623420534714,0.139543114644236,0.990215996212637,0.104792439692897,0.994494114906273,0.0786464840812991,0.996902568229037,0.0590032212943307,0.998257792294602,0.0442574265097493,0.999020160056209,0.0331931335773305,0.999448956116978,0.0248933400459166,0.999690112795639,0.0186682155609448,0.99982573367951,0.0139995426711485,0.999902001600656,0.0104983260758496,0.999944891056305,0.00787269722627189,0.999969009838997,0.00590371675289807,0.999982572912399,0.00442717426210007,0.999990200016007,0.00331991708929166,0.999994489060075,0.00248958860228096,0.999996900969494,0.0018669289205206,0.999998257286684
0.650287840157117,-0.759687912858821,-0.968206175054709,0.250153558011733,0.83583832329724,-0.548975680069398,0.0422496646259744,0.999107084270246,-0.999518685431275,0.0310225317106176,-0.4036180736467,-0.91492756578088,0.456603324904016,-0.889670390474246,0.909179975534144,-0.416403376652655,0.997494986604054,0.0707372016677034,0.902199161061958,0.431319688605909,0.746982644212681,0.664843537416911,0.591199080295828,0.806525664475327,0.456752881379951,0.889593618092617,0.348252309329259,0.937400836913878,0.263589975681114,0.964634814176033,0.19869698312247,0.980060972030837,0.149438132473599,0.988771077936042,0.112247077134983,0.99368032770839,0.0842512061413717,0.996444546507092,0.0632123024028988,0.998000102617692,0.0474163790917088,0.99887521092168,0.035563105001397,0.999367432710642,0.0266710280931595,0.999644264856481,0.0200014876114256,0.999799950236711,0.0149994375063281,0.999887502109359,0.0112481759372043,0.999936737267956,0.00843501984999427,0.99996442458726,0.00632540536996384,0.999979994423341,0.00474339870246074,0.999988750021094,0.00355705305743917,0.999993673666762,0.00266741595188955,0.999996442439742,0.00200028081434754,0.999997999436331
-0.287903316665065,-0.957659480323385,-0.538000498637733,0.842944519802787,0.414430329338712,-0.910081041514549,0.447491864741515,0.894288002262225,-0.940310333162012,0.340318200143257,-0.607258367143153,-0.794504421343664,0.292027057120649,-0.9564100574071,0.845744213463539,-0.533588535664832,0.999573603041505,-0.0291995223012884,0.931977738105773,0.362515510944357,0.783169070235122,0.621808819032872,0.624674325623603,0.78088538653678,0.484651255885604,0.874707471197375,0.370381589200198,0.928879689939195,0.280701297751638,0.959795176816672,0.211748252211852,0.977324243884918,0.159318206614246,0.987227283375627,0.119695402489638,0.992810662021135,0.089853263951395,0.995955014524894,0.0674202594217745,0.997724665736746,0.0505748575102726,0.998720273043366,0.0379328764395213,0.999280289450875,0.0284486317992282,0.999595255765428,0.0213347240936781,0.99977238887051,0.0159993173420714,0.999872002730643,0.0119980194732451,0.999928021173884,0.00899733980632923,0.999959523119016,0.00674709286219581,0.999977238109903,0.00505962266848154,0.999987200027307,0.00379418882555889,0.999992802039673,0.00284524321714705,0.999995952287326,0.0021336326726039,0.999997723803219
-0.961397491879557,-0.275163338051597,0.180830635328015,0.983514250698416,-0.134614654902043,-0.99089802436255,0.774329784605106,0.632782256920506,-0.787851932206761,0.615864703419568,-0.776909740114823,-0.629611988223476,0.11824039289892,-0.992984999628448,0.767291030293422,-0.641299052573181,0.991664810452469,-0.128844494295524,0.956517874703309,0.291673713887737,0.816879550774725,0.576808286630908,0.657038890066523,0.753856681962925,0.51206501952163,0.858946689720796,0.392302597957669,0.919836220006401,0.29772385661701,0.954652033570921,0.224761867103535,0.974413722756475,0.169182349066996,0.985584766909561,0.12713699690871,0.991885166749173,0.0954524803592132,0.995433987762762,0.0716270175218354,0.997431486549791,0.0537328301806827,0.998555347970644,0.0403024345655055,0.999187526827719,0.0302261455428479,0.999543085677462,0.0226679226368356,0.999743049629919,0.0169991811784987,0.999855503480008,0.012747856262304,0.99991874277899,0.0095596569174556,0.999954305435814,0.00716877915460617,0.999974303972573,0.00537584612854009,0.9999855500348,0.00403132438031569,0.999991874178856,0.00302307039243005,0.999995430512261,0.00226698449291831,0.999997430387353
-0.750987246771676,0.66031670824408,0.802650102961594,0.596450175803262,-0.642200778187824,-0.766536470427176,0.965498714207438,0.260407820281541,-0.557262696733741,0.830336249256311,-0.903076618116218,-0.429479477753914,-0.0592755178671683,-0.998241660612088,0.675213476628819,-0.73762237017245,0.973847630878195,-0.227202094693087,0.975681636182037,0.219192483486872,0.848007512021072,0.529984206892839,0.688235228914331,0.725487608220319,0.538966760808797,0.842327033131,0.414003009090216,0.910275512394048,0.314652269413319,0.94920701080062,0.23773551364747,0.97132992620982,0.179029573425824,0.983843692788121,0.134571441922554,0.990903893936685,0.101048678302523,0.994881482696966,0.0758325018952792,0.997120570270367,0.0568902655232387,0.998380437352763,0.0426717660543513,0.999089145362816,0.0320035637030279,0.999487754757559,0.024001080870099,0.999711932567111,0.0179990280157463,0.999838004373953,0.0134976858827169,0.999908902088491,0.0101219710055531,0.999948771539304,0.00759046417220731,0.999971192011875,0.00569206905101402,0.99998380004374,0.00426845970837446,0.999990890084364,0.00320089747211518,0.999994877114564,0.0024003362729194,0.999997119188739
0.149877209662952,0.988704618186669,0.993865409808232,-0.110596325376184,-0.952000763051761,-0.306095650326602,0.987504274068195,-0.157592222831738,-0.271410031977153,0.962463814666381,-0.978697301842274,-0.205308527262392,-0.234921906596399,-0.972014247735656,0.571146523629074,-0.820848127576852,0.946300087687415,-0.323289566863503,0.989361307283183,0.145479220684298,0.876454544654941,0.481484611544025,0.718207874580454,0.695828605973215,0.565329580247555,0.824865119699653,0.435470620131731,0.900202943231184,0.331481183047474,0.943461830327781,0.250666884800994,0.968073402622015,0.1888588949765,0.98200423511727,0.141998319463562,0.989866898764437,0.106641680814474,0.994297516799204,0.0800366377569541,0.996791922427425,0.0600471319636136,0.998195542938829,0.0450408575823349,0.998985145609407,0.0337808806590801,0.99942926318069,0.0253341964227408,0.99967903773742,0.0189988568539673,0.999819505429976,0.0142475079128236,0.999898499107922,0.0106842818928024,0.999942921431236,0.00801214784001185,0.999967902228361,0.00600829140428105,0.9999819500543,0.00450559479640011,0.999989849756252,0.00337872445057904,0.999994292094253,0.00253368801023581,0.999996790207382
