"DATE","Uniform_EconomicLevel","Uniform_EconomicSlope","Uniform_EconomicCurvature","Entropy_EconomicLevel","Entropy_EconomicSlope","Entropy_EconomicCurvature","PER_EconomicLevel","PER_EconomicSlope","PER_EconomicCurvature"
1,1.69938278198242,0.384057402610779,-0.271623551845551,1.23741745948792,0.464340299367905,-0.493507146835327,0.905347645282745,0.437867313623428,-0.195757985115051
2,1.72594022750854,0.387730419635773,-0.246758535504341,1.29810845851898,0.457253694534302,-0.4342060983181,1.19449090957642,0.531114161014557,-0.277689516544342
3,1.84112620353699,0.379255264997482,-0.292554527521133,1.38515019416809,0.528680026531219,-0.355721950531006,1.4089103937149,0.516651272773743,-0.278613835573196
4,1.80134785175323,0.381356716156006,-0.258045166730881,1.43034112453461,0.637579083442688,-0.437603205442429,1.31997919082642,0.39706689119339,-0.289547711610794
5,1.78808069229126,0.44715541601181,-0.326085269451141,1.3492157459259,0.659406721591949,-0.41044420003891,1.34563803672791,0.415665805339813,-0.331379443407059
6,1.77470278739929,0.409857034683228,-0.306235671043396,1.54455053806305,0.557472884654999,-0.365023255348206,1.26125085353851,0.445169001817703,-0.301939994096756
7,1.83016657829285,0.470108687877655,-0.324462205171585,1.35804235935211,0.645664989948273,-0.344226509332657,1.15073502063751,0.48862412571907,-0.30500653386116
8,1.89992952346802,0.446995735168457,-0.333882540464401,1.21567380428314,0.659072756767273,-0.301687836647034,1.17166662216187,0.445118546485901,-0.286648124456406
9,1.8747866153717,0.456434994935989,-0.316563308238983,1.4017448425293,0.640746474266052,-0.307128697633743,1.14115929603577,0.434904962778091,-0.262687742710114
10,1.78518784046173,0.487499117851257,-0.295241445302963,1.16272139549255,0.669202744960785,-0.320560544729233,1.00696313381195,0.427058815956116,-0.23599798977375
11,1.7707052230835,0.463248193264008,-0.32028004527092,1.26795828342438,0.66555392742157,-0.310118556022644,1.03593039512634,0.428137838840485,-0.267105966806412
12,1.8053925037384,0.443058997392654,-0.306795328855515,1.33703875541687,0.666080296039581,-0.334739595651627,1.09996891021729,0.463659793138504,-0.259752869606018
13,1.75761520862579,0.450624942779541,-0.300251811742783,1.26648652553558,0.654142022132874,-0.375781893730164,1.03066492080688,0.496040314435959,-0.232510283589363
14,1.71530663967133,0.447083830833435,-0.334803938865662,1.11897110939026,0.708374798297882,-0.394497215747833,1.03932571411133,0.487654000520706,-0.228759229183197
15,1.67093908786774,0.453653991222382,-0.30244168639183,1.30436563491821,0.663662314414978,-0.39987912774086,1.02378797531128,0.476209282875061,-0.260598421096802
16,1.60653376579285,0.429758846759796,-0.299060463905334,1.12887215614319,0.664380848407745,-0.437445729970932,0.864734828472137,0.480416029691696,-0.251470416784286
17,1.6474996805191,0.423639327287674,-0.320182532072067,1.26823163032532,0.632928729057312,-0.447450369596481,0.991140902042389,0.529892921447754,-0.304805189371109
18,1.63253796100616,0.422815352678299,-0.292665660381317,1.29395198822021,0.626394867897034,-0.447146087884903,1.04802787303925,0.562292098999023,-0.265349477529526
19,1.69007277488708,0.391030937433243,-0.339517712593079,1.50024306774139,0.6667640209198,-0.438369631767273,1.37223589420319,0.597376704216003,-0.290545850992203
20,1.59517383575439,0.441721111536026,-0.316237241029739,1.47171199321747,0.661273956298828,-0.429487317800522,1.27681517601013,0.529193043708801,-0.289222866296768
21,1.5967139005661,0.472493410110474,-0.313606142997742,1.40639996528625,0.725440979003906,-0.431593239307404,1.04799616336823,0.450051963329315,-0.356751441955566
22,1.61730623245239,0.466133296489716,-0.324359446763992,1.38399028778076,0.742539942264557,-0.405787795782089,0.915372788906097,0.484523087739944,-0.216622442007065
23,1.61043202877045,0.445944488048553,-0.306172221899033,1.40847170352936,0.794255793094635,-0.427352130413055,1.13110256195068,0.552913546562195,-0.32261711359024
24,1.72105884552002,0.480903029441833,-0.318677395582199,1.35666871070862,0.785935938358307,-0.350977420806885,1.0783224105835,0.580591082572937,-0.319232165813446
25,1.77740228176117,0.485722959041595,-0.287491917610168,1.54617440700531,0.798781394958496,-0.395530372858047,1.13984322547913,0.596057176589966,-0.294369161128998
26,1.70412480831146,0.504087507724762,-0.305173993110657,1.49897027015686,0.834414005279541,-0.378189027309418,1.08610928058624,0.565996766090393,-0.269790530204773
27,1.70363068580627,0.495010852813721,-0.288965791463852,1.52401828765869,0.77588164806366,-0.366878926753998,1.23417663574219,0.571236789226532,-0.326933860778809
28,1.63603460788727,0.487878084182739,-0.274806499481201,1.53418004512787,0.694400131702423,-0.368563294410706,1.20691573619843,0.54449450969696,-0.277131378650665
29,1.6943975687027,0.496963560581207,-0.295883625745773,1.38353836536407,0.696843147277832,-0.334809005260468,1.25279533863068,0.631026387214661,-0.337027698755264
30,1.84536135196686,0.505732119083405,-0.303007334470749,1.36134111881256,0.673073947429657,-0.327087074518204,1.0730437040329,0.538576722145081,-0.245875552296638
31,1.8303314447403,0.524032533168793,-0.287302017211914,1.44767427444458,0.610720574855804,-0.304850488901138,1.10494196414948,0.514525413513184,-0.239900052547455
32,1.8144668340683,0.524549245834351,-0.260178714990616,1.22517514228821,0.520009756088257,-0.368088275194168,0.963428318500519,0.494837313890457,-0.226528659462929
33,1.73648929595947,0.532303214073181,-0.267304509878159,1.09990096092224,0.558942019939423,-0.424704909324646,0.767279863357544,0.474142402410507,-0.189475104212761
34,1.80571150779724,0.505282819271088,-0.276693880558014,1.20617127418518,0.512176275253296,-0.415567606687546,0.986783683300018,0.555079996585846,-0.234909132122993
35,1.9023345708847,0.531706392765045,-0.27697828412056,1.15191984176636,0.57020103931427,-0.358690351247787,0.978701174259186,0.528902530670166,-0.237456128001213
36,1.97764897346497,0.507269382476807,-0.266095459461212,1.19358706474304,0.5664022564888,-0.381315112113953,0.958920955657959,0.470470011234283,-0.201847717165947
37,1.96290040016174,0.522460460662842,-0.267141819000244,1.25524854660034,0.606196701526642,-0.454381465911865,0.990377604961395,0.46097868680954,-0.178859680891037
38,1.87036752700806,0.509235143661499,-0.24778838455677,1.2657243013382,0.542155206203461,-0.457268059253693,1.08488774299622,0.504365622997284,-0.208451271057129
39,1.82992780208588,0.525281190872192,-0.252070009708405,1.28181648254395,0.589964985847473,-0.5225949883461,1.09817016124725,0.390999346971512,-0.216974377632141
40,1.80331671237946,0.529466986656189,-0.257699608802795,1.32025861740112,0.569585382938385,-0.460028558969498,1.18929886817932,0.442579746246338,-0.177100956439972
41,1.83667314052582,0.522875189781189,-0.258150994777679,1.31029307842255,0.629859328269958,-0.459304511547089,1.20850813388824,0.481491655111313,-0.241287425160408
42,1.95613443851471,0.521582186222076,-0.276712954044342,1.33754086494446,0.608095049858093,-0.425011187791824,1.24181687831879,0.43976554274559,-0.230500057339668
43,1.93709087371826,0.515066742897034,-0.239630058407784,1.27760338783264,0.619049608707428,-0.444830864667892,1.11551678180695,0.39159694314003,-0.196251466870308
44,1.87354266643524,0.514523267745972,-0.23980487883091,1.24829292297363,0.659581303596497,-0.432059496641159,1.17854833602905,0.482290953397751,-0.209326341748238
45,1.88674771785736,0.517190635204315,-0.27208685874939,1.25696241855621,0.681586861610413,-0.42682558298111,1.11045157909393,0.453413009643555,-0.154970481991768
46,1.87645554542542,0.462230324745178,-0.250945657491684,1.31343579292297,0.630886971950531,-0.434790015220642,1.30087983608246,0.526576459407806,-0.150325357913971
47,1.81298565864563,0.505707502365112,-0.285705178976059,1.17589795589447,0.709302306175232,-0.419852077960968,1.23617684841156,0.513388931751251,-0.224962398409843
48,1.73299646377563,0.508874654769897,-0.221887186169624,1.09893560409546,0.650267481803894,-0.43749338388443,1.0436532497406,0.376885235309601,-0.109658688306808
49,1.76778829097748,0.467101454734802,-0.311234205961227,1.02955114841461,0.633935034275055,-0.42454931139946,1.17948114871979,0.401943862438202,-0.157765552401543
50,1.77611494064331,0.430443733930588,-0.2417301684618,1.2466778755188,0.583796560764313,-0.407595992088318,1.15604138374329,0.381932735443115,-0.14326947927475
51,1.71674466133118,0.369539856910706,-0.23835676908493,1.12383031845093,0.590203046798706,-0.456067442893982,1.13926577568054,0.461573362350464,-0.107889600098133
52,1.78799104690552,0.412525206804276,-0.270673364400864,1.18651235103607,0.604074716567993,-0.426045179367065,1.37572371959686,0.567804038524628,-0.168400600552559
53,1.73948562145233,0.427416026592255,-0.214638292789459,1.06079483032227,0.396968454122543,-0.396836370229721,1.04157865047455,0.36263969540596,-0.259218394756317
54,1.76985955238342,0.416492015123367,-0.247301131486893,1.08404445648193,0.35898694396019,-0.493165850639343,0.956831574440002,0.155262753367424,-0.256606668233871
55,1.80048179626465,0.383904606103897,-0.19647029042244,1.22046768665314,0.318367063999176,-0.28072002530098,1.08195865154266,0.0976955071091652,-0.310340136289597
56,1.76831805706024,0.397260159254074,-0.238294363021851,1.26782846450806,0.342788100242615,-0.298515498638153,1.31264090538025,0.230529695749283,-0.36003166437149
57,1.7826042175293,0.417548030614853,-0.235423758625984,1.41150963306427,0.234989583492279,-0.221448287367821,1.48319172859192,0.204317688941956,-0.411636412143707
58,1.81899130344391,0.427373856306076,-0.252028852701187,1.41383564472198,0.285754591226578,-0.370836049318314,1.55345702171326,0.35612228512764,-0.402113884687424
59,1.82418751716614,0.460271805524826,-0.245752543210983,1.12809717655182,0.307809323072433,-0.390456169843674,1.35866737365723,0.313481718301773,-0.398028761148453
60,1.89617919921875,0.430809319019318,-0.282297700643539,1.18073832988739,0.358086287975311,-0.463576376438141,1.34687054157257,0.350297451019287,-0.437494486570358
61,1.91635239124298,0.4239142537117,-0.2533800303936,1.23645198345184,0.361477851867676,-0.445859223604202,1.47936046123505,0.39444237947464,-0.468171089887619
62,1.85475635528564,0.458480030298233,-0.26044899225235,1.13073372840881,0.410298526287079,-0.418099343776703,1.42212450504303,0.410918265581131,-0.409803003072739
63,1.8820059299469,0.462657332420349,-0.285723298788071,1.08987581729889,0.345765352249146,-0.39261582493782,1.38329315185547,0.398823261260986,-0.440732508897781
64,1.88598930835724,0.446477383375168,-0.265053927898407,1.11689066886902,0.361014127731323,-0.413821458816528,1.31562006473541,0.492260009050369,-0.411085337400436
65,1.95712649822235,0.46518349647522,-0.236577570438385,1.03338146209717,0.367937535047531,-0.398973017930984,1.41144275665283,0.493094831705093,-0.377486646175385
66,1.89333486557007,0.475168764591217,-0.230855196714401,1.22241914272308,0.404550999403,-0.341422498226166,1.32250082492828,0.57692551612854,-0.357734948396683
67,1.92289757728577,0.46320641040802,-0.253213346004486,1.27362143993378,0.289618015289307,-0.373318880796432,1.25664889812469,0.60733562707901,-0.338701188564301
68,1.90319788455963,0.467486977577209,-0.262130200862885,1.25907111167908,0.27645805478096,-0.269325762987137,1.16275084018707,0.506308794021606,-0.332765340805054
69,1.85021436214447,0.498802840709686,-0.239473581314087,1.19421458244324,0.309424221515656,-0.294147819280624,0.91647469997406,0.522531032562256,-0.303327798843384
70,1.83750104904175,0.447064131498337,-0.212294667959213,1.18480706214905,0.211574301123619,-0.219827279448509,1.19554138183594,0.447274953126907,-0.355135679244995
71,1.85694169998169,0.443334698677063,-0.178955227136612,1.34581911563873,0.223942816257477,-0.183389663696289,1.0687667131424,0.485584646463394,-0.243033975362778
72,1.9371885061264,0.37417796254158,-0.193545147776604,1.47072899341583,0.249004900455475,-0.207877978682518,1.26145434379578,0.481891304254532,-0.242542028427124
73,1.97413730621338,0.404921025037766,-0.225386783480644,1.68379354476929,0.350445240736008,-0.293810606002808,1.55746650695801,0.476164489984512,-0.216362342238426
74,2.00167059898376,0.432548820972443,-0.260860055685043,1.76126062870026,0.330436557531357,-0.381635963916779,1.6314263343811,0.44230392575264,-0.203510105609894
75,1.99156737327576,0.45383408665657,-0.25328740477562,1.70159471035004,0.438511788845062,-0.409353733062744,1.79357612133026,0.49797335267067,-0.261553347110748
76,2.05638837814331,0.412591367959976,-0.262564718723297,1.70128226280212,0.485405594110489,-0.496594280004501,1.77997994422913,0.417503297328949,-0.286807388067245
77,2.01103973388672,0.426674574613571,-0.242368027567863,1.56884145736694,0.41620135307312,-0.479269236326218,1.69469249248505,0.436012774705887,-0.237007573246956
78,2.07002472877502,0.400492995977402,-0.235123991966248,1.74664080142975,0.490603059530258,-0.490756779909134,1.76021909713745,0.433549016714096,-0.304567754268646
79,2.05098605155945,0.418413072824478,-0.25362241268158,1.47868263721466,0.43800488114357,-0.475779682397842,1.71838402748108,0.376873135566711,-0.227752357721329
80,2.08549404144287,0.408771008253098,-0.265167564153671,1.65249598026276,0.619895458221436,-0.440471649169922,1.78250086307526,0.419829368591309,-0.300764709711075
81,2.03956699371338,0.406445503234863,-0.269840866327286,1.62242043018341,0.639883875846863,-0.513049244880676,1.731480717659,0.464566975831985,-0.266744554042816
82,2.06933832168579,0.39196366071701,-0.247363090515137,1.89658868312836,0.689282059669495,-0.474776864051819,1.86265921592712,0.421151578426361,-0.360290884971619
83,2.01412320137024,0.430434077978134,-0.23650923371315,1.65328669548035,0.654111325740814,-0.474658131599426,1.75599372386932,0.432154983282089,-0.330663710832596
84,2.01123642921448,0.438551008701324,-0.242212995886803,1.68790781497955,0.644440531730652,-0.448916614055634,1.81767892837524,0.51678478717804,-0.372628927230835
85,1.96202516555786,0.489471852779388,-0.238810658454895,1.53513181209564,0.657906889915466,-0.471533119678497,1.74854576587677,0.543797016143799,-0.387143731117249
86,1.93790948390961,0.496188461780548,-0.233610019087791,1.67274975776672,0.693159937858582,-0.447291493415833,1.77508521080017,0.572719514369965,-0.381989389657974
87,1.98586916923523,0.468326508998871,-0.200954407453537,1.75070261955261,0.555081605911255,-0.374755501747131,1.79547727108002,0.469022899866104,-0.27036926150322
88,1.91573357582092,0.500434875488281,-0.192469984292984,1.66438317298889,0.694769084453583,-0.385877519845963,1.83160638809204,0.570587992668152,-0.371704697608948
89,1.87687015533447,0.505015313625336,-0.213753923773766,1.78257608413696,0.560487449169159,-0.390606045722961,1.69948029518127,0.625980198383331,-0.374839395284653
90,1.90757060050964,0.501269519329071,-0.1798465102911,1.79948556423187,0.598722457885742,-0.426377952098846,1.61204791069031,0.618304908275604,-0.348756641149521
91,1.88395345211029,0.541838884353638,-0.205906510353088,1.92031288146973,0.52812671661377,-0.381224304437637,1.74257624149323,0.542560458183289,-0.315377295017242
92,1.82500028610229,0.497080326080322,-0.192306578159332,1.87750947475433,0.553762197494507,-0.389924228191376,1.77479445934296,0.51915830373764,-0.306731730699539
93,1.81852042675018,0.520835041999817,-0.223718613386154,1.90934073925018,0.585787117481232,-0.372203528881073,1.87318968772888,0.52313357591629,-0.354880839586258
94,1.82641005516052,0.515400767326355,-0.26200333237648,1.87346255779266,0.550322771072388,-0.367192775011063,1.84040296077728,0.48638853430748,-0.358734488487244
95,1.82403492927551,0.501756906509399,-0.218256294727325,1.65685844421387,0.554350197315216,-0.42083141207695,1.70752239227295,0.409217834472656,-0.298741787672043
96,1.8828798532486,0.52554315328598,-0.270243257284164,1.8435765504837,0.567714929580688,-0.406557828187943,1.73511207103729,0.459229439496994,-0.350588351488113
97,1.8691953420639,0.537974417209625,-0.226018235087395,1.80752050876617,0.530853033065796,-0.426478415727615,1.81064105033875,0.520775735378265,-0.371190398931503
98,1.82388722896576,0.534976661205292,-0.253862172365189,1.86310148239136,0.529873609542847,-0.389451265335083,1.75179576873779,0.463959902524948,-0.349255710840225
99,1.75230467319489,0.502314150333405,-0.278310924768448,1.83991229534149,0.460970133543015,-0.418963611125946,1.84905576705933,0.474146634340286,-0.369761735200882
100,1.91058266162872,0.512409329414368,-0.283679276704788,1.81303632259369,0.529011607170105,-0.401162356138229,1.81740784645081,0.54052472114563,-0.425652265548706
101,1.91327488422394,0.525735676288605,-0.27531760931015,1.82266676425934,0.466353327035904,-0.408862411975861,1.90202808380127,0.542728126049042,-0.381198912858963
102,2.00120854377747,0.474474787712097,-0.328739702701569,1.84707832336426,0.450879752635956,-0.362650215625763,1.82839345932007,0.611652374267578,-0.380561321973801
103,1.88770711421967,0.539503633975983,-0.289449006319046,1.71656334400177,0.483662307262421,-0.409873455762863,1.59911406040192,0.576529145240784,-0.349595308303833
104,1.93739449977875,0.50307559967041,-0.322158545255661,1.61717116832733,0.580636262893677,-0.356884300708771,1.56045615673065,0.722901165485382,-0.361440807580948
105,2.00547671318054,0.527380585670471,-0.314255923032761,1.4792937040329,0.591800808906555,-0.403413832187653,1.48448860645294,0.680470705032349,-0.317839384078979
106,2.04765701293945,0.502446532249451,-0.293155640363693,1.52097380161285,0.630295097827911,-0.396964311599731,1.58177006244659,0.752337634563446,-0.32107338309288
107,2.01330518722534,0.513071060180664,-0.274400234222412,1.46659028530121,0.631780505180359,-0.399244248867035,1.63335931301117,0.674162089824677,-0.301894128322601
108,1.96259570121765,0.547626316547394,-0.271818846464157,1.40637004375458,0.628905713558197,-0.417014330625534,1.56490159034729,0.664766192436218,-0.333978086709976
109,1.99028253555298,0.532283306121826,-0.274307757616043,1.35801672935486,0.635164737701416,-0.435022354125977,1.30757284164429,0.656949698925018,-0.299744576215744
110,1.96874713897705,0.543965458869934,-0.246539652347565,1.32561242580414,0.612654447555542,-0.528483808040619,1.35633909702301,0.630279064178467,-0.278892189264297
111,1.92840206623077,0.568174779415131,-0.274813771247864,1.33717751502991,0.6114102602005,-0.569305300712585,1.30931735038757,0.579838633537292,-0.229399710893631
112,1.93142378330231,0.543809592723846,-0.273893535137177,1.36229228973389,0.6016885638237,-0.475253492593765,1.3673620223999,0.596216380596161,-0.26281014084816
113,1.97489738464355,0.529356420040131,-0.249211192131042,1.33072137832642,0.651354849338531,-0.527998983860016,1.49001669883728,0.529667973518372,-0.214684218168259
114,1.99068427085876,0.515475451946259,-0.269751399755478,1.46288001537323,0.636252045631409,-0.480692178010941,1.60704684257507,0.575590491294861,-0.296233892440796
115,1.99448251724243,0.48962265253067,-0.294673651456833,1.41236162185669,0.631571590900421,-0.473387151956558,1.44492864608765,0.460990160703659,-0.256992965936661
116,2.03821516036987,0.483717679977417,-0.262650430202484,1.47353088855743,0.654015421867371,-0.461161643266678,1.49598586559296,0.598899960517883,-0.240866556763649
117,2.00120282173157,0.487582325935364,-0.279955923557281,1.39723896980286,0.645443499088287,-0.494162082672119,1.5772705078125,0.642003059387207,-0.310820788145065
118,2.00240349769592,0.471804440021515,-0.260416477918625,1.56609380245209,0.680276930332184,-0.452145934104919,1.39677202701569,0.568094193935394,-0.318989098072052
119,1.99863314628601,0.498841464519501,-0.256828814744949,1.54494786262512,0.675336718559265,-0.454337596893311,1.32238173484802,0.579348623752594,-0.289256989955902
120,2.01606822013855,0.496894657611847,-0.293893307447433,1.61227142810822,0.744264841079712,-0.434259682893753,1.48075687885284,0.528812050819397,-0.288358509540558
121,1.96781444549561,0.498840391635895,-0.272820383310318,1.557652592659,0.748647391796112,-0.444189965724945,1.52888441085815,0.529810607433319,-0.280452787876129
122,1.96317410469055,0.537293553352356,-0.244524344801903,1.56922459602356,0.785093724727631,-0.465521931648254,1.60667061805725,0.547629177570343,-0.338549047708511
123,1.97797203063965,0.530888259410858,-0.261672526597977,1.59500634670258,0.715501427650452,-0.43180787563324,1.61056065559387,0.506237089633942,-0.285656154155731
124,1.92567074298859,0.582040011882782,-0.24648754298687,1.47902393341064,0.708159744739532,-0.460233718156815,1.44507479667664,0.481987208127975,-0.221689864993095
125,1.89907276630402,0.562575876712799,-0.258746773004532,1.57933151721954,0.591409981250763,-0.404514998197556,1.64547824859619,0.478244692087173,-0.253213346004486
126,1.8919278383255,0.603422224521637,-0.248599961400032,1.49218380451202,0.686149477958679,-0.410839438438416,1.58511769771576,0.470047533512115,-0.26290887594223
127,1.89871084690094,0.59443736076355,-0.242398470640182,1.61108422279358,0.593767285346985,-0.43265438079834,1.66423892974854,0.510611355304718,-0.327436029911041
128,1.95338773727417,0.516311407089233,-0.242830500006676,1.61056363582611,0.578246712684631,-0.437333524227142,1.6205278635025,0.553928732872009,-0.25405552983284
129,1.88702666759491,0.529833137989044,-0.215241387486458,1.55734848976135,0.563005685806274,-0.453821450471878,1.73353624343872,0.562272131443024,-0.31472435593605
130,1.87956523895264,0.544777750968933,-0.251300722360611,1.42861449718475,0.661775350570679,-0.478323340415955,1.49584984779358,0.641994774341583,-0.275093764066696
131,1.93318343162537,0.501327514648438,-0.271280914545059,1.52499687671661,0.669325113296509,-0.408903360366821,1.60714268684387,0.604359209537506,-0.344422042369843
132,1.97720384597778,0.510300993919373,-0.26614060997963,1.54622793197632,0.676767885684967,-0.449341684579849,1.59343540668488,0.70608514547348,-0.345703482627869
133,2.00368332862854,0.509241461753845,-0.256637245416641,1.56713509559631,0.626656770706177,-0.441528916358948,1.56664252281189,0.587696850299835,-0.324657768011093
134,2.03857946395874,0.500459134578705,-0.268882066011429,1.66866886615753,0.629923462867737,-0.416250646114349,1.72379732131958,0.643125236034393,-0.326537787914276
135,1.91253709793091,0.561568737030029,-0.259845972061157,1.78051567077637,0.641515016555786,-0.435213804244995,1.69338691234589,0.661434829235077,-0.320032894611359
136,1.86136472225189,0.589932382106781,-0.244454920291901,1.83686172962189,0.536671578884125,-0.435284823179245,1.51668381690979,0.593992948532104,-0.309702157974243
137,1.82762253284454,0.58061683177948,-0.213986203074455,2.0046272277832,0.540222108364105,-0.418449342250824,1.73743855953217,0.677628934383392,-0.346466869115829
138,1.81887340545654,0.611524224281311,-0.206304237246513,1.7907383441925,0.48594543337822,-0.363939553499222,1.64117193222046,0.664191246032715,-0.300537824630737
139,1.80524885654449,0.553962767124176,-0.229852855205536,1.92223739624023,0.404793739318848,-0.403946042060852,1.79769432544708,0.6143758893013,-0.27733051776886
140,1.84132468700409,0.589317500591278,-0.246355280280113,1.85108923912048,0.429725497961044,-0.420108616352081,1.77403151988983,0.643955707550049,-0.36277112364769
141,1.8510434627533,0.536228835582733,-0.204864144325256,1.70692110061646,0.439291149377823,-0.345111221075058,1.76084530353546,0.531505107879639,-0.260426610708237
142,1.88499915599823,0.559767007827759,-0.229164153337479,1.87006521224976,0.32071179151535,-0.397296130657196,1.85569787025452,0.623721301555634,-0.268935084342957
143,1.8634877204895,0.54413765668869,-0.245795071125031,1.58071351051331,0.472710639238358,-0.343911796808243,1.73430252075195,0.626898944377899,-0.314051926136017
144,1.84156179428101,0.514143705368042,-0.269104778766632,1.62989163398743,0.447528541088104,-0.419115632772446,1.53367793560028,0.562065303325653,-0.231604784727097
145,1.83234441280365,0.480459272861481,-0.277507692575455,1.69997096061707,0.463841617107391,-0.398402184247971,1.66947793960571,0.517486333847046,-0.281771123409271
146,1.90451192855835,0.440229028463364,-0.269381165504456,1.69058871269226,0.339592218399048,-0.279046237468719,1.88440811634064,0.490843921899796,-0.303958535194397
147,1.92050397396088,0.439952343702316,-0.247942253947258,1.59134435653687,0.286483734846115,-0.336119472980499,1.92487704753876,0.347482085227966,-0.349027931690216
148,1.93060982227325,0.459472239017487,-0.243475764989853,1.66890287399292,0.352005869150162,-0.355400562286377,1.95519304275513,0.423784762620926,-0.362233132123947
149,1.95062792301178,0.474657654762268,-0.221025317907333,1.75730550289154,0.458944231271744,-0.435721963644028,1.91024196147919,0.517563760280609,-0.329052418470383
150,1.96279764175415,0.502920806407928,-0.258168399333954,1.93618488311768,0.460333228111267,-0.469960242509842,1.90226447582245,0.449454993009567,-0.313103049993515
151,1.914510846138,0.501948237419128,-0.300511926412582,1.95462155342102,0.463929265737534,-0.410001635551453,1.89642608165741,0.480832129716873,-0.337603151798248
152,1.92927694320679,0.484070003032684,-0.261641383171082,1.98208057880402,0.479060113430023,-0.455070078372955,1.84082520008087,0.496309846639633,-0.377934128046036
153,1.926384806633,0.508325219154358,-0.280051320791245,1.90500617027283,0.405868709087372,-0.421595931053162,1.74427783489227,0.483820408582687,-0.29472827911377
154,1.92275989055634,0.448693513870239,-0.264882922172546,1.9381400346756,0.435334414243698,-0.379294186830521,1.79044044017792,0.506580948829651,-0.28045728802681
155,1.99076008796692,0.467646539211273,-0.298424363136292,1.88045811653137,0.48787334561348,-0.410331964492798,1.71721720695496,0.556239426136017,-0.250628083944321
156,2.01930069923401,0.453846424818039,-0.281564623117447,1.98414075374603,0.427765756845474,-0.357602745294571,1.70411336421967,0.488297492265701,-0.234861880540848
157,2.00576949119568,0.444513589143753,-0.286665678024292,1.90673804283142,0.505715787410736,-0.372423946857452,1.76005613803864,0.487610846757889,-0.193290859460831
158,1.9897997379303,0.454832941293716,-0.310969561338425,1.78458821773529,0.460932433605194,-0.368945568799973,1.76745557785034,0.437856912612915,-0.17231447994709
159,1.98070597648621,0.454503685235977,-0.253090590238571,1.83829367160797,0.487156361341476,-0.326945602893829,1.78539001941681,0.454580903053284,-0.273260533809662
160,1.98395895957947,0.512190043926239,-0.287347882986069,1.86895287036896,0.520133972167969,-0.392607033252716,1.8870564699173,0.523774325847626,-0.257151186466217
161,1.97229552268982,0.478796422481537,-0.244740381836891,1.69794058799744,0.477866262197495,-0.362972855567932,1.70956587791443,0.461772441864014,-0.275107562541962
162,1.96781253814697,0.492666900157928,-0.223117157816887,1.69817578792572,0.46371653676033,-0.378109276294708,1.58870029449463,0.623889625072479,-0.226613193750381
163,2.02026391029358,0.458886623382568,-0.236775875091553,1.75282490253448,0.482980817556381,-0.434506267309189,1.6848076581955,0.617869436740875,-0.246315211057663
164,2.08215880393982,0.461470186710358,-0.253798127174377,1.87830364704132,0.444568753242493,-0.377521365880966,1.73283016681671,0.516499519348145,-0.233062908053398
165,2.05668568611145,0.466540694236755,-0.262747377157211,1.94499027729034,0.537086844444275,-0.396317183971405,1.86315095424652,0.549311757087708,-0.170410186052322
166,2.02933883666992,0.482496678829193,-0.255617439746857,1.8137880563736,0.494542747735977,-0.432665556669235,1.74956512451172,0.429227530956268,-0.151661887764931
167,2.01585602760315,0.509776532649994,-0.283146619796753,1.75632834434509,0.497693747282028,-0.517046391963959,1.65732419490814,0.428576350212097,-0.265433847904205
168,1.98184990882874,0.546610176563263,-0.224436163902283,1.95910286903381,0.55660492181778,-0.452039152383804,1.7009072303772,0.541453540325165,-0.327593624591827
169,2.02690124511719,0.527242839336395,-0.270994067192078,1.90223431587219,0.583741724491119,-0.475874304771423,1.7500376701355,0.539386391639709,-0.302414506673813
170,2.02946472167969,0.541516661643982,-0.275727063417435,1.89918553829193,0.644603788852692,-0.498047441244125,1.61911034584045,0.580042719841003,-0.383595645427704
171,2.01452326774597,0.559064328670502,-0.287023663520813,1.97250652313232,0.568996787071228,-0.46745178103447,1.56695890426636,0.544674277305603,-0.349890887737274
172,1.85687124729156,0.562803447246552,-0.244924977421761,2.07384514808655,0.519066631793976,-0.457384824752808,1.68674039840698,0.48941245675087,-0.345007210969925
173,1.82496094703674,0.558456361293793,-0.280751019716263,2.00928831100464,0.567006945610046,-0.422631114721298,1.66403305530548,0.493345826864243,-0.333342045545578
174,1.86929452419281,0.55255800485611,-0.27199774980545,2.07900738716125,0.514786064624786,-0.450875163078308,1.71241974830627,0.524236917495728,-0.356928616762161
175,1.86425638198853,0.53254371881485,-0.24185773730278,1.97849595546722,0.464905500411987,-0.437328964471817,1.69341790676117,0.511386454105377,-0.2926324903965
176,1.90080666542053,0.564650118350983,-0.27567657828331,1.8783164024353,0.560600161552429,-0.42869958281517,1.71767699718475,0.642933130264282,-0.34461385011673
177,1.90142714977264,0.567831575870514,-0.284871071577072,1.77206754684448,0.599669098854065,-0.453838109970093,1.55161869525909,0.593358814716339,-0.303536415100098
178,1.9365599155426,0.528638422489166,-0.289884358644485,1.78793847560883,0.611046254634857,-0.428774058818817,1.72982907295227,0.606345176696777,-0.304694473743439
179,1.85976839065552,0.55960339307785,-0.297604352235794,1.66718971729279,0.606017291545868,-0.410809814929962,1.6286004781723,0.536785006523132,-0.256522685289383
180,1.8639771938324,0.534819900989532,-0.297133475542068,1.78935170173645,0.583081722259521,-0.416416317224503,1.70747411251068,0.580048680305481,-0.323108971118927
181,1.8917510509491,0.553589046001434,-0.284007698297501,1.95655393600464,0.608672916889191,-0.429260700941086,1.82298672199249,0.521319806575775,-0.332397550344467
182,1.94492435455322,0.523704588413239,-0.307627648115158,1.99118912220001,0.590068101882935,-0.408676385879517,1.84932339191437,0.440147787332535,-0.30671700835228
183,1.92919838428497,0.510061264038086,-0.309893190860748,1.96582329273224,0.583467781543732,-0.370680123567581,1.81094264984131,0.411590844392776,-0.264793872833252
184,1.89650738239288,0.546365678310394,-0.289239346981049,1.97394204139709,0.571604073047638,-0.370370298624039,1.87501072883606,0.56301736831665,-0.3646499812603
185,1.95804834365845,0.545723855495453,-0.293965548276901,2.03035521507263,0.537120580673218,-0.404940366744995,1.87556886672974,0.597293853759766,-0.349437355995178
186,2.00068688392639,0.576123058795929,-0.302137434482574,1.82838785648346,0.582823574542999,-0.43367874622345,1.66216254234314,0.57571280002594,-0.287043333053589
187,1.86567604541779,0.582375884056091,-0.309396237134933,1.79949796199799,0.603815793991089,-0.403945744037628,1.6380443572998,0.574721395969391,-0.299509614706039
188,1.92434275150299,0.567885398864746,-0.32727038860321,1.80638957023621,0.566585063934326,-0.416628211736679,1.58105289936066,0.593492269515991,-0.336120963096619
189,1.9648642539978,0.544834136962891,-0.303850382566452,1.7654994726181,0.576449573040009,-0.425957888364792,1.68400239944458,0.629080176353455,-0.354054272174835
190,2.00665736198425,0.497387647628784,-0.279070138931274,1.74301815032959,0.495207101106644,-0.40595880150795,1.71240639686584,0.667441368103027,-0.330890536308289
191,1.96659421920776,0.535649716854095,-0.250453412532806,1.56713819503784,0.529240250587463,-0.443579018115997,1.6643123626709,0.674280345439911,-0.293513596057892
192,2.03664636611938,0.500409543514252,-0.290125668048859,1.60691630840302,0.587196469306946,-0.431993156671524,1.67790031433105,0.62334406375885,-0.318020731210709
193,2.02829813957214,0.497700452804565,-0.281441688537598,1.774254322052,0.521361470222473,-0.468158632516861,1.7737500667572,0.578654885292053,-0.28549712896347
194,2.04458665847778,0.51615583896637,-0.286601722240448,1.78456246852875,0.616299748420715,-0.504062950611115,1.80886077880859,0.577789306640625,-0.288724392652512
195,2.04198837280273,0.525654971599579,-0.2749884724617,1.89411854743958,0.556554913520813,-0.482053279876709,1.83478558063507,0.531374335289001,-0.27871161699295
196,2.0613067150116,0.527792572975159,-0.274595379829407,1.75078618526459,0.552695870399475,-0.490364760160446,1.76811158657074,0.50565367937088,-0.295048236846924
197,2.04922842979431,0.49063503742218,-0.256099343299866,1.83566498756409,0.519708275794983,-0.484771966934204,1.88782215118408,0.547038972377777,-0.262283205986023
