"DATE","Uniform_DTB3","Uniform_DGS2","Uniform_DGS5","Uniform_DGS7","Uniform_DGS10","Uniform_DGS30","Entropy_DTB3","Entropy_DGS2","Entropy_DGS5","Entropy_DGS7","Entropy_DGS10","Entropy_DGS30","PER_DTB3","PER_DGS2","PER_DGS5","PER_DGS7","PER_DGS10","PER_DGS30"
1,3.99640941619873,3.63942289352417,3.86964654922485,3.91765379905701,4.11877822875977,4.24686479568481,3.70528173446655,3.66592288017273,3.81395649909973,3.80053186416626,3.95151090621948,4.14774560928345,3.63683986663818,3.61568188667297,3.68834614753723,3.7890625,3.89915037155151,4.10866165161133
2,3.99947595596313,3.73476243019104,3.9537239074707,4.00921821594238,4.19497919082642,4.33334445953369,3.79957008361816,3.73847270011902,3.92787837982178,3.85457873344421,4.03376483917236,4.19151544570923,3.93500971794128,3.81015014648438,3.86822772026062,3.92894101142883,4.07231712341309,4.28135538101196
3,4.04787111282349,3.80784320831299,3.99943137168884,4.04869890213013,4.25639629364014,4.34279775619507,3.68722534179688,3.72233533859253,3.92563724517822,3.86735510826111,4.04743671417236,4.16619300842285,4.13602113723755,3.95537900924683,3.92850065231323,4.00180196762085,4.15943765640259,4.37955665588379
4,4.000563621521,3.77610635757446,3.99312663078308,4.04741954803467,4.22590303421021,4.34925556182861,3.65996289253235,3.65852069854736,3.89284372329712,3.85482096672058,4.08846998214722,4.15474128723145,4.21378183364868,3.88240003585815,3.90816187858582,3.94739747047424,4.15709638595581,4.32411623001099
5,3.95583033561707,3.67911171913147,3.9077684879303,3.9485399723053,4.17500782012939,4.28892230987549,3.58878231048584,3.69549417495728,3.97806525230408,3.90584993362427,4.14840269088745,4.34443187713623,4.08521270751953,3.91342949867249,3.92724633216858,4.05572080612183,4.23548126220703,4.4341926574707
6,3.91169190406799,3.68566656112671,3.8920271396637,3.98835206031799,4.23056411743164,4.34584712982178,3.85976696014404,3.82829332351685,4.08032655715942,4.07745265960693,4.23836088180542,4.31840991973877,4.04432582855225,3.76676249504089,3.77875423431396,3.862628698349,4.05935764312744,4.26883268356323
7,3.91081547737122,3.7232985496521,3.92671084403992,4.00289726257324,4.28843259811401,4.33724546432495,3.54357504844666,3.64905071258545,4.00546789169312,3.97013688087463,4.27750205993652,4.2869029045105,3.93345952033997,3.70192980766296,3.74616861343384,3.91512823104858,4.07215261459351,4.22239589691162
8,4.01312255859375,3.78103804588318,3.97214841842651,4.02767086029053,4.30118799209595,4.34321403503418,3.35899257659912,3.579421043396,3.96655678749084,3.9520046710968,4.17976093292236,4.32347917556763,3.95859789848328,3.75757694244385,3.79854321479797,3.95359015464783,4.15907430648804,4.31308317184448
9,4.00189065933228,3.75050902366638,3.94118499755859,4.01276206970215,4.30387878417969,4.34039783477783,3.64094209671021,3.73360538482666,4.04549837112427,4.06218433380127,4.26956844329834,4.35643339157104,3.91491198539734,3.70320892333984,3.73387932777405,3.90162944793701,4.10317373275757,4.23240852355957
10,3.89475727081299,3.67580342292786,3.86432862281799,3.93670392036438,4.25105953216553,4.27854061126709,3.42025661468506,3.65994191169739,3.97754406929016,3.96167635917664,4.20636606216431,4.31487512588501,3.75837182998657,3.59751081466675,3.64140486717224,3.80766820907593,4.04380083084106,4.2011661529541
11,3.92318248748779,3.66734051704407,3.86553835868835,3.94177603721619,4.24350166320801,4.30452060699463,3.51754665374756,3.65444946289062,3.94523072242737,3.98119354248047,4.15874195098877,4.29764699935913,3.7333390712738,3.59394550323486,3.62459516525269,3.83237147331238,4.03855848312378,4.25369834899902
12,3.95731854438782,3.69499063491821,3.8782742023468,3.96555852890015,4.26095342636108,4.30225801467896,3.5965678691864,3.66224384307861,3.95821213722229,4.00592660903931,4.19693660736084,4.3388671875,3.77800154685974,3.59647655487061,3.62103390693665,3.84869885444641,4.02716445922852,4.24894142150879
13,3.90535712242126,3.64788699150085,3.85030555725098,3.92963838577271,4.21574878692627,4.27351713180542,3.64651727676392,3.63193106651306,3.87940144538879,3.92509412765503,4.10096073150635,4.25795602798462,3.75702953338623,3.5947368144989,3.63105344772339,3.87977910041809,4.02281999588013,4.26457452774048
14,3.88468718528748,3.59166574478149,3.80270051956177,3.86033058166504,4.15306997299194,4.22236204147339,3.55386471748352,3.50886106491089,3.76034140586853,3.89643120765686,4.00697040557861,4.24062061309814,3.77507615089417,3.66259074211121,3.68629932403564,3.95733380317688,4.0863561630249,4.32381629943848
15,3.85372424125671,3.5717990398407,3.76652884483337,3.86383533477783,4.13429546356201,4.19581031799316,3.71038818359375,3.59630274772644,3.86422634124756,3.93938660621643,4.11518144607544,4.28728485107422,3.77969861030579,3.62967991828918,3.67369198799133,3.93089842796326,4.09509992599487,4.31488037109375
16,3.83675765991211,3.53967928886414,3.73348903656006,3.82169485092163,4.10703277587891,4.16010189056396,3.76866054534912,3.52292060852051,3.76644682884216,3.84985184669495,4.02700614929199,4.23372888565063,3.78781461715698,3.58374881744385,3.61876106262207,3.91957902908325,4.06362295150757,4.27325010299683
17,3.89898324012756,3.58194470405579,3.77810025215149,3.86331152915955,4.13433218002319,4.19848918914795,3.77185201644897,3.5421667098999,3.82923531532288,3.92822813987732,4.08333396911621,4.31062030792236,3.79524064064026,3.68875074386597,3.70839357376099,4.00596904754639,4.17170810699463,4.35987281799316
18,3.87676930427551,3.57994365692139,3.74990487098694,3.8502459526062,4.11745834350586,4.15753793716431,3.85217595100403,3.63511991500854,3.86701393127441,3.95494270324707,4.06889677047729,4.34261178970337,3.96170330047607,3.78883171081543,3.76869058609009,4.06935024261475,4.25584316253662,4.41420125961304
19,3.93279266357422,3.59487748146057,3.75836038589478,3.8597571849823,4.10863256454468,4.1684308052063,3.93458700180054,3.6886670589447,3.87096166610718,4.011878490448,4.08524990081787,4.26096773147583,4.08391666412354,3.87231469154358,3.92589473724365,4.16166543960571,4.30516004562378,4.48938417434692
20,3.78016257286072,3.48258376121521,3.6589834690094,3.78255748748779,4.02686548233032,4.0590386390686,3.75161266326904,3.65249300003052,3.80035185813904,3.95657300949097,3.9841194152832,4.16717767715454,3.99049878120422,3.8325629234314,3.87962961196899,4.10939598083496,4.26313543319702,4.54098463058472
21,3.81122231483459,3.54032158851624,3.72884345054626,3.81488728523254,4.06810998916626,4.12913799285889,3.59718203544617,3.51992177963257,3.80965375900269,3.98961687088013,3.9906542301178,4.22514295578003,3.69046545028687,3.71129822731018,3.76196050643921,3.95130658149719,4.13707447052002,4.44954490661621
22,3.81423687934875,3.52121543884277,3.69437575340271,3.80289721488953,4.06155109405518,4.10355138778687,3.71323370933533,3.62941527366638,3.83714580535889,3.95652604103088,4.00931167602539,4.21591663360596,3.61615967750549,3.60054063796997,3.64693737030029,3.85381841659546,4.04010343551636,4.29781723022461
23,3.85592818260193,3.57480311393738,3.74995040893555,3.84844374656677,4.09449243545532,4.17575263977051,3.76929783821106,3.64114451408386,3.88897585868835,4.01618671417236,4.11772537231445,4.24206876754761,3.81744480133057,3.74839425086975,3.7711136341095,3.98060202598572,4.18122100830078,4.41908407211304
24,3.83374571800232,3.64135003089905,3.80157256126404,3.90173387527466,4.14964389801025,4.22323608398438,3.57354593276978,3.640700340271,3.92560791969299,4.00216960906982,4.16517353057861,4.21907186508179,3.70465064048767,3.76520538330078,3.76282262802124,4.02630233764648,4.14673376083374,4.40868091583252
25,3.92795181274414,3.70151948928833,3.89990496635437,3.97475218772888,4.202965259552,4.27510976791382,3.72805070877075,3.66146898269653,3.94033694267273,4.0433464050293,4.1241283416748,4.29331541061401,3.74056768417358,3.78294539451599,3.793781042099,4.00246143341064,4.16487216949463,4.41296434402466
26,3.89474892616272,3.64365386962891,3.84955668449402,3.92099857330322,4.15876865386963,4.22929620742798,3.75797319412231,3.67133188247681,3.90293383598328,4.01728439331055,4.0733380317688,4.24960660934448,3.78354454040527,3.68422889709473,3.71083354949951,3.93591856956482,4.10355710983276,4.33842372894287
27,3.88756322860718,3.65127372741699,3.87604165077209,3.93537402153015,4.1900053024292,4.26721525192261,3.847252368927,3.77180099487305,4.04585409164429,4.07985067367554,4.17397212982178,4.34358024597168,3.94298386573792,3.82244801521301,3.83025860786438,4.01276826858521,4.18288469314575,4.43910646438599
28,3.87687492370605,3.64030003547668,3.86039304733276,3.93770575523376,4.18094921112061,4.26935815811157,3.8278694152832,3.76392149925232,3.9823956489563,4.02139949798584,4.13393688201904,4.26632881164551,3.89320993423462,3.66961884498596,3.68710017204285,3.88898396492004,3.99254417419434,4.23588466644287
29,3.88222765922546,3.65023636817932,3.87608194351196,3.95776629447937,4.22323036193848,4.30200958251953,3.687331199646,3.69949889183044,4.04379749298096,4.02143526077271,4.23130798339844,4.34364557266235,3.87133622169495,3.73177051544189,3.75040698051453,4.00196409225464,4.05141639709473,4.33880996704102
30,3.95428705215454,3.75218081474304,3.97142696380615,4.0479040145874,4.3052806854248,4.37151193618774,3.51989269256592,3.64757084846497,3.94222092628479,3.9084997177124,4.10531949996948,4.23723363876343,3.73612952232361,3.6404914855957,3.67059850692749,3.95010185241699,3.98076915740967,4.27139663696289
31,3.99491357803345,3.77555513381958,3.99639511108398,4.04831504821777,4.29691028594971,4.36770677566528,3.68001770973206,3.76579236984253,4.02425289154053,4.03720664978027,4.13262367248535,4.29269599914551,3.82287073135376,3.6477267742157,3.66099333763123,3.89367580413818,3.98656630516052,4.22057485580444
32,3.96596169471741,3.7999894618988,4.00773620605469,4.04480171203613,4.32936334609985,4.38315963745117,3.52106761932373,3.54659867286682,3.78657412528992,3.84483528137207,3.92835092544556,4.10950374603271,3.67805075645447,3.50980639457703,3.50669193267822,3.75589060783386,3.81524252891541,4.06767797470093
33,3.93525624275208,3.72593903541565,3.94669651985168,3.96927881240845,4.27879619598389,4.33929204940796,3.57689905166626,3.57249617576599,3.744952917099,3.78719806671143,3.91711592674255,4.16972160339355,3.61523628234863,3.50658321380615,3.48944234848022,3.72948408126831,3.82984614372253,4.11363792419434
34,3.99185252189636,3.79865503311157,3.98164200782776,4.054518699646,4.35991477966309,4.41166734695435,3.64905786514282,3.58447670936584,3.76016402244568,3.82964754104614,3.9555926322937,4.14687442779541,3.75162267684937,3.61670827865601,3.59088683128357,3.89135336875916,3.88388395309448,4.1516637802124
35,3.98645520210266,3.87255811691284,4.0539402961731,4.12528991699219,4.42168569564819,4.46874237060547,3.39348244667053,3.58883094787598,3.79878830909729,3.79062676429749,4.00010824203491,4.15625429153442,3.73860049247742,3.70830392837524,3.64898681640625,3.96155619621277,3.97947096824646,4.20433950424194
36,4.0750207901001,3.95993304252625,4.12291383743286,4.16534280776978,4.4433798789978,4.49445056915283,3.35946011543274,3.54645156860352,3.74648976325989,3.82037687301636,4.00026893615723,4.15877246856689,3.79018449783325,3.62042689323425,3.62894463539124,3.94542026519775,3.95502114295959,4.18169260025024
37,4.09015274047852,3.97682189941406,4.17609405517578,4.14257192611694,4.4373345375061,4.47553730010986,3.63698196411133,3.69370794296265,3.82131338119507,3.88294291496277,4.00381374359131,4.24870491027832,3.87934684753418,3.73625802993774,3.73825550079346,3.99506998062134,4.09065818786621,4.2707839012146
38,4.05180311203003,3.92009234428406,4.08141183853149,4.07059383392334,4.39529275894165,4.40350341796875,3.69378066062927,3.61701941490173,3.80937385559082,3.92637300491333,4.01676797866821,4.23159027099609,3.93627095222473,3.74394726753235,3.75247597694397,4.04325389862061,4.09712219238281,4.25796461105347
39,4.06807804107666,3.98000073432922,4.15957880020142,4.15013885498047,4.47625494003296,4.4670877456665,3.7809898853302,3.6955087184906,3.86245918273926,3.91594529151917,4.0267391204834,4.27008533477783,3.96579217910767,3.74607825279236,3.66477727890015,3.87977194786072,4.07071685791016,4.22933530807495
40,4.07835721969604,3.92622137069702,4.11207437515259,4.11544990539551,4.44324111938477,4.43738222122192,3.73153352737427,3.70785641670227,3.78897023200989,3.96053910255432,4.01144647598267,4.245445728302,3.97225832939148,3.75320076942444,3.65024065971375,3.88906455039978,4.07631158828735,4.19098806381226
41,3.9958770275116,3.88172507286072,4.08438158035278,4.09738922119141,4.41544532775879,4.42344951629639,3.53965473175049,3.69039940834045,3.80649137496948,3.8809711933136,4.06601428985596,4.21251821517944,3.88624262809753,3.78057432174683,3.69377732276917,3.90333724021912,4.10886096954346,4.25021362304688
42,4.02526998519897,3.9279305934906,4.11524677276611,4.14427661895752,4.42873764038086,4.44971466064453,3.51382851600647,3.66632294654846,3.81479692459106,3.92519593238831,4.0670051574707,4.23710012435913,3.92360687255859,3.79248833656311,3.75840950012207,3.95378923416138,4.10989570617676,4.29664611816406
43,4.09640026092529,3.93065977096558,4.16172981262207,4.13773775100708,4.40503311157227,4.43866968154907,3.64722299575806,3.70167112350464,3.82911014556885,3.91857171058655,4.0440616607666,4.22524166107178,3.94295525550842,3.75559091567993,3.76831555366516,3.87121295928955,4.07242298126221,4.24817323684692
44,4.03109836578369,3.88378405570984,4.09223937988281,4.08084201812744,4.37202310562134,4.38212490081787,3.60486316680908,3.66902112960815,3.81718039512634,3.91281700134277,4.07516431808472,4.22091054916382,3.92076182365417,3.768550157547,3.70864129066467,3.82918810844421,4.08420038223267,4.19582271575928
45,4.01845121383667,3.89831876754761,4.08867883682251,4.092613697052,4.37006282806396,4.38362073898315,3.49723196029663,3.70153522491455,3.87425923347473,3.91261458396912,4.12353754043579,4.25972604751587,3.94763708114624,3.82128930091858,3.76614999771118,3.80598878860474,4.07813739776611,4.23977994918823
46,4.04101228713989,3.86393022537231,4.06395816802979,4.06844663619995,4.33775758743286,4.37482452392578,3.58154344558716,3.70666480064392,3.82200956344604,3.93559288978577,4.07141971588135,4.18722629547119,4.05070018768311,3.89350199699402,3.8275580406189,3.88189363479614,4.12636709213257,4.25909280776978
47,3.95305418968201,3.80948901176453,4.02234220504761,4.02681255340576,4.27111053466797,4.31465625762939,3.41998648643494,3.63413906097412,3.88272619247437,3.89585018157959,4.1381196975708,4.24818563461304,3.90462064743042,3.91438817977905,3.86910367012024,3.94180846214294,4.14831447601318,4.34915637969971
48,3.97631669044495,3.81739020347595,4.05200433731079,4.04067945480347,4.26538038253784,4.32358503341675,3.51723957061768,3.61738276481628,3.73741745948792,3.82624554634094,3.98183655738831,4.12847661972046,4.01665306091309,3.74453401565552,3.75047183036804,3.70168137550354,3.95342755317688,4.13486766815186
49,3.96244096755981,3.76662993431091,4.00171422958374,3.98529291152954,4.22636079788208,4.28319931030273,3.32294034957886,3.37698578834534,3.71576738357544,3.70698308944702,3.8955659866333,4.15411472320557,4.06143808364868,3.7837700843811,3.84396505355835,3.8009774684906,3.98546409606934,4.18645524978638
50,4.00316762924194,3.86203646659851,4.05747318267822,4.04816722869873,4.25181531906128,4.30616474151611,3.58524775505066,3.6428234577179,3.87501573562622,3.83376836776733,4.03109693527222,4.23920345306396,4.15965223312378,3.86635637283325,3.88890862464905,3.76559567451477,4.02014636993408,4.22703218460083
51,4.08985662460327,3.82491040229797,4.02330303192139,3.98151135444641,4.20150184631348,4.29105043411255,3.46117472648621,3.53376865386963,3.67836880683899,3.76889491081238,3.87238907814026,4.07808923721313,4.13567304611206,3.8677191734314,3.85529017448425,3.77541661262512,4.01064252853394,4.13416385650635
52,3.94812679290771,3.7713737487793,3.97644066810608,3.97052931785583,4.1848578453064,4.25586414337158,3.46305704116821,3.65919542312622,3.80933856964111,3.84204316139221,4.06943607330322,4.12508392333984,4.00837993621826,3.89623951911926,3.97074890136719,3.97762680053711,4.11727857589722,4.26944303512573
53,4.01948833465576,3.83086657524109,4.03708028793335,3.99765014648438,4.1719822883606,4.26305484771729,3.51467895507812,3.49181628227234,3.6798300743103,3.66042637825012,3.77927565574646,3.97971200942993,3.76433157920837,3.72516322135925,3.7819561958313,3.77743768692017,3.9170458316803,4.11145639419556
54,4.05244016647339,3.82078695297241,4.0600471496582,3.97710466384888,4.14818906784058,4.25952005386353,3.72327947616577,3.41977763175964,3.62047171592712,3.55562806129456,3.7671160697937,3.93864464759827,3.66941142082214,3.63537979125977,3.6796703338623,3.64213991165161,3.86381125450134,4.04802083969116
55,4.09203815460205,3.94101333618164,4.12749767303467,4.04641437530518,4.22325944900513,4.33449983596802,3.79403686523438,3.5507550239563,3.65260028839111,3.6064727306366,3.82313704490662,3.9126558303833,3.89870095252991,3.69295763969421,3.71463537216187,3.61763095855713,3.92402505874634,4.10036516189575
56,4.01591777801514,3.82766723632812,4.01688861846924,3.9621114730835,4.18238353729248,4.29197931289673,3.62629628181458,3.46185064315796,3.5940957069397,3.55039668083191,3.7529821395874,3.88969540596008,3.85952830314636,3.88284015655518,3.87422132492065,3.82769656181335,4.07617902755737,4.18590450286865
57,4.01717329025269,3.8300096988678,4.02406978607178,3.99459910392761,4.22569465637207,4.3266396522522,3.78832125663757,3.70316314697266,3.76869916915894,3.73786520957947,3.91568636894226,4.05948829650879,4.217453956604,3.92996644973755,3.99054980278015,3.92156267166138,4.25012636184692,4.37873029708862
58,4.05087041854858,3.83959817886353,4.02173709869385,4.02032232284546,4.25056219100952,4.35277938842773,3.64248967170715,3.57344651222229,3.71903586387634,3.73469591140747,3.91093063354492,4.09474802017212,4.03500127792358,3.79657459259033,3.83578753471375,3.91783261299133,4.1860203742981,4.30831527709961
59,4.0025806427002,3.84044003486633,4.01760149002075,4.01936054229736,4.26292753219604,4.33813285827637,3.45081686973572,3.48696708679199,3.66834807395935,3.66335821151733,3.75512886047363,4.07522964477539,4.01503086090088,3.73606991767883,3.78286695480347,3.88384366035461,4.13778305053711,4.27004623413086
60,4.0594162940979,3.88433933258057,4.04994440078735,4.03711032867432,4.28072166442871,4.36571645736694,3.45707964897156,3.49954175949097,3.65877509117126,3.65995812416077,3.80222582817078,4.14471626281738,4.00535917282104,3.71317172050476,3.72738814353943,3.88721680641174,4.11251020431519,4.28571176528931
61,4.08237075805664,3.91480660438538,4.04871129989624,4.07344055175781,4.32868766784668,4.39657020568848,3.49049949645996,3.53814172744751,3.71246457099915,3.68493914604187,3.87760400772095,4.13453197479248,4.10539579391479,3.74272227287292,3.71887946128845,3.89222002029419,4.11909866333008,4.23117113113403
62,4.02550745010376,3.87800407409668,4.03504753112793,4.03952217102051,4.30639219284058,4.36659812927246,3.42931318283081,3.58280396461487,3.71892905235291,3.662837266922,3.89101028442383,4.10269117355347,4.04751348495483,3.68821835517883,3.67526030540466,3.80801177024841,4.04078149795532,4.13641738891602
63,4.04902505874634,3.89441108703613,4.05770015716553,4.04433917999268,4.32622337341309,4.39746379852295,3.36510944366455,3.48720145225525,3.71038246154785,3.64136481285095,3.85871434211731,4.12230253219604,3.95755910873413,3.65636014938354,3.64886450767517,3.80080604553223,3.99498701095581,4.09042263031006
64,4.05765628814697,3.93345785140991,4.0724835395813,4.08012104034424,4.34805011749268,4.40802907943726,3.28792667388916,3.45790696144104,3.69623470306396,3.59154033660889,3.95886206626892,4.1036434173584,3.81150245666504,3.5778489112854,3.57673573493958,3.75967073440552,3.93283486366272,4.05461502075195
65,4.09526538848877,4.00480175018311,4.13308143615723,4.13499927520752,4.42326784133911,4.47181844711304,3.24440979957581,3.43577361106873,3.61534690856934,3.57764220237732,3.86010766029358,4.06853485107422,3.94122409820557,3.8015878200531,3.76090550422668,3.89802193641663,4.10227823257446,4.17581033706665
66,4.13127326965332,3.9863064289093,4.12883186340332,4.1255145072937,4.41911363601685,4.47426319122314,3.36376690864563,3.46452903747559,3.62114977836609,3.6320173740387,3.85885262489319,4.0116491317749,3.88337182998657,3.52891302108765,3.53467416763306,3.68708777427673,3.90633606910706,4.06228065490723
67,4.05651426315308,3.98514866828918,4.1008095741272,4.124192237854,4.42118644714355,4.44733905792236,3.12017369270325,3.30133771896362,3.42251563072205,3.40634632110596,3.72319722175598,3.8722288608551,3.80059504508972,3.6563937664032,3.58016586303711,3.78917479515076,3.98357796669006,4.05989551544189
68,4.11465787887573,3.98878741264343,4.12132930755615,4.13180208206177,4.41936540603638,4.46717357635498,3.15670275688171,3.25183153152466,3.50530910491943,3.43530607223511,3.68346953392029,3.9121675491333,3.70772051811218,3.57460165023804,3.57216596603394,3.74647855758667,3.93639206886292,4.05907917022705
69,4.07699918746948,3.9400520324707,4.10426044464111,4.12917327880859,4.4179573059082,4.46151542663574,3.33329296112061,3.34394812583923,3.52267003059387,3.49469542503357,3.6724681854248,3.89235401153564,3.67929220199585,3.40331983566284,3.45185089111328,3.64166927337646,3.78224492073059,3.96364068984985
70,4.05611419677734,3.9107358455658,4.05823850631714,4.069899559021,4.37772703170776,4.41060352325439,3.35528469085693,3.24514007568359,3.59050726890564,3.46072673797607,3.66897416114807,4.03775072097778,3.87657141685486,3.65324330329895,3.588214635849,3.84321594238281,3.98702454566956,4.04326725006104
71,4.08939170837402,4.00078439712524,4.13813638687134,4.16218948364258,4.44209098815918,4.46707916259766,3.71701502799988,3.44813323020935,3.77365565299988,3.56973886489868,3.72256541252136,4.13109922409058,3.86994361877441,3.57862854003906,3.56785607337952,3.78688311576843,3.90498375892639,4.02617740631104
72,4.06571340560913,3.98135828971863,4.13043403625488,4.11982154846191,4.3825855255127,4.41769313812256,3.96761178970337,3.67928075790405,3.83451557159424,3.6541862487793,3.8335132598877,4.11622905731201,3.96490979194641,3.73507523536682,3.71206307411194,3.91588807106018,3.96010231971741,4.07182168960571
73,4.09887886047363,4.03470182418823,4.18991231918335,4.17552137374878,4.42349100112915,4.44064998626709,4.34635925292969,4.05035638809204,4.12422943115234,3.95973491668701,4.09109449386597,4.37913656234741,4.06825876235962,3.9249382019043,3.93653678894043,4.04747819900513,4.15227746963501,4.25986576080322
74,4.03580141067505,4.00656986236572,4.16290855407715,4.14806222915649,4.44695949554443,4.4487247467041,4.22281265258789,3.85708904266357,3.94463276863098,3.84505367279053,3.94764447212219,4.22481203079224,4.1340765953064,3.94199800491333,4.01969909667969,4.0660982131958,4.22727155685425,4.33573007583618
75,4.01663827896118,3.97699642181396,4.16814994812012,4.16401481628418,4.44787263870239,4.42698955535889,4.3656268119812,3.97533750534058,4.04479217529297,4.09750556945801,4.16332197189331,4.37175846099854,4.29701232910156,3.96863627433777,4.09640216827393,4.17603874206543,4.28130674362183,4.42998218536377
76,4.08629560470581,4.02299308776855,4.17407655715942,4.18065547943115,4.46552991867065,4.49120998382568,4.17701816558838,3.85616374015808,3.95894527435303,4.02969264984131,4.11404275894165,4.3718147277832,4.31259298324585,4.05268907546997,4.10165500640869,4.16902685165405,4.29315519332886,4.42547607421875
77,4.06220436096191,4.04172229766846,4.21158647537231,4.21106052398682,4.4711766242981,4.46694183349609,4.19317960739136,3.94319629669189,4.03598928451538,4.16535425186157,4.22517776489258,4.48664617538452,4.24379253387451,4.03147649765015,4.0880880355835,4.15740728378296,4.27733945846558,4.40417003631592
78,4.07228517532349,4.05335283279419,4.22140645980835,4.2049388885498,4.47961711883545,4.48263549804688,4.207848072052,3.96560764312744,4.01617860794067,4.15359544754028,4.26290369033813,4.49122953414917,4.2455267906189,4.10001087188721,4.15652656555176,4.20353555679321,4.33588886260986,4.42331981658936
79,4.02153301239014,4.02979946136475,4.16735458374023,4.15874242782593,4.43546485900879,4.43922328948975,3.91188716888428,3.8683443069458,3.91537737846375,4.02915811538696,4.17262649536133,4.39556455612183,4.22405242919922,4.11858987808228,4.16385316848755,4.16571044921875,4.33863162994385,4.40528535842896
80,4.07405662536621,4.05286121368408,4.23009443283081,4.19718170166016,4.46370983123779,4.44979238510132,4.12160873413086,3.97683143615723,4.01276683807373,4.24163913726807,4.3211498260498,4.46189641952515,4.31504392623901,4.17431926727295,4.19294261932373,4.25242948532104,4.3862247467041,4.45058631896973
81,4.00471067428589,3.99852705001831,4.18116426467896,4.16249322891235,4.40811777114868,4.41579055786133,4.05091524124146,3.9662663936615,3.98883199691772,4.14068508148193,4.26826810836792,4.38476848602295,4.23632955551147,4.12738466262817,4.17037296295166,4.20369291305542,4.37784910202026,4.42979669570923
82,4.04165410995483,3.99286603927612,4.16574478149414,4.16688776016235,4.42316436767578,4.40848588943481,4.10414934158325,4.00449228286743,4.05767250061035,4.2254581451416,4.27525997161865,4.40380954742432,4.31171226501465,4.23117256164551,4.28503799438477,4.272536277771,4.39905309677124,4.50648784637451
83,3.98132467269897,3.95327115058899,4.1274094581604,4.16204261779785,4.37123107910156,4.35994005203247,3.82278990745544,3.95713996887207,4.08090400695801,4.22257423400879,4.28406429290771,4.38671779632568,4.19874382019043,4.0043511390686,4.15385818481445,4.05228614807129,4.25252151489258,4.34138441085815
84,3.99431681632996,3.97392702102661,4.15002632141113,4.17555713653564,4.39300870895386,4.37665271759033,3.90639209747314,3.97450041770935,4.1058464050293,4.27674055099487,4.31870126724243,4.42213106155396,4.15737009048462,4.09890127182007,4.21554708480835,4.17692613601685,4.29701137542725,4.44066381454468
85,3.98722863197327,3.94591569900513,4.14731121063232,4.16216325759888,4.35408353805542,4.34266233444214,3.77207469940186,3.94007182121277,4.04065847396851,4.20974683761597,4.28485155105591,4.3025951385498,4.14604711532593,4.0538182258606,4.18681859970093,4.16748571395874,4.23580503463745,4.41916131973267
86,3.98681545257568,3.95898365974426,4.15948152542114,4.19459533691406,4.36605930328369,4.38434171676636,3.86126255989075,4.00262117385864,4.18189191818237,4.27574348449707,4.36890077590942,4.42629098892212,4.21502161026001,4.11499118804932,4.26055192947388,4.21260166168213,4.27442455291748,4.45180416107178
87,4.01681709289551,4.01757478713989,4.22495651245117,4.21804475784302,4.37644147872925,4.40235805511475,3.93669724464417,4.0486216545105,4.14739656448364,4.22709035873413,4.32516670227051,4.39742803573608,4.28711748123169,4.10684823989868,4.23525142669678,4.13253831863403,4.24553823471069,4.44952487945557
88,3.94282078742981,3.93756771087646,4.14764976501465,4.17126798629761,4.30645322799683,4.35249519348145,3.6416220664978,3.91141152381897,4.07082557678223,4.17446899414062,4.25827598571777,4.28902721405029,4.25738334655762,4.2028694152832,4.33110952377319,4.26538419723511,4.34525918960571,4.54819536209106
89,3.98972296714783,4.01117420196533,4.20724248886108,4.19524002075195,4.31892156600952,4.35065650939941,3.97070574760437,4.10829305648804,4.18961238861084,4.23180723190308,4.27466440200806,4.43405342102051,4.08372497558594,4.08482360839844,4.21527433395386,4.2031421661377,4.28936147689819,4.51680660247803
90,4.02446126937866,4.02068567276001,4.20852565765381,4.19084739685059,4.28235578536987,4.34265947341919,3.94630289077759,4.00458955764771,4.15858364105225,4.13876724243164,4.18125295639038,4.33020639419556,3.90825462341309,3.97726106643677,4.09945344924927,4.08507537841797,4.20244741439819,4.39745759963989
91,3.93897843360901,3.97112894058228,4.15591335296631,4.16841840744019,4.29170656204224,4.33947658538818,4.17540311813354,4.18255472183228,4.33257579803467,4.29111957550049,4.33699989318848,4.47336101531982,4.00924777984619,4.04891872406006,4.17337226867676,4.1043176651001,4.25582551956177,4.46679353713989
92,3.98810505867004,3.98406171798706,4.19462585449219,4.17431592941284,4.30138540267944,4.35163927078247,3.99139165878296,4.08436441421509,4.274338722229,4.25765562057495,4.29395818710327,4.44448804855347,4.06811237335205,4.1015191078186,4.19569396972656,4.09804821014404,4.27590227127075,4.45027303695679
93,3.90414667129517,3.9048478603363,4.11125707626343,4.09909677505493,4.25829267501831,4.29500150680542,3.99528408050537,4.11453247070312,4.22252798080444,4.23775053024292,4.29385089874268,4.44511985778809,4.15637445449829,4.21394968032837,4.24322414398193,4.22605657577515,4.38492488861084,4.5456690788269
94,3.92983245849609,3.86998963356018,4.08444213867188,4.0619421005249,4.20768547058105,4.27228975296021,4.01515579223633,4.08997631072998,4.27316093444824,4.22881603240967,4.27870607376099,4.47362852096558,4.15758514404297,4.18901872634888,4.23669481277466,4.20522928237915,4.40740585327148,4.54467391967773
95,3.91143321990967,3.89330554008484,4.08612632751465,4.06836128234863,4.19879007339478,4.26849746704102,3.87020111083984,3.89461469650269,4.08709239959717,4.07528400421143,4.08019304275513,4.38008451461792,3.9797625541687,3.98448371887207,4.07025575637817,4.04718399047852,4.24961757659912,4.3855094909668
96,3.95312690734863,3.92260909080505,4.10909414291382,4.09895896911621,4.26262712478638,4.30108642578125,3.95982933044434,4.04290723800659,4.14126491546631,4.14453792572021,4.21439743041992,4.411789894104,4.02554082870483,4.02286958694458,4.06911087036133,4.07405424118042,4.24815702438354,4.39187097549438
97,3.95549559593201,3.96227478981018,4.13830852508545,4.14215469360352,4.29595327377319,4.33570003509521,3.87893867492676,3.92762470245361,4.10792064666748,4.14050102233887,4.24167060852051,4.44715452194214,3.9993531703949,4.01294851303101,4.03562545776367,4.07939529418945,4.25736522674561,4.40144395828247
98,3.97204256057739,3.88470911979675,4.09294652938843,4.04705238342285,4.23912239074707,4.29059171676636,3.95438313484192,3.9884991645813,4.15084075927734,4.17672872543335,4.20772457122803,4.4624924659729,3.99004912376404,3.94290232658386,4.00006675720215,4.07438278198242,4.21622800827026,4.31137609481812
99,3.91342735290527,3.80579304695129,4.01528596878052,3.99335670471191,4.20116186141968,4.26321697235107,4.00579261779785,3.92632484436035,4.09577655792236,4.1945161819458,4.24578285217285,4.50942039489746,3.96768379211426,3.98781275749207,4.05981397628784,4.16830778121948,4.30914878845215,4.45290851593018
100,3.92996501922607,3.86616468429565,4.05330181121826,4.07831811904907,4.30176115036011,4.34497594833374,3.81475901603699,3.90709757804871,4.07511425018311,4.1365818977356,4.18402576446533,4.4391942024231,3.94260764122009,4.03016185760498,4.09270286560059,4.24285936355591,4.31796216964722,4.49752902984619
101,3.94601607322693,3.88530993461609,4.0715160369873,4.09688711166382,4.32352161407471,4.37202310562134,3.92299604415894,3.93903088569641,4.12450742721558,4.12243700027466,4.21967172622681,4.51872396469116,4.03339195251465,4.00431251525879,4.07283353805542,4.2113733291626,4.31196355819702,4.50207042694092
102,4.06938505172729,3.93305993080139,4.11028814315796,4.13433313369751,4.38974523544312,4.43947410583496,3.92790484428406,3.94005012512207,4.14861392974854,4.1798734664917,4.29466009140015,4.56924629211426,4.04463911056519,4.05393314361572,4.09522438049316,4.26368951797485,4.33895921707153,4.49204730987549
103,3.95969009399414,3.83599710464478,4.03489398956299,4.06206798553467,4.35369443893433,4.39499950408936,3.90135765075684,3.88633704185486,4.0338888168335,4.0822696685791,4.19315910339355,4.44283246994019,3.90730476379395,3.77428913116455,3.88114595413208,4.0915641784668,4.17311000823975,4.32341194152832
104,3.98057913780212,3.8475022315979,4.04578971862793,4.06580781936646,4.37286329269409,4.41926193237305,3.91160702705383,3.91653800010681,4.16168069839478,4.18959522247314,4.34025239944458,4.56094121932983,3.8321852684021,3.89690637588501,3.97861289978027,4.26459836959839,4.27976894378662,4.40784931182861
105,4.02707052230835,3.93906116485596,4.09503364562988,4.14137935638428,4.44379377365112,4.45737314224243,3.68941712379456,3.82407665252686,3.99869513511658,4.08272266387939,4.26229906082153,4.41024589538574,3.79047513008118,3.81515693664551,3.85704135894775,4.12195873260498,4.2359938621521,4.31081295013428
106,4.05719470977783,3.97750496864319,4.14039945602417,4.15980529785156,4.46740484237671,4.48856639862061,3.75007200241089,3.94288873672485,4.17917633056641,4.19301462173462,4.39916181564331,4.51827430725098,3.91226530075073,3.88254308700562,3.96917819976807,4.24511384963989,4.28505754470825,4.34090995788574
107,4.10894870758057,3.97989773750305,4.12608623504639,4.16070938110352,4.46364641189575,4.45984792709351,3.65868425369263,3.80471062660217,3.98968911170959,4.0778603553772,4.23734760284424,4.3745059967041,3.96482443809509,3.85555386543274,3.96259665489197,4.23476028442383,4.30104160308838,4.3436279296875
108,4.0540828704834,3.94670248031616,4.1224536895752,4.15350580215454,4.46619844436646,4.45800685882568,3.68156003952026,3.81054854393005,4.02699518203735,4.06613779067993,4.25742483139038,4.37871551513672,3.98989677429199,3.85676956176758,3.96248197555542,4.2292423248291,4.29477167129517,4.34956169128418
109,4.07383394241333,3.99818992614746,4.14801073074341,4.18453550338745,4.50512886047363,4.50557374954224,3.66645050048828,3.81859970092773,4.0325493812561,4.11381244659424,4.27538681030273,4.40709972381592,3.67679071426392,3.74954509735107,3.81541132926941,4.0815224647522,4.182936668396,4.23613166809082
110,4.04842805862427,3.99434447288513,4.17009019851685,4.190101146698,4.50613260269165,4.50338554382324,3.63442397117615,3.75967693328857,3.8829460144043,4.01375150680542,4.1073112487793,4.30634880065918,3.74217009544373,3.76565504074097,3.80399894714355,4.01741743087769,4.15888023376465,4.21261978149414
111,4.05501937866211,3.98632383346558,4.17715787887573,4.16429281234741,4.50528383255005,4.49986171722412,3.73590540885925,3.70317816734314,3.81128764152527,3.95942854881287,4.03034114837646,4.22866582870483,3.86829519271851,3.79064559936523,3.83653807640076,4.00801563262939,4.19198989868164,4.29662322998047
112,4.03040361404419,3.98478889465332,4.1447057723999,4.15727949142456,4.49511671066284,4.45120000839233,3.67491960525513,3.75205898284912,3.91844463348389,4.01391744613647,4.15549087524414,4.30967903137207,3.97865438461304,3.89733958244324,3.92760372161865,4.15639019012451,4.2864990234375,4.34260082244873
113,4.11879014968872,4.03141498565674,4.19128131866455,4.22183322906494,4.51460599899292,4.49873638153076,3.60603880882263,3.70917129516602,3.83252954483032,3.95003986358643,4.09944677352905,4.24852561950684,4.13683414459229,3.93108630180359,3.94295787811279,4.07310438156128,4.25723457336426,4.34284162521362
114,4.08573484420776,4.01629686355591,4.17947864532471,4.20858240127563,4.49735069274902,4.50621271133423,3.55386066436768,3.69754528999329,3.85566234588623,3.95561671257019,4.1248631477356,4.26038217544556,4.0143985748291,3.92939758300781,3.97598361968994,4.11929607391357,4.27559280395508,4.41255474090576
115,4.09563589096069,4.03258943557739,4.19100046157837,4.20096778869629,4.49486207962036,4.52446222305298,3.51485848426819,3.67649126052856,3.87058758735657,3.91613411903381,4.05569887161255,4.29768180847168,4.0346531867981,4.0025691986084,4.00156450271606,4.08970212936401,4.3252592086792,4.39870309829712
116,4.18445920944214,4.07243919372559,4.22304248809814,4.23946475982666,4.52975225448608,4.54511880874634,3.66632795333862,3.81352376937866,3.91353511810303,4.01210832595825,4.13914155960083,4.27280759811401,4.20765113830566,4.01937007904053,4.04091310501099,4.17492818832397,4.35563087463379,4.3919153213501
117,4.09218692779541,4.0164737701416,4.15681171417236,4.19958400726318,4.48141098022461,4.48115158081055,3.43696808815002,3.68353748321533,3.89480710029602,3.99569058418274,4.16849660873413,4.23102283477783,4.02216243743896,4.07566499710083,4.07473421096802,4.23548984527588,4.43813037872314,4.48535871505737
118,4.04355478286743,4.00577735900879,4.14995908737183,4.20214462280273,4.46589517593384,4.46762609481812,3.67153549194336,3.90983390808105,4.10367584228516,4.18603754043579,4.37376689910889,4.43797731399536,3.98846316337585,4.099289894104,4.11962938308716,4.20898056030273,4.42404842376709,4.44250965118408
119,4.0282130241394,4.00137329101562,4.16165685653687,4.20995569229126,4.47000885009766,4.46282815933228,3.67512559890747,3.86461091041565,4.04315042495728,4.17060708999634,4.27937841415405,4.38368844985962,3.8923921585083,3.98665952682495,4.07980632781982,4.16138792037964,4.36555337905884,4.35172271728516
120,4.05005598068237,4.01373672485352,4.20518445968628,4.21407079696655,4.48339176177979,4.50369071960449,3.80089545249939,3.96914076805115,4.166832447052,4.28234958648682,4.39973735809326,4.5038890838623,4.18599796295166,4.18048143386841,4.31894445419312,4.32478380203247,4.44133424758911,4.4858341217041
121,4.04771184921265,4.00000762939453,4.16336441040039,4.22447919845581,4.4744234085083,4.47252511978149,3.73594832420349,3.90964579582214,4.10804605484009,4.2492299079895,4.3442907333374,4.43617963790894,4.24522924423218,4.08753728866577,4.27231645584106,4.25742530822754,4.43198108673096,4.43599939346313
122,3.99540233612061,3.98225355148315,4.18192052841187,4.20557832717896,4.45651960372925,4.43682861328125,3.67936301231384,3.93915390968323,4.14736223220825,4.29750156402588,4.41476058959961,4.46564340591431,4.27461385726929,4.24755859375,4.39901781082153,4.39093399047852,4.51219987869263,4.57462692260742
123,4.04554653167725,4.00458478927612,4.21209764480591,4.24230527877808,4.45890760421753,4.46660327911377,3.78182697296143,3.91114950180054,4.12983512878418,4.24099826812744,4.301842212677,4.43804025650024,4.26209354400635,4.20375728607178,4.38253879547119,4.29402351379395,4.4818263053894,4.55847263336182
124,4.00092315673828,3.97665286064148,4.18765115737915,4.22241115570068,4.43229484558105,4.46415662765503,3.77867221832275,3.84964823722839,4.02364349365234,4.15251111984253,4.15138626098633,4.34698009490967,4.16141414642334,4.1295223236084,4.3232307434082,4.25054168701172,4.41247797012329,4.50443077087402
125,4.01941061019897,3.98872756958008,4.19761419296265,4.22541666030884,4.44171142578125,4.46238136291504,3.9623589515686,3.9594259262085,4.11770296096802,4.19055128097534,4.26736783981323,4.389319896698,4.26938247680664,4.14722108840942,4.38896465301514,4.29480028152466,4.37319660186768,4.52297019958496
126,3.97330641746521,3.97379231452942,4.21041774749756,4.22850131988525,4.42945194244385,4.45117330551147,3.78895831108093,3.81701827049255,3.99774098396301,4.13045740127563,4.16389226913452,4.35507154464722,4.27994441986084,4.15511465072632,4.32131195068359,4.28757953643799,4.34680461883545,4.51633262634277
127,4.01306962966919,3.99680614471436,4.23098754882812,4.21699190139771,4.43118906021118,4.45834350585938,3.78386425971985,3.85388135910034,4.07936811447144,4.11752033233643,4.21524667739868,4.39145803451538,4.21378231048584,4.22230768203735,4.39832305908203,4.3475022315979,4.46707773208618,4.55343818664551
128,4.10637807846069,4.03764867782593,4.24676990509033,4.22443771362305,4.44393253326416,4.47716903686523,3.80648374557495,3.83317184448242,4.03589677810669,4.09836006164551,4.14676380157471,4.31724739074707,4.15838527679443,4.06456565856934,4.22594547271729,4.16710233688354,4.29360771179199,4.3926248550415
129,4.01275587081909,4.00227880477905,4.23135471343994,4.20348501205444,4.4405460357666,4.46261501312256,3.8155996799469,3.80600714683533,3.98439025878906,4.07942342758179,4.1532506942749,4.33442258834839,4.20938587188721,4.14272594451904,4.24410104751587,4.26000022888184,4.33850765228271,4.42733955383301
130,3.96356463432312,3.95965123176575,4.14779758453369,4.14156055450439,4.39818048477173,4.41563892364502,3.564772605896,3.75556254386902,3.86303496360779,3.97356772422791,4.10293912887573,4.18935060501099,3.88251709938049,4.05560684204102,4.15861368179321,4.20793294906616,4.2979211807251,4.34556674957275
131,4.00099945068359,3.98125243186951,4.17999362945557,4.16477108001709,4.4129490852356,4.43809461593628,3.74424076080322,3.82059574127197,3.99071884155273,4.09531307220459,4.20488691329956,4.35313129425049,4.07808208465576,4.07915639877319,4.27043342590332,4.26921606063843,4.36564302444458,4.44603204727173
132,3.95895457267761,3.98049211502075,4.17073345184326,4.15698623657227,4.40200901031494,4.42285680770874,3.67511439323425,3.83402228355408,4.00577259063721,4.14274311065674,4.27810001373291,4.35918951034546,3.99418115615845,4.16799211502075,4.30194187164307,4.35956764221191,4.38083219528198,4.5034818649292
133,4.0571117401123,4.04914093017578,4.21972846984863,4.22532272338867,4.44154024124146,4.46621704101562,3.77364873886108,3.89107847213745,4.0109486579895,4.09289360046387,4.21063232421875,4.35146141052246,4.01909875869751,4.08059215545654,4.19999408721924,4.24880504608154,4.35317611694336,4.43336725234985
134,4.12940263748169,4.07036638259888,4.23805570602417,4.21850442886353,4.43711614608765,4.43692684173584,3.85875225067139,3.89591956138611,4.0446834564209,4.17657995223999,4.25681257247925,4.39859104156494,4.0721583366394,4.07662677764893,4.24585199356079,4.29694080352783,4.36841630935669,4.50669288635254
135,3.95020771026611,3.9764940738678,4.14747095108032,4.18575811386108,4.38535642623901,4.37328910827637,3.933349609375,3.93681335449219,4.07935810089111,4.20421743392944,4.27429533004761,4.45629596710205,4.0607647895813,4.0777268409729,4.26995182037354,4.36633825302124,4.44002151489258,4.60560512542725
136,3.95229983329773,3.95304155349731,4.160813331604,4.14840650558472,4.35690689086914,4.35802602767944,4.02373838424683,3.94135522842407,4.06940364837646,4.19411849975586,4.19876956939697,4.45791101455688,3.85788607597351,3.94495248794556,4.15295076370239,4.19309568405151,4.32058429718018,4.50058031082153
137,3.94646644592285,3.92487645149231,4.13477420806885,4.14533853530884,4.33477401733398,4.35935592651367,4.07274389266968,3.93992018699646,4.07999849319458,4.24393844604492,4.25926494598389,4.52740573883057,3.99069237709045,4.05056953430176,4.28231048583984,4.35155439376831,4.381103515625,4.6372709274292
138,3.94653177261353,3.9320867061615,4.14155197143555,4.15466451644897,4.36254262924194,4.38485336303711,3.87236547470093,3.93033623695374,4.09842538833618,4.16859436035156,4.19966840744019,4.4607310295105,3.92266273498535,3.97458481788635,4.17117786407471,4.21789646148682,4.27419137954712,4.4896354675293
139,3.96086549758911,3.89710974693298,4.13415765762329,4.13219738006592,4.34097814559937,4.40415906906128,4.10190057754517,3.99349570274353,4.04844093322754,4.16809701919556,4.2056131362915,4.46461296081543,4.01548099517822,4.00896787643433,4.17597484588623,4.17469072341919,4.22459936141968,4.47502517700195
140,3.926020860672,3.95029258728027,4.18503475189209,4.14772605895996,4.37441158294678,4.40157556533813,4.00316381454468,4.01025915145874,4.13102340698242,4.16617298126221,4.24849891662598,4.51438283920288,3.96395230293274,4.09724235534668,4.16398763656616,4.2573676109314,4.28227043151855,4.48062658309937
141,4.03363180160522,4.00123834609985,4.20659399032593,4.16017532348633,4.38978862762451,4.43159151077271,3.98751878738403,3.96703672409058,4.07143878936768,4.0393123626709,4.08021545410156,4.34022092819214,4.00960111618042,4.056800365448,4.15871238708496,4.16335391998291,4.23303270339966,4.3543119430542
142,3.98752522468567,3.94790530204773,4.16278648376465,4.13907861709595,4.40510177612305,4.43326807022095,4.11000633239746,4.04882478713989,4.10571146011353,4.11561632156372,4.2304539680481,4.45253801345825,4.03710508346558,4.12548685073853,4.1731653213501,4.22822380065918,4.28274822235107,4.44376230239868
143,3.98930478096008,3.97663140296936,4.1840705871582,4.1456880569458,4.41439008712769,4.41747808456421,3.74703121185303,3.84368658065796,3.95145916938782,3.94635486602783,4.08438634872437,4.28778409957886,4.01535177230835,4.03612375259399,4.14195013046265,4.22254467010498,4.32020664215088,4.46121835708618
144,4.03654861450195,3.89842343330383,4.12935733795166,4.06277084350586,4.32377767562866,4.34565353393555,3.82868885993958,3.77449727058411,3.80651378631592,3.88261723518372,3.95876407623291,4.20044946670532,3.87668752670288,3.91032290458679,4.03398990631104,4.05892658233643,4.09430742263794,4.28758716583252
145,4.01142883300781,3.89988422393799,4.08038520812988,4.06152725219727,4.32814407348633,4.32849550247192,3.93773245811462,3.86792659759521,3.91641807556152,3.99507737159729,4.08231401443481,4.251296043396,3.95240950584412,3.94205856323242,3.98379707336426,4.03149461746216,4.22036552429199,4.23794460296631
146,4.10211133956909,3.97623181343079,4.13827419281006,4.11833810806274,4.39451313018799,4.39198398590088,3.94192433357239,3.90019488334656,3.93249130249023,3.97026896476746,4.05251502990723,4.22217702865601,4.13394212722778,4.06675004959106,4.07856369018555,4.09034872055054,4.28046131134033,4.36144542694092
147,4.15670204162598,3.95982480049133,4.14056348800659,4.10613203048706,4.33650302886963,4.35953855514526,3.95450520515442,3.87199521064758,3.8123664855957,3.95613050460815,4.00664901733398,4.13258790969849,4.1884126663208,4.07548093795776,4.07194805145264,4.12324953079224,4.31983184814453,4.3874044418335
148,4.07384395599365,3.99814534187317,4.1359806060791,4.11557054519653,4.37378311157227,4.35253763198853,3.99227213859558,3.93450570106506,3.94901490211487,4.06349658966064,4.10518503189087,4.2766318321228,4.18695831298828,4.12039184570312,4.11352157592773,4.17523193359375,4.36693906784058,4.45346879959106
149,4.1049337387085,4.01919221878052,4.14232110977173,4.15566110610962,4.39149951934814,4.35831260681152,4.04193115234375,3.97989559173584,3.97949576377869,4.13105869293213,4.19745588302612,4.36484479904175,4.16596651077271,4.07030963897705,4.10040187835693,4.15590286254883,4.35040473937988,4.4316349029541
150,4.03331470489502,3.96637010574341,4.12763357162476,4.13406085968018,4.38530158996582,4.3861289024353,4.14580297470093,4.06553745269775,4.09581565856934,4.18464136123657,4.2587776184082,4.45072889328003,4.09113121032715,4.13017225265503,4.18047189712524,4.20310211181641,4.39571475982666,4.4637770652771
151,4.03635025024414,3.93577480316162,4.12707471847534,4.11535978317261,4.35957145690918,4.36895656585693,4.15799951553345,4.084303855896,4.07476758956909,4.2212085723877,4.29793691635132,4.45645904541016,4.14887714385986,4.07838773727417,4.17554235458374,4.18539428710938,4.40565872192383,4.41671276092529
152,4.04492616653442,3.99500799179077,4.16922235488892,4.14878225326538,4.39310550689697,4.37687492370605,4.15417623519897,4.06267738342285,4.09223794937134,4.19036912918091,4.32396125793457,4.5093994140625,4.23910856246948,4.14530086517334,4.22632551193237,4.22251510620117,4.41804313659668,4.45896530151367
153,4.02954292297363,4.0088906288147,4.1562032699585,4.16422653198242,4.42943239212036,4.41461420059204,4.19616651535034,4.10403394699097,4.22204113006592,4.22042512893677,4.35896396636963,4.58498001098633,4.0955228805542,4.09796810150146,4.1053466796875,4.15669298171997,4.3215479850769,4.36144876480103
154,4.03718233108521,3.96531653404236,4.14901971817017,4.14128303527832,4.402907371521,4.40865850448608,4.20622205734253,4.06366682052612,4.11841440200806,4.15042400360107,4.29020071029663,4.50740337371826,4.30834865570068,4.11203145980835,4.15682554244995,4.17685127258301,4.36451244354248,4.39679574966431
155,4.01518821716309,3.97733640670776,4.11796379089355,4.12909889221191,4.42496299743652,4.41701745986938,4.02928256988525,4.06438636779785,4.16136312484741,4.17374467849731,4.31598234176636,4.54377889633179,4.08102416992188,4.14705896377563,4.12252330780029,4.20398283004761,4.35987949371338,4.39421415328979
156,4.07655191421509,4.05781126022339,4.21245384216309,4.20042514801025,4.45987129211426,4.45193243026733,4.26202535629272,4.19643545150757,4.32114028930664,4.26834964752197,4.40379762649536,4.5906343460083,4.22620725631714,4.1194019317627,4.19836330413818,4.14715528488159,4.3003134727478,4.33392810821533
157,4.07191371917725,4.03228378295898,4.1919116973877,4.18751192092896,4.4382643699646,4.44125890731812,4.13935422897339,4.13550329208374,4.12387466430664,4.11576652526855,4.2653865814209,4.41639041900635,4.39828777313232,4.1982274055481,4.26093482971191,4.2191309928894,4.42387676239014,4.46935558319092
158,4.06985855102539,3.99181032180786,4.15428686141968,4.14983463287354,4.43176364898682,4.42778873443604,3.92574048042297,3.96054601669312,4.10649061203003,4.03477907180786,4.13574028015137,4.41042423248291,4.25776720046997,4.17391443252563,4.1741099357605,4.12712240219116,4.34402084350586,4.419114112854
159,4.07122182846069,3.99794244766235,4.18566370010376,4.19946765899658,4.44748687744141,4.45680236816406,4.07104063034058,4.00003099441528,4.13012266159058,4.10951948165894,4.24942302703857,4.44520044326782,4.39812469482422,4.09726238250732,4.1966609954834,4.16826152801514,4.35041570663452,4.4242959022522
160,4.0781135559082,4.05199146270752,4.23824691772461,4.24352788925171,4.50040245056152,4.50252437591553,3.9919741153717,3.97517681121826,4.11872386932373,4.08693170547485,4.2264142036438,4.46932458877563,4.24563932418823,4.19296550750732,4.21361255645752,4.28013134002686,4.43943023681641,4.50987148284912
161,4.17372465133667,4.11082696914673,4.30652570724487,4.27444791793823,4.51226282119751,4.51555109024048,3.85363531112671,3.87949824333191,4.09103727340698,4.00587034225464,4.21218967437744,4.44032430648804,4.32636117935181,4.13049077987671,4.17402315139771,4.25319480895996,4.38283967971802,4.48452043533325
162,4.17239141464233,4.13275718688965,4.31549024581909,4.30218935012817,4.54137849807739,4.56148433685303,3.84123635292053,3.93822932243347,4.14857912063599,4.05761814117432,4.25664806365967,4.49255704879761,4.30182361602783,4.14847040176392,4.10404586791992,4.26826477050781,4.48670244216919,4.48063993453979
163,4.13573837280273,4.09270048141479,4.25353956222534,4.26859855651855,4.50993013381958,4.51092576980591,3.93265247344971,4.0598201751709,4.1850118637085,4.12587594985962,4.29402637481689,4.50696563720703,4.27268362045288,4.36961078643799,4.29094123840332,4.45855617523193,4.61639547348022,4.63919401168823
164,4.21278715133667,4.18804454803467,4.32280921936035,4.31440162658691,4.56417369842529,4.55551719665527,4.08084774017334,4.11801481246948,4.28239917755127,4.25109815597534,4.37105798721313,4.58128261566162,4.39800834655762,4.34504270553589,4.30143547058105,4.40045928955078,4.59017467498779,4.59892892837524
165,4.19232702255249,4.1584906578064,4.30209875106812,4.30693864822388,4.53755950927734,4.52098751068115,4.15157175064087,4.13363075256348,4.35268974304199,4.38974571228027,4.4052882194519,4.64085006713867,4.38794612884521,4.31714868545532,4.35783100128174,4.40270280838013,4.54345941543579,4.64478778839111
166,4.10975027084351,4.08889389038086,4.25986289978027,4.24817180633545,4.48718023300171,4.45779228210449,3.98076200485229,4.01134586334229,4.15606880187988,4.19780397415161,4.24557304382324,4.45829296112061,4.3480372428894,4.32795238494873,4.39422035217285,4.34598779678345,4.53337001800537,4.63095235824585
167,4.12108707427979,4.08330106735229,4.25556755065918,4.26083421707153,4.49824333190918,4.48594617843628,3.86219716072083,3.89421796798706,4.05704832077026,4.13230562210083,4.21929740905762,4.40009593963623,4.09472513198853,4.21015501022339,4.30839061737061,4.26484155654907,4.52723836898804,4.56750106811523
168,4.08953285217285,4.08754348754883,4.25995826721191,4.29315376281738,4.52825164794922,4.5056848526001,4.16192150115967,4.12523889541626,4.32754182815552,4.34760093688965,4.49711656570435,4.68078517913818,4.2090368270874,4.23736095428467,4.33456945419312,4.3230357170105,4.56717777252197,4.6047945022583
169,4.11418533325195,4.10685586929321,4.28813505172729,4.29964542388916,4.539306640625,4.53219079971313,3.96487402915955,4.02301502227783,4.19149017333984,4.27490472793579,4.34854078292847,4.56666612625122,4.16946887969971,4.12814950942993,4.23845720291138,4.25612926483154,4.50337171554565,4.59383058547974
170,4.06995534896851,4.06906700134277,4.27551412582397,4.27039098739624,4.47619152069092,4.47143983840942,3.88678383827209,4.05819654464722,4.25153350830078,4.3169379234314,4.43646240234375,4.61565399169922,4.0949912071228,4.17508220672607,4.29697561264038,4.29781818389893,4.50926303863525,4.5844407081604
171,4.09161996841431,4.04339361190796,4.25785493850708,4.24620866775513,4.45361661911011,4.45054626464844,4.01676988601685,4.03582286834717,4.17503356933594,4.25168323516846,4.27018594741821,4.55471801757812,4.04716730117798,4.00476741790771,4.21041679382324,4.2210636138916,4.39915657043457,4.54959392547607
172,4.01487636566162,3.98295545578003,4.19947719573975,4.18622016906738,4.39969062805176,4.40600347518921,4.24661731719971,4.10837650299072,4.24905586242676,4.33274126052856,4.35404968261719,4.63617610931396,4.16525220870972,4.0630350112915,4.25727462768555,4.24249982833862,4.41813087463379,4.56276178359985
173,3.96926140785217,3.96416163444519,4.17821741104126,4.17559432983398,4.38470363616943,4.38689613342285,4.15529203414917,4.08035516738892,4.18209409713745,4.26392412185669,4.32058906555176,4.5527548789978,4.19250345230103,4.07345962524414,4.23088598251343,4.25921392440796,4.38015127182007,4.54512596130371
174,4.00974655151367,3.9831862449646,4.20577192306519,4.20520114898682,4.3996057510376,4.42392921447754,4.19335508346558,4.13902950286865,4.33994483947754,4.34556818008423,4.44874572753906,4.69666957855225,4.16920804977417,4.14814376831055,4.28378486633301,4.30469131469727,4.44611740112305,4.57023096084595
175,4.00287628173828,3.94565010070801,4.18564748764038,4.17411231994629,4.39735651016235,4.44521474838257,4.12814712524414,4.08079147338867,4.24553966522217,4.25717163085938,4.34959983825684,4.5866379737854,4.17626571655273,4.06573915481567,4.20473146438599,4.23548889160156,4.38181447982788,4.52763319015503
176,3.97540211677551,3.93395304679871,4.15391874313354,4.16321992874146,4.41123104095459,4.43036937713623,4.07551097869873,4.07483530044556,4.25972604751587,4.31110286712646,4.47644853591919,4.65322065353394,4.16400957107544,4.16337776184082,4.26369667053223,4.37140417098999,4.47508001327515,4.56768417358398
177,3.96548008918762,3.92354345321655,4.1564359664917,4.15592670440674,4.39698553085327,4.40692090988159,3.93073964118958,4.03851127624512,4.1888165473938,4.23194026947021,4.38207864761353,4.53856039047241,4.05003023147583,4.06075572967529,4.14567613601685,4.223548412323,4.42194032669067,4.49626493453979
178,4.02898216247559,3.91449427604675,4.13439035415649,4.13852310180664,4.38305234909058,4.41117668151855,3.92482709884644,3.98682808876038,4.14146995544434,4.20733833312988,4.33070707321167,4.50005769729614,4.21345901489258,4.10181522369385,4.23895502090454,4.29715871810913,4.46594858169556,4.57057476043701
179,3.9368143081665,3.85272169113159,4.09400606155396,4.09709930419922,4.32945203781128,4.35599374771118,3.87419438362122,3.95569038391113,4.10356950759888,4.14898109436035,4.28453493118286,4.45228910446167,4.16480827331543,4.08229494094849,4.20626163482666,4.23486042022705,4.42300891876221,4.57706546783447
180,3.97373151779175,3.88042712211609,4.10613965988159,4.12298154830933,4.33612775802612,4.37437677383423,3.94284844398499,4.00096702575684,4.19039964675903,4.23357200622559,4.39576959609985,4.55118274688721,4.21332788467407,4.1354193687439,4.27103185653687,4.33558559417725,4.46152210235596,4.62503528594971
181,3.99522542953491,3.93636989593506,4.16304874420166,4.17001104354858,4.34902572631836,4.39372539520264,4.10635566711426,4.08945655822754,4.28320455551147,4.29396152496338,4.46452379226685,4.64885187149048,4.24868488311768,4.11063861846924,4.26355314254761,4.29396104812622,4.4461669921875,4.62442970275879
182,4.07316923141479,3.96497869491577,4.19792366027832,4.16096210479736,4.35906553268433,4.40645599365234,4.19754505157471,4.14896965026855,4.34876012802124,4.34104204177856,4.44989585876465,4.73129415512085,4.20251989364624,4.06719350814819,4.15851831436157,4.21573114395142,4.34286689758301,4.53989839553833
183,4.04764652252197,3.91524052619934,4.12752103805542,4.11636924743652,4.33678770065308,4.3996205329895,4.20932722091675,4.15723562240601,4.3374981880188,4.32843255996704,4.43991994857788,4.69065284729004,4.21903467178345,4.06669235229492,4.20583343505859,4.25531530380249,4.39155292510986,4.56319093704224
184,4.01004791259766,3.90472078323364,4.12331819534302,4.14692497253418,4.39081859588623,4.41385555267334,4.16896963119507,4.11779165267944,4.33965682983398,4.36419010162354,4.49057531356812,4.68909311294556,4.24259757995605,4.13012170791626,4.2430739402771,4.35977649688721,4.44450569152832,4.61811923980713
185,3.99926257133484,3.92750024795532,4.10339307785034,4.16238927841187,4.42545652389526,4.45765209197998,4.16963958740234,4.10786437988281,4.30025148391724,4.32424306869507,4.48324728012085,4.66332626342773,4.19351959228516,4.11863899230957,4.25984334945679,4.38065719604492,4.44006204605103,4.61818599700928
186,4.01968479156494,3.94291067123413,4.15483617782593,4.17351961135864,4.44344186782837,4.4933123588562,3.96818876266479,4.02731227874756,4.22595453262329,4.25055742263794,4.35906791687012,4.60681533813477,4.02788925170898,4.04043960571289,4.15607786178589,4.28943395614624,4.41462230682373,4.56011390686035
187,3.963050365448,3.88767385482788,4.09250783920288,4.10590314865112,4.3706431388855,4.40970516204834,3.96217894554138,3.96013355255127,4.19582462310791,4.23546314239502,4.34008836746216,4.60671091079712,4.03039884567261,3.9621958732605,4.11218166351318,4.24824380874634,4.38972282409668,4.52446269989014
188,3.97714304924011,3.92483282089233,4.09807538986206,4.13924264907837,4.42717456817627,4.45328330993652,3.9974844455719,4.01569986343384,4.25960397720337,4.2558331489563,4.44003057479858,4.64537048339844,3.99235510826111,4.06198930740356,4.14635324478149,4.31400156021118,4.42924833297729,4.53668594360352
189,4.07498264312744,4.0146050453186,4.18579244613647,4.21410512924194,4.48601531982422,4.49256277084351,3.9207227230072,3.94443893432617,4.19278573989868,4.20161485671997,4.39792490005493,4.58968210220337,4.02779626846313,4.0145058631897,4.10732412338257,4.28963804244995,4.39050102233887,4.44727373123169
190,4.11342906951904,4.03248023986816,4.19644212722778,4.22468185424805,4.49721479415894,4.5202898979187,3.91946029663086,3.97958517074585,4.18016719818115,4.22725820541382,4.4092903137207,4.55863952636719,4.15543556213379,4.10103988647461,4.15351438522339,4.33418369293213,4.39200592041016,4.45796537399292
191,4.07514667510986,4.03928470611572,4.19404363632202,4.20911836624146,4.49491214752197,4.4923529624939,3.82059812545776,3.92739629745483,4.1286768913269,4.19412708282471,4.30741453170776,4.54825878143311,3.98085498809814,4.04321908950806,4.14296579360962,4.32305145263672,4.43325901031494,4.49030733108521
192,4.10719776153564,4.05759048461914,4.20596742630005,4.2043023109436,4.50849580764771,4.51307153701782,3.73671388626099,3.87641167640686,4.10069561004639,4.15365934371948,4.26675224304199,4.49616384506226,3.97325897216797,4.09018564224243,4.17938375473022,4.32309627532959,4.40323400497437,4.47889280319214
193,4.07262992858887,4.04483938217163,4.19746160507202,4.23084497451782,4.51098012924194,4.49555826187134,4.01305294036865,4.0324649810791,4.2245888710022,4.30112648010254,4.36296606063843,4.6508674621582,4.08517503738403,4.09164190292358,4.1788272857666,4.29309177398682,4.38420009613037,4.47435569763184
194,4.04109001159668,4.06779289245605,4.23412990570068,4.22669887542725,4.52344942092896,4.50198888778687,3.89809846878052,3.98821949958801,4.14671277999878,4.2504711151123,4.30381202697754,4.54547834396362,4.12887907028198,4.18518543243408,4.2711009979248,4.34630107879639,4.46554136276245,4.53133392333984
195,4.11545419692993,4.10184335708618,4.26184988021851,4.28166198730469,4.55736875534058,4.53099966049194,4.11504316329956,4.04915904998779,4.17852354049683,4.30455541610718,4.32838201522827,4.58941793441772,4.24126863479614,4.15440464019775,4.26646661758423,4.34515714645386,4.4230751991272,4.51784896850586
196,4.15383577346802,4.13132858276367,4.30921459197998,4.29338550567627,4.56214332580566,4.53604221343994,4.06478643417358,4.05433368682861,4.24384689331055,4.3481125831604,4.40618562698364,4.61358308792114,4.19746541976929,4.19007539749146,4.24507999420166,4.33046913146973,4.4550256729126,4.49811553955078
197,4.10795116424561,4.10492658615112,4.25212001800537,4.25713348388672,4.5309476852417,4.50526428222656,4.1242618560791,4.11484336853027,4.27353811264038,4.39015102386475,4.4633321762085,4.68638944625854,4.2788233757019,4.21700382232666,4.2568736076355,4.346848487854,4.50155591964722,4.53603076934814
