"DATE","Uniform_Volatility","Entropy_Volatility","PER_Volatility"
1,0.09947869181633,0.10437399148941,0.0807518661022186
2,0.0966375321149826,0.0995164215564728,0.07186159491539
3,0.0932009816169739,0.105949737131596,0.0702708438038826
4,0.0923711434006691,0.11304547637701,0.0637782141566277
5,0.0911789238452911,0.112843692302704,0.0645868107676506
6,0.0999013334512711,0.10849104821682,0.0659755244851112
7,0.0944499149918556,0.111410669982433,0.0660367012023926
8,0.0900705084204674,0.115573354065418,0.0604310557246208
9,0.0904126018285751,0.118652828037739,0.061939962208271
10,0.0918261110782623,0.116768442094326,0.0653610974550247
11,0.0913549736142159,0.114862166345119,0.0668671056628227
12,0.0933645367622375,0.118168830871582,0.069624662399292
13,0.0938740596175194,0.116583816707134,0.0679226592183113
14,0.0957473143935204,0.120873339474201,0.0661339238286018
15,0.0959901809692383,0.110559210181236,0.0655238926410675
16,0.0981565117835999,0.109579101204872,0.0608287006616592
17,0.0939833223819733,0.107265450060368,0.0605221800506115
18,0.0969931334257126,0.105077043175697,0.0598020404577255
19,0.097163587808609,0.092883437871933,0.0595896653831005
20,0.0958858504891396,0.102148585021496,0.0614379532635212
21,0.0898499637842178,0.10106734931469,0.0602515265345573
22,0.0981750935316086,0.106086760759354,0.0668162852525711
23,0.0971095785498619,0.0985560789704323,0.0612128935754299
24,0.0947986766695976,0.0993988588452339,0.0633833706378937
25,0.088233157992363,0.100303947925568,0.0662637129426003
26,0.0906669273972511,0.104962915182114,0.0701934173703194
27,0.0861183926463127,0.102782875299454,0.0644403547048569
28,0.0902735814452171,0.109857782721519,0.0699824765324593
29,0.0849642977118492,0.10316327214241,0.068477064371109
30,0.0815780833363533,0.110816113650799,0.0682926923036575
31,0.0853070169687271,0.116794422268867,0.0711217373609543
32,0.0879501402378082,0.117894634604454,0.0746092572808266
33,0.0926263108849525,0.109078206121922,0.0683284774422646
34,0.0917464643716812,0.112791173160076,0.0689527243375778
35,0.0822663828730583,0.1109469383955,0.0702786669135094
36,0.0836929604411125,0.121307246387005,0.0753971040248871
37,0.0847674235701561,0.111434251070023,0.0687668025493622
38,0.090729221701622,0.116090051829815,0.0670435503125191
39,0.0795019716024399,0.101852066814899,0.0726869180798531
40,0.0856098830699921,0.121449209749699,0.0804055258631706
41,0.0858715698122978,0.12027345597744,0.079771876335144
42,0.0826908871531487,0.114521458745003,0.0796724185347557
43,0.0827311277389526,0.105596929788589,0.0792466551065445
44,0.0855543613433838,0.109098710119724,0.0787492543458939
45,0.0865591317415237,0.103763982653618,0.0774581208825111
46,0.0924277231097221,0.109088614583015,0.0803773328661919
47,0.0877538770437241,0.101850725710392,0.0727080553770065
48,0.0884156972169876,0.111516326665878,0.078406848013401
49,0.0947858393192291,0.113664217293262,0.0753682553768158
50,0.0933913663029671,0.105659738183022,0.0701413825154305
51,0.0974682867527008,0.127266258001328,0.074022464454174
52,0.100788332521915,0.107416599988937,0.0738287717103958
53,0.0982813388109207,0.120265483856201,0.0805786699056625
54,0.0941174253821373,0.120829038321972,0.0799374952912331
55,0.0987183004617691,0.137580424547195,0.0747896432876587
56,0.0979248136281967,0.149567827582359,0.0743653327226639
57,0.0973218977451324,0.150861799716949,0.0659557804465294
58,0.0977990701794624,0.156429275870323,0.0700328275561333
59,0.0961234718561172,0.147281959652901,0.0737902000546455
60,0.0968934744596481,0.143277853727341,0.0718551352620125
61,0.0959546715021133,0.138796269893646,0.072503037750721
62,0.095567025244236,0.128991514444351,0.0777613818645477
63,0.0943074375391006,0.12288910150528,0.0778303891420364
64,0.0956015139818192,0.111375480890274,0.0811025574803352
65,0.0929367542266846,0.116917066276073,0.0796819403767586
66,0.0916881263256073,0.121687762439251,0.0768735557794571
67,0.0940030962228775,0.137054905295372,0.080081395804882
68,0.0904153883457184,0.139767035841942,0.0711604133248329
69,0.0922407582402229,0.118962727487087,0.0674103051424026
70,0.0914234220981598,0.104523830115795,0.0748273730278015
71,0.0919825881719589,0.102369986474514,0.0732675790786743
72,0.0964863821864128,0.0870594382286072,0.0767294466495514
73,0.0906569287180901,0.0857149586081505,0.0839807167649269
74,0.0886842831969261,0.103394106030464,0.0751820728182793
75,0.0898389667272568,0.0904976353049278,0.0731295347213745
76,0.0850022658705711,0.0951811820268631,0.0719086825847626
77,0.0839475020766258,0.0912307724356651,0.0807934924960136
78,0.0836718752980232,0.090637318789959,0.0728687047958374
79,0.0844559893012047,0.0921063795685768,0.0758148208260536
80,0.0848049074411392,0.094195120036602,0.066773995757103
81,0.0837083086371422,0.095844954252243,0.0745073780417442
82,0.0815412178635597,0.0967951267957687,0.0608147345483303
83,0.0781376212835312,0.0957106575369835,0.0722848773002625
84,0.0791269689798355,0.0863053053617477,0.0682330429553986
85,0.0755028948187828,0.0893599763512611,0.0657554715871811
86,0.0750665813684464,0.0836189463734627,0.05896170809865
87,0.0757032260298729,0.0938113257288933,0.0569391995668411
88,0.0784834250807762,0.09353007376194,0.0537028647959232
89,0.0773311406373978,0.0940297767519951,0.0530106388032436
90,0.0781415402889252,0.0985815078020096,0.0547487027943134
91,0.0809928327798843,0.0961882323026657,0.054988294839859
92,0.0774563327431679,0.0956689417362213,0.0551579222083092
93,0.0819136574864388,0.102854132652283,0.0543566979467869
94,0.0869829282164574,0.103243015706539,0.0540506169199944
95,0.0906336307525635,0.110425814986229,0.0542395934462547
96,0.0880679339170456,0.107616685330868,0.0556723438203335
97,0.0864453092217445,0.104172810912132,0.0596618354320526
98,0.0876889228820801,0.104985430836678,0.0588730126619339
99,0.0937114581465721,0.109931893646717,0.0564721971750259
100,0.0887731984257698,0.112948067486286,0.0548698827624321
101,0.0873114094138145,0.113467290997505,0.0586957223713398
102,0.0842782706022263,0.108782120049,0.0554093532264233
103,0.0850763693451881,0.110650174319744,0.0632292479276657
104,0.0875825509428978,0.108919471502304,0.054932676255703
105,0.0871591195464134,0.115279302000999,0.0578416958451271
106,0.0875300765037537,0.104117251932621,0.0601724237203598
107,0.0878586322069168,0.113984182476997,0.0610272958874702
108,0.0834859386086464,0.103455230593681,0.0621179081499577
109,0.084677554666996,0.10271655023098,0.0622884258627892
110,0.0828692018985748,0.104191705584526,0.0687643438577652
111,0.0843349173665047,0.104879587888718,0.0659900903701782
112,0.0883620828390121,0.112785704433918,0.0644551068544388
113,0.0831582918763161,0.115146167576313,0.0736189112067223
114,0.081856295466423,0.108374409377575,0.0730509907007217
115,0.0811610519886017,0.112706206738949,0.0695046707987785
116,0.086299791932106,0.112816780805588,0.0660427510738373
117,0.0858450680971146,0.108163110911846,0.0674341693520546
118,0.0838644877076149,0.0961036011576653,0.0665951818227768
119,0.0830389782786369,0.100818261504173,0.0658389776945114
120,0.0792616680264473,0.0884467139840126,0.0581280179321766
121,0.0822054073214531,0.0991784781217575,0.058850821107626
122,0.0815832540392876,0.0911651477217674,0.0556331686675549
123,0.074099175632,0.0900832265615463,0.0564335323870182
124,0.0735410451889038,0.0924133732914925,0.0581320412456989
125,0.0756192356348038,0.0946706235408783,0.0558632053434849
126,0.0732486918568611,0.103611454367638,0.0516001805663109
127,0.0726328939199448,0.101504549384117,0.0541464798152447
128,0.078773632645607,0.105227902531624,0.058124128729105
129,0.0788503587245941,0.106238268315792,0.0609374716877937
130,0.0800230950117111,0.109167113900185,0.0603112429380417
131,0.0852156355977058,0.10931184142828,0.0552004426717758
132,0.083328440785408,0.104119494557381,0.0512757711112499
133,0.0793181136250496,0.105919621884823,0.0554213263094425
134,0.0830818265676498,0.108460508286953,0.0544400438666344
135,0.0793788731098175,0.108326017856598,0.0527919977903366
136,0.0793476551771164,0.111685991287231,0.0574396662414074
137,0.0792842656373978,0.109032742679119,0.0510950945317745
138,0.0766894668340683,0.110619209706783,0.0551535449922085
139,0.0806069895625114,0.110815696418285,0.0579946301877499
140,0.0784460455179214,0.106468848884106,0.0559582747519016
141,0.075450137257576,0.116783782839775,0.058946531265974
142,0.0804813876748085,0.107683338224888,0.0596774183213711
143,0.0811695009469986,0.120719358325005,0.0569538474082947
144,0.0884520635008812,0.132236063480377,0.0569656118750572
145,0.0914083793759346,0.121855460107327,0.0684721618890762
146,0.093355119228363,0.133109509944916,0.072546623647213
147,0.0930529832839966,0.139032378792763,0.0666823983192444
148,0.0929693654179573,0.122863382101059,0.0638070553541183
149,0.0916947200894356,0.123834684491158,0.0710102245211601
150,0.085098884999752,0.111061498522758,0.0687602758407593
151,0.089415967464447,0.115017771720886,0.0645750612020493
152,0.0878303050994873,0.113797195255756,0.0625299587845802
153,0.0826633796095848,0.10572887212038,0.0674294233322144
154,0.0885753855109215,0.114402115345001,0.0644003674387932
155,0.0883453041315079,0.108983807265759,0.0716541483998299
156,0.0882134884595871,0.0996842682361603,0.0675483420491219
157,0.0885560661554337,0.103627994656563,0.0673054978251457
158,0.0868496522307396,0.112003169953823,0.0771455839276314
159,0.0889577940106392,0.107859194278717,0.0623966380953789
160,0.0804316028952599,0.102508090436459,0.065048411488533
161,0.0844581052660942,0.106274925172329,0.0596219561994076
162,0.0839589461684227,0.10666412115097,0.0530931986868382
163,0.0862619876861572,0.102031260728836,0.0538333095610142
164,0.0846493095159531,0.0968906581401825,0.0549815744161606
165,0.0830697640776634,0.0893400683999062,0.0633251890540123
166,0.083171121776104,0.0981701016426086,0.0665681883692741
167,0.0779848843812943,0.104753322899342,0.0624722130596638
168,0.0778954923152924,0.0944013446569443,0.0584988221526146
169,0.0779429376125336,0.104622282087803,0.0600068233907223
170,0.0783556252717972,0.0896446332335472,0.0581399500370026
171,0.0759824886918068,0.10743897408247,0.0556768849492073
172,0.0802219361066818,0.0981530696153641,0.0547557435929775
173,0.0835223868489265,0.100031711161137,0.0532268434762955
174,0.0753478109836578,0.0922159925103188,0.054481465369463
175,0.0776656940579414,0.096812404692173,0.05583605915308
176,0.0806606933474541,0.093397431075573,0.0531022548675537
177,0.0787411481142044,0.0959380567073822,0.0553202778100967
178,0.0804464444518089,0.103172421455383,0.0553542487323284
179,0.0822392031550407,0.107804089784622,0.0552612654864788
180,0.0838942006230354,0.103263035416603,0.0508477725088596
181,0.0797821879386902,0.0926365852355957,0.0522627644240856
182,0.0805569440126419,0.0908080711960793,0.0557492971420288
183,0.0836692526936531,0.0919624641537666,0.0548654347658157
184,0.0827658548951149,0.0937565118074417,0.0533906482160091
185,0.0815872177481651,0.0952265709638596,0.0551921725273132
186,0.0811398699879646,0.102323487401009,0.0577024519443512
187,0.0864341482520103,0.108075402677059,0.0560349635779858
188,0.0885805413126945,0.103922061622143,0.0563655272126198
189,0.0834509879350662,0.106162741780281,0.0549307875335217
190,0.0857911482453346,0.1101238951087,0.055013120174408
191,0.0852935686707497,0.106596402823925,0.060945175588131
192,0.0839120969176292,0.104945600032806,0.0587847493588924
193,0.0836027190089226,0.10293110460043,0.0638963356614113
194,0.0804074704647064,0.102300353348255,0.0603626035153866
195,0.0786545872688293,0.105808183550835,0.0585117749869823
196,0.0785478055477142,0.0954630374908447,0.0565979704260826
197,0.0825887769460678,0.0945636257529259,0.0619839243590832
