"DATE","EconomicLevel","EconomicSlope","EconomicCurvature"
1,0.905347645282745,0.437867313623428,-0.195757985115051
2,1.19449090957642,0.531114161014557,-0.277689516544342
3,1.4089103937149,0.516651272773743,-0.278613835573196
4,1.31997919082642,0.39706689119339,-0.289547711610794
5,1.34563803672791,0.415665805339813,-0.331379443407059
6,1.26125085353851,0.445169001817703,-0.301939994096756
7,1.15073502063751,0.48862412571907,-0.30500653386116
8,1.17166662216187,0.445118546485901,-0.286648124456406
9,1.14115929603577,0.434904962778091,-0.262687742710114
10,1.00696313381195,0.427058815956116,-0.23599798977375
11,1.03593039512634,0.428137838840485,-0.267105966806412
12,1.09996891021729,0.463659793138504,-0.259752869606018
13,1.03066492080688,0.496040314435959,-0.232510283589363
14,1.03932571411133,0.487654000520706,-0.228759229183197
15,1.02378797531128,0.476209282875061,-0.260598421096802
16,0.864734828472137,0.480416029691696,-0.251470416784286
17,0.991140902042389,0.529892921447754,-0.304805189371109
18,1.04802787303925,0.562292098999023,-0.265349477529526
19,1.37223589420319,0.597376704216003,-0.290545850992203
20,1.27681517601013,0.529193043708801,-0.289222866296768
21,1.04799616336823,0.450051963329315,-0.356751441955566
22,0.915372788906097,0.484523087739944,-0.216622442007065
23,1.13110256195068,0.552913546562195,-0.32261711359024
24,1.0783224105835,0.580591082572937,-0.319232165813446
25,1.13984322547913,0.596057176589966,-0.294369161128998
26,1.08610928058624,0.565996766090393,-0.269790530204773
27,1.23417663574219,0.571236789226532,-0.326933860778809
28,1.20691573619843,0.54449450969696,-0.277131378650665
29,1.25279533863068,0.631026387214661,-0.337027698755264
30,1.0730437040329,0.538576722145081,-0.245875552296638
31,1.10494196414948,0.514525413513184,-0.239900052547455
32,0.963428318500519,0.494837313890457,-0.226528659462929
33,0.767279863357544,0.474142402410507,-0.189475104212761
34,0.986783683300018,0.555079996585846,-0.234909132122993
35,0.978701174259186,0.528902530670166,-0.237456128001213
36,0.958920955657959,0.470470011234283,-0.201847717165947
37,0.990377604961395,0.46097868680954,-0.178859680891037
38,1.08488774299622,0.504365622997284,-0.208451271057129
39,1.09817016124725,0.390999346971512,-0.216974377632141
40,1.18929886817932,0.442579746246338,-0.177100956439972
41,1.20850813388824,0.481491655111313,-0.241287425160408
42,1.24181687831879,0.43976554274559,-0.230500057339668
43,1.11551678180695,0.39159694314003,-0.196251466870308
44,1.17854833602905,0.482290953397751,-0.209326341748238
45,1.11045157909393,0.453413009643555,-0.154970481991768
46,1.30087983608246,0.526576459407806,-0.150325357913971
47,1.23617684841156,0.513388931751251,-0.224962398409843
48,1.0436532497406,0.376885235309601,-0.109658688306808
49,1.17948114871979,0.401943862438202,-0.157765552401543
50,1.15604138374329,0.381932735443115,-0.14326947927475
51,1.13926577568054,0.461573362350464,-0.107889600098133
52,1.37572371959686,0.567804038524628,-0.168400600552559
53,1.04157865047455,0.36263969540596,-0.259218394756317
54,0.956831574440002,0.155262753367424,-0.256606668233871
55,1.08195865154266,0.0976955071091652,-0.310340136289597
56,1.31264090538025,0.230529695749283,-0.36003166437149
57,1.48319172859192,0.204317688941956,-0.411636412143707
58,1.55345702171326,0.35612228512764,-0.402113884687424
59,1.35866737365723,0.313481718301773,-0.398028761148453
60,1.34687054157257,0.350297451019287,-0.437494486570358
61,1.47936046123505,0.39444237947464,-0.468171089887619
62,1.42212450504303,0.410918265581131,-0.409803003072739
63,1.38329315185547,0.398823261260986,-0.440732508897781
64,1.31562006473541,0.492260009050369,-0.411085337400436
65,1.41144275665283,0.493094831705093,-0.377486646175385
66,1.32250082492828,0.57692551612854,-0.357734948396683
67,1.25664889812469,0.60733562707901,-0.338701188564301
68,1.16275084018707,0.506308794021606,-0.332765340805054
69,0.91647469997406,0.522531032562256,-0.303327798843384
70,1.19554138183594,0.447274953126907,-0.355135679244995
71,1.0687667131424,0.485584646463394,-0.243033975362778
72,1.26145434379578,0.481891304254532,-0.242542028427124
73,1.55746650695801,0.476164489984512,-0.216362342238426
74,1.6314263343811,0.44230392575264,-0.203510105609894
75,1.79357612133026,0.49797335267067,-0.261553347110748
76,1.77997994422913,0.417503297328949,-0.286807388067245
77,1.69469249248505,0.436012774705887,-0.237007573246956
78,1.76021909713745,0.433549016714096,-0.304567754268646
79,1.71838402748108,0.376873135566711,-0.227752357721329
80,1.78250086307526,0.419829368591309,-0.300764709711075
81,1.731480717659,0.464566975831985,-0.266744554042816
82,1.86265921592712,0.421151578426361,-0.360290884971619
83,1.75599372386932,0.432154983282089,-0.330663710832596
84,1.81767892837524,0.51678478717804,-0.372628927230835
85,1.74854576587677,0.543797016143799,-0.387143731117249
86,1.77508521080017,0.572719514369965,-0.381989389657974
87,1.79547727108002,0.469022899866104,-0.27036926150322
88,1.83160638809204,0.570587992668152,-0.371704697608948
89,1.69948029518127,0.625980198383331,-0.374839395284653
90,1.61204791069031,0.618304908275604,-0.348756641149521
91,1.74257624149323,0.542560458183289,-0.315377295017242
92,1.77479445934296,0.51915830373764,-0.306731730699539
93,1.87318968772888,0.52313357591629,-0.354880839586258
94,1.84040296077728,0.48638853430748,-0.358734488487244
95,1.70752239227295,0.409217834472656,-0.298741787672043
96,1.73511207103729,0.459229439496994,-0.350588351488113
97,1.81064105033875,0.520775735378265,-0.371190398931503
98,1.75179576873779,0.463959902524948,-0.349255710840225
99,1.84905576705933,0.474146634340286,-0.369761735200882
100,1.81740784645081,0.54052472114563,-0.425652265548706
101,1.90202808380127,0.542728126049042,-0.381198912858963
102,1.82839345932007,0.611652374267578,-0.380561321973801
103,1.59911406040192,0.576529145240784,-0.349595308303833
104,1.56045615673065,0.722901165485382,-0.361440807580948
105,1.48448860645294,0.680470705032349,-0.317839384078979
106,1.58177006244659,0.752337634563446,-0.32107338309288
107,1.63335931301117,0.674162089824677,-0.301894128322601
108,1.56490159034729,0.664766192436218,-0.333978086709976
109,1.30757284164429,0.656949698925018,-0.299744576215744
110,1.35633909702301,0.630279064178467,-0.278892189264297
111,1.30931735038757,0.579838633537292,-0.229399710893631
112,1.3673620223999,0.596216380596161,-0.26281014084816
113,1.49001669883728,0.529667973518372,-0.214684218168259
114,1.60704684257507,0.575590491294861,-0.296233892440796
115,1.44492864608765,0.460990160703659,-0.256992965936661
116,1.49598586559296,0.598899960517883,-0.240866556763649
117,1.5772705078125,0.642003059387207,-0.310820788145065
118,1.39677202701569,0.568094193935394,-0.318989098072052
119,1.32238173484802,0.579348623752594,-0.289256989955902
120,1.48075687885284,0.528812050819397,-0.288358509540558
121,1.52888441085815,0.529810607433319,-0.280452787876129
122,1.60667061805725,0.547629177570343,-0.338549047708511
123,1.61056065559387,0.506237089633942,-0.285656154155731
124,1.44507479667664,0.481987208127975,-0.221689864993095
125,1.64547824859619,0.478244692087173,-0.253213346004486
126,1.58511769771576,0.470047533512115,-0.26290887594223
127,1.66423892974854,0.510611355304718,-0.327436029911041
128,1.6205278635025,0.553928732872009,-0.25405552983284
129,1.73353624343872,0.562272131443024,-0.31472435593605
130,1.49584984779358,0.641994774341583,-0.275093764066696
131,1.60714268684387,0.604359209537506,-0.344422042369843
132,1.59343540668488,0.70608514547348,-0.345703482627869
133,1.56664252281189,0.587696850299835,-0.324657768011093
134,1.72379732131958,0.643125236034393,-0.326537787914276
135,1.69338691234589,0.661434829235077,-0.320032894611359
136,1.51668381690979,0.593992948532104,-0.309702157974243
137,1.73743855953217,0.677628934383392,-0.346466869115829
138,1.64117193222046,0.664191246032715,-0.300537824630737
139,1.79769432544708,0.6143758893013,-0.27733051776886
140,1.77403151988983,0.643955707550049,-0.36277112364769
141,1.76084530353546,0.531505107879639,-0.260426610708237
142,1.85569787025452,0.623721301555634,-0.268935084342957
143,1.73430252075195,0.626898944377899,-0.314051926136017
144,1.53367793560028,0.562065303325653,-0.231604784727097
145,1.66947793960571,0.517486333847046,-0.281771123409271
146,1.88440811634064,0.490843921899796,-0.303958535194397
147,1.92487704753876,0.347482085227966,-0.349027931690216
148,1.95519304275513,0.423784762620926,-0.362233132123947
149,1.91024196147919,0.517563760280609,-0.329052418470383
150,1.90226447582245,0.449454993009567,-0.313103049993515
151,1.89642608165741,0.480832129716873,-0.337603151798248
152,1.84082520008087,0.496309846639633,-0.377934128046036
153,1.74427783489227,0.483820408582687,-0.29472827911377
154,1.79044044017792,0.506580948829651,-0.28045728802681
155,1.71721720695496,0.556239426136017,-0.250628083944321
156,1.70411336421967,0.488297492265701,-0.234861880540848
157,1.76005613803864,0.487610846757889,-0.193290859460831
158,1.76745557785034,0.437856912612915,-0.17231447994709
159,1.78539001941681,0.454580903053284,-0.273260533809662
160,1.8870564699173,0.523774325847626,-0.257151186466217
161,1.70956587791443,0.461772441864014,-0.275107562541962
162,1.58870029449463,0.623889625072479,-0.226613193750381
163,1.6848076581955,0.617869436740875,-0.246315211057663
164,1.73283016681671,0.516499519348145,-0.233062908053398
165,1.86315095424652,0.549311757087708,-0.170410186052322
166,1.74956512451172,0.429227530956268,-0.151661887764931
167,1.65732419490814,0.428576350212097,-0.265433847904205
168,1.7009072303772,0.541453540325165,-0.327593624591827
169,1.7500376701355,0.539386391639709,-0.302414506673813
170,1.61911034584045,0.580042719841003,-0.383595645427704
171,1.56695890426636,0.544674277305603,-0.349890887737274
172,1.68674039840698,0.48941245675087,-0.345007210969925
173,1.66403305530548,0.493345826864243,-0.333342045545578
174,1.71241974830627,0.524236917495728,-0.356928616762161
175,1.69341790676117,0.511386454105377,-0.2926324903965
176,1.71767699718475,0.642933130264282,-0.34461385011673
177,1.55161869525909,0.593358814716339,-0.303536415100098
178,1.72982907295227,0.606345176696777,-0.304694473743439
179,1.6286004781723,0.536785006523132,-0.256522685289383
180,1.70747411251068,0.580048680305481,-0.323108971118927
181,1.82298672199249,0.521319806575775,-0.332397550344467
182,1.84932339191437,0.440147787332535,-0.30671700835228
183,1.81094264984131,0.411590844392776,-0.264793872833252
184,1.87501072883606,0.56301736831665,-0.3646499812603
185,1.87556886672974,0.597293853759766,-0.349437355995178
186,1.66216254234314,0.57571280002594,-0.287043333053589
187,1.6380443572998,0.574721395969391,-0.299509614706039
188,1.58105289936066,0.593492269515991,-0.336120963096619
189,1.68400239944458,0.629080176353455,-0.354054272174835
190,1.71240639686584,0.667441368103027,-0.330890536308289
191,1.6643123626709,0.674280345439911,-0.293513596057892
192,1.67790031433105,0.62334406375885,-0.318020731210709
193,1.7737500667572,0.578654885292053,-0.28549712896347
194,1.80886077880859,0.577789306640625,-0.288724392652512
195,1.83478558063507,0.531374335289001,-0.27871161699295
196,1.76811158657074,0.50565367937088,-0.295048236846924
197,1.88782215118408,0.547038972377777,-0.262283205986023
