"DATE","Volatility"
1,0.0807518661022186
2,0.07186159491539
3,0.0702708438038826
4,0.0637782141566277
5,0.0645868107676506
6,0.0659755244851112
7,0.0660367012023926
8,0.0604310557246208
9,0.061939962208271
10,0.0653610974550247
11,0.0668671056628227
12,0.069624662399292
13,0.0679226592183113
14,0.0661339238286018
15,0.0655238926410675
16,0.0608287006616592
17,0.0605221800506115
18,0.0598020404577255
19,0.0595896653831005
20,0.0614379532635212
21,0.0602515265345573
22,0.0668162852525711
23,0.0612128935754299
24,0.0633833706378937
25,0.0662637129426003
26,0.0701934173703194
27,0.0644403547048569
28,0.0699824765324593
29,0.068477064371109
30,0.0682926923036575
31,0.0711217373609543
32,0.0746092572808266
33,0.0683284774422646
34,0.0689527243375778
35,0.0702786669135094
36,0.0753971040248871
37,0.0687668025493622
38,0.0670435503125191
39,0.0726869180798531
40,0.0804055258631706
41,0.079771876335144
42,0.0796724185347557
43,0.0792466551065445
44,0.0787492543458939
45,0.0774581208825111
46,0.0803773328661919
47,0.0727080553770065
48,0.078406848013401
49,0.0753682553768158
50,0.0701413825154305
51,0.074022464454174
52,0.0738287717103958
53,0.0805786699056625
54,0.0799374952912331
55,0.0747896432876587
56,0.0743653327226639
57,0.0659557804465294
58,0.0700328275561333
59,0.0737902000546455
60,0.0718551352620125
61,0.072503037750721
62,0.0777613818645477
63,0.0778303891420364
64,0.0811025574803352
65,0.0796819403767586
66,0.0768735557794571
67,0.080081395804882
68,0.0711604133248329
69,0.0674103051424026
70,0.0748273730278015
71,0.0732675790786743
72,0.0767294466495514
73,0.0839807167649269
74,0.0751820728182793
75,0.0731295347213745
76,0.0719086825847626
77,0.0807934924960136
78,0.0728687047958374
79,0.0758148208260536
80,0.066773995757103
81,0.0745073780417442
82,0.0608147345483303
83,0.0722848773002625
84,0.0682330429553986
85,0.0657554715871811
86,0.05896170809865
87,0.0569391995668411
88,0.0537028647959232
89,0.0530106388032436
90,0.0547487027943134
91,0.054988294839859
92,0.0551579222083092
93,0.0543566979467869
94,0.0540506169199944
95,0.0542395934462547
96,0.0556723438203335
97,0.0596618354320526
98,0.0588730126619339
99,0.0564721971750259
100,0.0548698827624321
101,0.0586957223713398
102,0.0554093532264233
103,0.0632292479276657
104,0.054932676255703
105,0.0578416958451271
106,0.0601724237203598
107,0.0610272958874702
108,0.0621179081499577
109,0.0622884258627892
110,0.0687643438577652
111,0.0659900903701782
112,0.0644551068544388
113,0.0736189112067223
114,0.0730509907007217
115,0.0695046707987785
116,0.0660427510738373
117,0.0674341693520546
118,0.0665951818227768
119,0.0658389776945114
120,0.0581280179321766
121,0.058850821107626
122,0.0556331686675549
123,0.0564335323870182
124,0.0581320412456989
125,0.0558632053434849
126,0.0516001805663109
127,0.0541464798152447
128,0.058124128729105
129,0.0609374716877937
130,0.0603112429380417
131,0.0552004426717758
132,0.0512757711112499
133,0.0554213263094425
134,0.0544400438666344
135,0.0527919977903366
136,0.0574396662414074
137,0.0510950945317745
138,0.0551535449922085
139,0.0579946301877499
140,0.0559582747519016
141,0.058946531265974
142,0.0596774183213711
143,0.0569538474082947
144,0.0569656118750572
145,0.0684721618890762
146,0.072546623647213
147,0.0666823983192444
148,0.0638070553541183
149,0.0710102245211601
150,0.0687602758407593
151,0.0645750612020493
152,0.0625299587845802
153,0.0674294233322144
154,0.0644003674387932
155,0.0716541483998299
156,0.0675483420491219
157,0.0673054978251457
158,0.0771455839276314
159,0.0623966380953789
160,0.065048411488533
161,0.0596219561994076
162,0.0530931986868382
163,0.0538333095610142
164,0.0549815744161606
165,0.0633251890540123
166,0.0665681883692741
167,0.0624722130596638
168,0.0584988221526146
169,0.0600068233907223
170,0.0581399500370026
171,0.0556768849492073
172,0.0547557435929775
173,0.0532268434762955
174,0.054481465369463
175,0.05583605915308
176,0.0531022548675537
177,0.0553202778100967
178,0.0553542487323284
179,0.0552612654864788
180,0.0508477725088596
181,0.0522627644240856
182,0.0557492971420288
183,0.0548654347658157
184,0.0533906482160091
185,0.0551921725273132
186,0.0577024519443512
187,0.0560349635779858
188,0.0563655272126198
189,0.0549307875335217
190,0.055013120174408
191,0.060945175588131
192,0.0587847493588924
193,0.0638963356614113
194,0.0603626035153866
195,0.0585117749869823
196,0.0565979704260826
197,0.0619839243590832
