"DATE","DTB3","DGS2","DGS5","DGS7","DGS10","DGS30"
1,3.63683986663818,3.61568188667297,3.68834614753723,3.7890625,3.89915037155151,4.10866165161133
2,3.93500971794128,3.81015014648438,3.86822772026062,3.92894101142883,4.07231712341309,4.28135538101196
3,4.13602113723755,3.95537900924683,3.92850065231323,4.00180196762085,4.15943765640259,4.37955665588379
4,4.21378183364868,3.88240003585815,3.90816187858582,3.94739747047424,4.15709638595581,4.32411623001099
5,4.08521270751953,3.91342949867249,3.92724633216858,4.05572080612183,4.23548126220703,4.4341926574707
6,4.04432582855225,3.76676249504089,3.77875423431396,3.862628698349,4.05935764312744,4.26883268356323
7,3.93345952033997,3.70192980766296,3.74616861343384,3.91512823104858,4.07215261459351,4.22239589691162
8,3.95859789848328,3.75757694244385,3.79854321479797,3.95359015464783,4.15907430648804,4.31308317184448
9,3.91491198539734,3.70320892333984,3.73387932777405,3.90162944793701,4.10317373275757,4.23240852355957
10,3.75837182998657,3.59751081466675,3.64140486717224,3.80766820907593,4.04380083084106,4.2011661529541
11,3.7333390712738,3.59394550323486,3.62459516525269,3.83237147331238,4.03855848312378,4.25369834899902
12,3.77800154685974,3.59647655487061,3.62103390693665,3.84869885444641,4.02716445922852,4.24894142150879
13,3.75702953338623,3.5947368144989,3.63105344772339,3.87977910041809,4.02281999588013,4.26457452774048
14,3.77507615089417,3.66259074211121,3.68629932403564,3.95733380317688,4.0863561630249,4.32381629943848
15,3.77969861030579,3.62967991828918,3.67369198799133,3.93089842796326,4.09509992599487,4.31488037109375
16,3.78781461715698,3.58374881744385,3.61876106262207,3.91957902908325,4.06362295150757,4.27325010299683
17,3.79524064064026,3.68875074386597,3.70839357376099,4.00596904754639,4.17170810699463,4.35987281799316
18,3.96170330047607,3.78883171081543,3.76869058609009,4.06935024261475,4.25584316253662,4.41420125961304
19,4.08391666412354,3.87231469154358,3.92589473724365,4.16166543960571,4.30516004562378,4.48938417434692
20,3.99049878120422,3.8325629234314,3.87962961196899,4.10939598083496,4.26313543319702,4.54098463058472
21,3.69046545028687,3.71129822731018,3.76196050643921,3.95130658149719,4.13707447052002,4.44954490661621
22,3.61615967750549,3.60054063796997,3.64693737030029,3.85381841659546,4.04010343551636,4.29781723022461
23,3.81744480133057,3.74839425086975,3.7711136341095,3.98060202598572,4.18122100830078,4.41908407211304
24,3.70465064048767,3.76520538330078,3.76282262802124,4.02630233764648,4.14673376083374,4.40868091583252
25,3.74056768417358,3.78294539451599,3.793781042099,4.00246143341064,4.16487216949463,4.41296434402466
26,3.78354454040527,3.68422889709473,3.71083354949951,3.93591856956482,4.10355710983276,4.33842372894287
27,3.94298386573792,3.82244801521301,3.83025860786438,4.01276826858521,4.18288469314575,4.43910646438599
28,3.89320993423462,3.66961884498596,3.68710017204285,3.88898396492004,3.99254417419434,4.23588466644287
29,3.87133622169495,3.73177051544189,3.75040698051453,4.00196409225464,4.05141639709473,4.33880996704102
30,3.73612952232361,3.6404914855957,3.67059850692749,3.95010185241699,3.98076915740967,4.27139663696289
31,3.82287073135376,3.6477267742157,3.66099333763123,3.89367580413818,3.98656630516052,4.22057485580444
32,3.67805075645447,3.50980639457703,3.50669193267822,3.75589060783386,3.81524252891541,4.06767797470093
33,3.61523628234863,3.50658321380615,3.48944234848022,3.72948408126831,3.82984614372253,4.11363792419434
34,3.75162267684937,3.61670827865601,3.59088683128357,3.89135336875916,3.88388395309448,4.1516637802124
35,3.73860049247742,3.70830392837524,3.64898681640625,3.96155619621277,3.97947096824646,4.20433950424194
36,3.79018449783325,3.62042689323425,3.62894463539124,3.94542026519775,3.95502114295959,4.18169260025024
37,3.87934684753418,3.73625802993774,3.73825550079346,3.99506998062134,4.09065818786621,4.2707839012146
38,3.93627095222473,3.74394726753235,3.75247597694397,4.04325389862061,4.09712219238281,4.25796461105347
39,3.96579217910767,3.74607825279236,3.66477727890015,3.87977194786072,4.07071685791016,4.22933530807495
40,3.97225832939148,3.75320076942444,3.65024065971375,3.88906455039978,4.07631158828735,4.19098806381226
41,3.88624262809753,3.78057432174683,3.69377732276917,3.90333724021912,4.10886096954346,4.25021362304688
42,3.92360687255859,3.79248833656311,3.75840950012207,3.95378923416138,4.10989570617676,4.29664611816406
43,3.94295525550842,3.75559091567993,3.76831555366516,3.87121295928955,4.07242298126221,4.24817323684692
44,3.92076182365417,3.768550157547,3.70864129066467,3.82918810844421,4.08420038223267,4.19582271575928
45,3.94763708114624,3.82128930091858,3.76614999771118,3.80598878860474,4.07813739776611,4.23977994918823
46,4.05070018768311,3.89350199699402,3.8275580406189,3.88189363479614,4.12636709213257,4.25909280776978
47,3.90462064743042,3.91438817977905,3.86910367012024,3.94180846214294,4.14831447601318,4.34915637969971
48,4.01665306091309,3.74453401565552,3.75047183036804,3.70168137550354,3.95342755317688,4.13486766815186
49,4.06143808364868,3.7837700843811,3.84396505355835,3.8009774684906,3.98546409606934,4.18645524978638
50,4.15965223312378,3.86635637283325,3.88890862464905,3.76559567451477,4.02014636993408,4.22703218460083
51,4.13567304611206,3.8677191734314,3.85529017448425,3.77541661262512,4.01064252853394,4.13416385650635
52,4.00837993621826,3.89623951911926,3.97074890136719,3.97762680053711,4.11727857589722,4.26944303512573
53,3.76433157920837,3.72516322135925,3.7819561958313,3.77743768692017,3.9170458316803,4.11145639419556
54,3.66941142082214,3.63537979125977,3.6796703338623,3.64213991165161,3.86381125450134,4.04802083969116
55,3.89870095252991,3.69295763969421,3.71463537216187,3.61763095855713,3.92402505874634,4.10036516189575
56,3.85952830314636,3.88284015655518,3.87422132492065,3.82769656181335,4.07617902755737,4.18590450286865
57,4.217453956604,3.92996644973755,3.99054980278015,3.92156267166138,4.25012636184692,4.37873029708862
58,4.03500127792358,3.79657459259033,3.83578753471375,3.91783261299133,4.1860203742981,4.30831527709961
59,4.01503086090088,3.73606991767883,3.78286695480347,3.88384366035461,4.13778305053711,4.27004623413086
60,4.00535917282104,3.71317172050476,3.72738814353943,3.88721680641174,4.11251020431519,4.28571176528931
61,4.10539579391479,3.74272227287292,3.71887946128845,3.89222002029419,4.11909866333008,4.23117113113403
62,4.04751348495483,3.68821835517883,3.67526030540466,3.80801177024841,4.04078149795532,4.13641738891602
63,3.95755910873413,3.65636014938354,3.64886450767517,3.80080604553223,3.99498701095581,4.09042263031006
64,3.81150245666504,3.5778489112854,3.57673573493958,3.75967073440552,3.93283486366272,4.05461502075195
65,3.94122409820557,3.8015878200531,3.76090550422668,3.89802193641663,4.10227823257446,4.17581033706665
66,3.88337182998657,3.52891302108765,3.53467416763306,3.68708777427673,3.90633606910706,4.06228065490723
67,3.80059504508972,3.6563937664032,3.58016586303711,3.78917479515076,3.98357796669006,4.05989551544189
68,3.70772051811218,3.57460165023804,3.57216596603394,3.74647855758667,3.93639206886292,4.05907917022705
69,3.67929220199585,3.40331983566284,3.45185089111328,3.64166927337646,3.78224492073059,3.96364068984985
70,3.87657141685486,3.65324330329895,3.588214635849,3.84321594238281,3.98702454566956,4.04326725006104
71,3.86994361877441,3.57862854003906,3.56785607337952,3.78688311576843,3.90498375892639,4.02617740631104
72,3.96490979194641,3.73507523536682,3.71206307411194,3.91588807106018,3.96010231971741,4.07182168960571
73,4.06825876235962,3.9249382019043,3.93653678894043,4.04747819900513,4.15227746963501,4.25986576080322
74,4.1340765953064,3.94199800491333,4.01969909667969,4.0660982131958,4.22727155685425,4.33573007583618
75,4.29701232910156,3.96863627433777,4.09640216827393,4.17603874206543,4.28130674362183,4.42998218536377
76,4.31259298324585,4.05268907546997,4.10165500640869,4.16902685165405,4.29315519332886,4.42547607421875
77,4.24379253387451,4.03147649765015,4.0880880355835,4.15740728378296,4.27733945846558,4.40417003631592
78,4.2455267906189,4.10001087188721,4.15652656555176,4.20353555679321,4.33588886260986,4.42331981658936
79,4.22405242919922,4.11858987808228,4.16385316848755,4.16571044921875,4.33863162994385,4.40528535842896
80,4.31504392623901,4.17431926727295,4.19294261932373,4.25242948532104,4.3862247467041,4.45058631896973
81,4.23632955551147,4.12738466262817,4.17037296295166,4.20369291305542,4.37784910202026,4.42979669570923
82,4.31171226501465,4.23117256164551,4.28503799438477,4.272536277771,4.39905309677124,4.50648784637451
83,4.19874382019043,4.0043511390686,4.15385818481445,4.05228614807129,4.25252151489258,4.34138441085815
84,4.15737009048462,4.09890127182007,4.21554708480835,4.17692613601685,4.29701137542725,4.44066381454468
85,4.14604711532593,4.0538182258606,4.18681859970093,4.16748571395874,4.23580503463745,4.41916131973267
86,4.21502161026001,4.11499118804932,4.26055192947388,4.21260166168213,4.27442455291748,4.45180416107178
87,4.28711748123169,4.10684823989868,4.23525142669678,4.13253831863403,4.24553823471069,4.44952487945557
88,4.25738334655762,4.2028694152832,4.33110952377319,4.26538419723511,4.34525918960571,4.54819536209106
89,4.08372497558594,4.08482360839844,4.21527433395386,4.2031421661377,4.28936147689819,4.51680660247803
90,3.90825462341309,3.97726106643677,4.09945344924927,4.08507537841797,4.20244741439819,4.39745759963989
91,4.00924777984619,4.04891872406006,4.17337226867676,4.1043176651001,4.25582551956177,4.46679353713989
92,4.06811237335205,4.1015191078186,4.19569396972656,4.09804821014404,4.27590227127075,4.45027303695679
93,4.15637445449829,4.21394968032837,4.24322414398193,4.22605657577515,4.38492488861084,4.5456690788269
94,4.15758514404297,4.18901872634888,4.23669481277466,4.20522928237915,4.40740585327148,4.54467391967773
95,3.9797625541687,3.98448371887207,4.07025575637817,4.04718399047852,4.24961757659912,4.3855094909668
96,4.02554082870483,4.02286958694458,4.06911087036133,4.07405424118042,4.24815702438354,4.39187097549438
97,3.9993531703949,4.01294851303101,4.03562545776367,4.07939529418945,4.25736522674561,4.40144395828247
98,3.99004912376404,3.94290232658386,4.00006675720215,4.07438278198242,4.21622800827026,4.31137609481812
99,3.96768379211426,3.98781275749207,4.05981397628784,4.16830778121948,4.30914878845215,4.45290851593018
100,3.94260764122009,4.03016185760498,4.09270286560059,4.24285936355591,4.31796216964722,4.49752902984619
101,4.03339195251465,4.00431251525879,4.07283353805542,4.2113733291626,4.31196355819702,4.50207042694092
102,4.04463911056519,4.05393314361572,4.09522438049316,4.26368951797485,4.33895921707153,4.49204730987549
103,3.90730476379395,3.77428913116455,3.88114595413208,4.0915641784668,4.17311000823975,4.32341194152832
104,3.8321852684021,3.89690637588501,3.97861289978027,4.26459836959839,4.27976894378662,4.40784931182861
105,3.79047513008118,3.81515693664551,3.85704135894775,4.12195873260498,4.2359938621521,4.31081295013428
106,3.91226530075073,3.88254308700562,3.96917819976807,4.24511384963989,4.28505754470825,4.34090995788574
107,3.96482443809509,3.85555386543274,3.96259665489197,4.23476028442383,4.30104160308838,4.3436279296875
108,3.98989677429199,3.85676956176758,3.96248197555542,4.2292423248291,4.29477167129517,4.34956169128418
109,3.67679071426392,3.74954509735107,3.81541132926941,4.0815224647522,4.182936668396,4.23613166809082
110,3.74217009544373,3.76565504074097,3.80399894714355,4.01741743087769,4.15888023376465,4.21261978149414
111,3.86829519271851,3.79064559936523,3.83653807640076,4.00801563262939,4.19198989868164,4.29662322998047
112,3.97865438461304,3.89733958244324,3.92760372161865,4.15639019012451,4.2864990234375,4.34260082244873
113,4.13683414459229,3.93108630180359,3.94295787811279,4.07310438156128,4.25723457336426,4.34284162521362
114,4.0143985748291,3.92939758300781,3.97598361968994,4.11929607391357,4.27559280395508,4.41255474090576
115,4.0346531867981,4.0025691986084,4.00156450271606,4.08970212936401,4.3252592086792,4.39870309829712
116,4.20765113830566,4.01937007904053,4.04091310501099,4.17492818832397,4.35563087463379,4.3919153213501
117,4.02216243743896,4.07566499710083,4.07473421096802,4.23548984527588,4.43813037872314,4.48535871505737
118,3.98846316337585,4.099289894104,4.11962938308716,4.20898056030273,4.42404842376709,4.44250965118408
119,3.8923921585083,3.98665952682495,4.07980632781982,4.16138792037964,4.36555337905884,4.35172271728516
120,4.18599796295166,4.18048143386841,4.31894445419312,4.32478380203247,4.44133424758911,4.4858341217041
121,4.24522924423218,4.08753728866577,4.27231645584106,4.25742530822754,4.43198108673096,4.43599939346313
122,4.27461385726929,4.24755859375,4.39901781082153,4.39093399047852,4.51219987869263,4.57462692260742
123,4.26209354400635,4.20375728607178,4.38253879547119,4.29402351379395,4.4818263053894,4.55847263336182
124,4.16141414642334,4.1295223236084,4.3232307434082,4.25054168701172,4.41247797012329,4.50443077087402
125,4.26938247680664,4.14722108840942,4.38896465301514,4.29480028152466,4.37319660186768,4.52297019958496
126,4.27994441986084,4.15511465072632,4.32131195068359,4.28757953643799,4.34680461883545,4.51633262634277
127,4.21378231048584,4.22230768203735,4.39832305908203,4.3475022315979,4.46707773208618,4.55343818664551
128,4.15838527679443,4.06456565856934,4.22594547271729,4.16710233688354,4.29360771179199,4.3926248550415
129,4.20938587188721,4.14272594451904,4.24410104751587,4.26000022888184,4.33850765228271,4.42733955383301
130,3.88251709938049,4.05560684204102,4.15861368179321,4.20793294906616,4.2979211807251,4.34556674957275
131,4.07808208465576,4.07915639877319,4.27043342590332,4.26921606063843,4.36564302444458,4.44603204727173
132,3.99418115615845,4.16799211502075,4.30194187164307,4.35956764221191,4.38083219528198,4.5034818649292
133,4.01909875869751,4.08059215545654,4.19999408721924,4.24880504608154,4.35317611694336,4.43336725234985
134,4.0721583366394,4.07662677764893,4.24585199356079,4.29694080352783,4.36841630935669,4.50669288635254
135,4.0607647895813,4.0777268409729,4.26995182037354,4.36633825302124,4.44002151489258,4.60560512542725
136,3.85788607597351,3.94495248794556,4.15295076370239,4.19309568405151,4.32058429718018,4.50058031082153
137,3.99069237709045,4.05056953430176,4.28231048583984,4.35155439376831,4.381103515625,4.6372709274292
138,3.92266273498535,3.97458481788635,4.17117786407471,4.21789646148682,4.27419137954712,4.4896354675293
139,4.01548099517822,4.00896787643433,4.17597484588623,4.17469072341919,4.22459936141968,4.47502517700195
140,3.96395230293274,4.09724235534668,4.16398763656616,4.2573676109314,4.28227043151855,4.48062658309937
141,4.00960111618042,4.056800365448,4.15871238708496,4.16335391998291,4.23303270339966,4.3543119430542
142,4.03710508346558,4.12548685073853,4.1731653213501,4.22822380065918,4.28274822235107,4.44376230239868
143,4.01535177230835,4.03612375259399,4.14195013046265,4.22254467010498,4.32020664215088,4.46121835708618
144,3.87668752670288,3.91032290458679,4.03398990631104,4.05892658233643,4.09430742263794,4.28758716583252
145,3.95240950584412,3.94205856323242,3.98379707336426,4.03149461746216,4.22036552429199,4.23794460296631
146,4.13394212722778,4.06675004959106,4.07856369018555,4.09034872055054,4.28046131134033,4.36144542694092
147,4.1884126663208,4.07548093795776,4.07194805145264,4.12324953079224,4.31983184814453,4.3874044418335
148,4.18695831298828,4.12039184570312,4.11352157592773,4.17523193359375,4.36693906784058,4.45346879959106
149,4.16596651077271,4.07030963897705,4.10040187835693,4.15590286254883,4.35040473937988,4.4316349029541
150,4.09113121032715,4.13017225265503,4.18047189712524,4.20310211181641,4.39571475982666,4.4637770652771
151,4.14887714385986,4.07838773727417,4.17554235458374,4.18539428710938,4.40565872192383,4.41671276092529
152,4.23910856246948,4.14530086517334,4.22632551193237,4.22251510620117,4.41804313659668,4.45896530151367
153,4.0955228805542,4.09796810150146,4.1053466796875,4.15669298171997,4.3215479850769,4.36144876480103
154,4.30834865570068,4.11203145980835,4.15682554244995,4.17685127258301,4.36451244354248,4.39679574966431
155,4.08102416992188,4.14705896377563,4.12252330780029,4.20398283004761,4.35987949371338,4.39421415328979
156,4.22620725631714,4.1194019317627,4.19836330413818,4.14715528488159,4.3003134727478,4.33392810821533
157,4.39828777313232,4.1982274055481,4.26093482971191,4.2191309928894,4.42387676239014,4.46935558319092
158,4.25776720046997,4.17391443252563,4.1741099357605,4.12712240219116,4.34402084350586,4.419114112854
159,4.39812469482422,4.09726238250732,4.1966609954834,4.16826152801514,4.35041570663452,4.4242959022522
160,4.24563932418823,4.19296550750732,4.21361255645752,4.28013134002686,4.43943023681641,4.50987148284912
161,4.32636117935181,4.13049077987671,4.17402315139771,4.25319480895996,4.38283967971802,4.48452043533325
162,4.30182361602783,4.14847040176392,4.10404586791992,4.26826477050781,4.48670244216919,4.48063993453979
163,4.27268362045288,4.36961078643799,4.29094123840332,4.45855617523193,4.61639547348022,4.63919401168823
164,4.39800834655762,4.34504270553589,4.30143547058105,4.40045928955078,4.59017467498779,4.59892892837524
165,4.38794612884521,4.31714868545532,4.35783100128174,4.40270280838013,4.54345941543579,4.64478778839111
166,4.3480372428894,4.32795238494873,4.39422035217285,4.34598779678345,4.53337001800537,4.63095235824585
167,4.09472513198853,4.21015501022339,4.30839061737061,4.26484155654907,4.52723836898804,4.56750106811523
168,4.2090368270874,4.23736095428467,4.33456945419312,4.3230357170105,4.56717777252197,4.6047945022583
169,4.16946887969971,4.12814950942993,4.23845720291138,4.25612926483154,4.50337171554565,4.59383058547974
170,4.0949912071228,4.17508220672607,4.29697561264038,4.29781818389893,4.50926303863525,4.5844407081604
171,4.04716730117798,4.00476741790771,4.21041679382324,4.2210636138916,4.39915657043457,4.54959392547607
172,4.16525220870972,4.0630350112915,4.25727462768555,4.24249982833862,4.41813087463379,4.56276178359985
173,4.19250345230103,4.07345962524414,4.23088598251343,4.25921392440796,4.38015127182007,4.54512596130371
174,4.16920804977417,4.14814376831055,4.28378486633301,4.30469131469727,4.44611740112305,4.57023096084595
175,4.17626571655273,4.06573915481567,4.20473146438599,4.23548889160156,4.38181447982788,4.52763319015503
176,4.16400957107544,4.16337776184082,4.26369667053223,4.37140417098999,4.47508001327515,4.56768417358398
177,4.05003023147583,4.06075572967529,4.14567613601685,4.223548412323,4.42194032669067,4.49626493453979
178,4.21345901489258,4.10181522369385,4.23895502090454,4.29715871810913,4.46594858169556,4.57057476043701
179,4.16480827331543,4.08229494094849,4.20626163482666,4.23486042022705,4.42300891876221,4.57706546783447
180,4.21332788467407,4.1354193687439,4.27103185653687,4.33558559417725,4.46152210235596,4.62503528594971
181,4.24868488311768,4.11063861846924,4.26355314254761,4.29396104812622,4.4461669921875,4.62442970275879
182,4.20251989364624,4.06719350814819,4.15851831436157,4.21573114395142,4.34286689758301,4.53989839553833
183,4.21903467178345,4.06669235229492,4.20583343505859,4.25531530380249,4.39155292510986,4.56319093704224
184,4.24259757995605,4.13012170791626,4.2430739402771,4.35977649688721,4.44450569152832,4.61811923980713
185,4.19351959228516,4.11863899230957,4.25984334945679,4.38065719604492,4.44006204605103,4.61818599700928
186,4.02788925170898,4.04043960571289,4.15607786178589,4.28943395614624,4.41462230682373,4.56011390686035
187,4.03039884567261,3.9621958732605,4.11218166351318,4.24824380874634,4.38972282409668,4.52446269989014
188,3.99235510826111,4.06198930740356,4.14635324478149,4.31400156021118,4.42924833297729,4.53668594360352
189,4.02779626846313,4.0145058631897,4.10732412338257,4.28963804244995,4.39050102233887,4.44727373123169
190,4.15543556213379,4.10103988647461,4.15351438522339,4.33418369293213,4.39200592041016,4.45796537399292
191,3.98085498809814,4.04321908950806,4.14296579360962,4.32305145263672,4.43325901031494,4.49030733108521
192,3.97325897216797,4.09018564224243,4.17938375473022,4.32309627532959,4.40323400497437,4.47889280319214
193,4.08517503738403,4.09164190292358,4.1788272857666,4.29309177398682,4.38420009613037,4.47435569763184
194,4.12887907028198,4.18518543243408,4.2711009979248,4.34630107879639,4.46554136276245,4.53133392333984
195,4.24126863479614,4.15440464019775,4.26646661758423,4.34515714645386,4.4230751991272,4.51784896850586
196,4.19746541976929,4.19007539749146,4.24507999420166,4.33046913146973,4.4550256729126,4.49811553955078
197,4.2788233757019,4.21700382232666,4.2568736076355,4.346848487854,4.50155591964722,4.53603076934814
