"Regime","Yield","Maturity_Years","N","RMSE","MAE"
"Low-rate","DTB3",0.25,0,NA,NA
"Low-rate","DGS2",2,0,NA,NA
"Low-rate","DGS5",5,0,NA,NA
"Low-rate","DGS7",7,0,NA,NA
"Low-rate","DGS10",10,0,NA,NA
"Low-rate","DGS30",30,0,NA,NA
"Intermediate-rate","DTB3",0.25,135,0.404566431517645,0.371474645473339
"Intermediate-rate","DGS2",2,135,0.228661376463402,0.194571848692717
"Intermediate-rate","DGS5",5,135,0.166549916039138,0.140840261247423
"Intermediate-rate","DGS7",7,135,0.120194061890337,0.0990122288597955
"Intermediate-rate","DGS10",10,135,0.146907378561968,0.118885073202628
"Intermediate-rate","DGS30",30,135,0.548450588613739,0.535748909279152
"High-rate","DTB3",0.25,62,0.458652804135924,0.444300557721046
"High-rate","DGS2",2,62,0.143852232704097,0.11380671070468
"High-rate","DGS5",5,62,0.193455239963805,0.160796999162243
"High-rate","DGS7",7,62,0.240424711013564,0.225470413700227
"High-rate","DGS10",10,62,0.24322043216815,0.226579720589422
"High-rate","DGS30",30,62,0.650734659081412,0.644686378971223
