"Model","Yield","Maturity_Years"
"Chronological","DTB3",0.25
"Uniform","DTB3",0.25
"Entropy","DTB3",0.25
"PER","DTB3",0.25
"Chronological","DGS2",2
"Uniform","DGS2",2
"Entropy","DGS2",2
"PER","DGS2",2
"Chronological","DGS5",5
"Uniform","DGS5",5
"Entropy","DGS5",5
"PER","DGS5",5
"Chronological","DGS7",7
"Uniform","DGS7",7
"Entropy","DGS7",7
"PER","DGS7",7
"Chronological","DGS10",10
"Uniform","DGS10",10
"Entropy","DGS10",10
"PER","DGS10",10
"Chronological","DGS30",30
"Uniform","DGS30",30
"Entropy","DGS30",30
"PER","DGS30",30
