"Seed","Horizon","Window","Initial_Train_Prop","Rolling_Train_N","Experiment_ID"
123,1,"expanding",0.7,NA,"Seed0123_expanding_H01"
456,1,"expanding",0.7,NA,"Seed0456_expanding_H01"
789,1,"expanding",0.7,NA,"Seed0789_expanding_H01"
2026,1,"expanding",0.7,NA,"Seed2026_expanding_H01"
2027,1,"expanding",0.7,NA,"Seed2027_expanding_H01"
123,5,"expanding",0.7,NA,"Seed0123_expanding_H05"
456,5,"expanding",0.7,NA,"Seed0456_expanding_H05"
789,5,"expanding",0.7,NA,"Seed0789_expanding_H05"
2026,5,"expanding",0.7,NA,"Seed2026_expanding_H05"
2027,5,"expanding",0.7,NA,"Seed2027_expanding_H05"
123,10,"expanding",0.7,NA,"Seed0123_expanding_H10"
456,10,"expanding",0.7,NA,"Seed0456_expanding_H10"
789,10,"expanding",0.7,NA,"Seed0789_expanding_H10"
2026,10,"expanding",0.7,NA,"Seed2026_expanding_H10"
2027,10,"expanding",0.7,NA,"Seed2027_expanding_H10"
123,20,"expanding",0.7,NA,"Seed0123_expanding_H20"
456,20,"expanding",0.7,NA,"Seed0456_expanding_H20"
789,20,"expanding",0.7,NA,"Seed0789_expanding_H20"
2026,20,"expanding",0.7,NA,"Seed2026_expanding_H20"
2027,20,"expanding",0.7,NA,"Seed2027_expanding_H20"
123,1,"rolling",0.7,500,"Seed0123_rolling_H01"
456,1,"rolling",0.7,500,"Seed0456_rolling_H01"
789,1,"rolling",0.7,500,"Seed0789_rolling_H01"
2026,1,"rolling",0.7,500,"Seed2026_rolling_H01"
2027,1,"rolling",0.7,500,"Seed2027_rolling_H01"
123,5,"rolling",0.7,500,"Seed0123_rolling_H05"
456,5,"rolling",0.7,500,"Seed0456_rolling_H05"
789,5,"rolling",0.7,500,"Seed0789_rolling_H05"
2026,5,"rolling",0.7,500,"Seed2026_rolling_H05"
2027,5,"rolling",0.7,500,"Seed2027_rolling_H05"
123,10,"rolling",0.7,500,"Seed0123_rolling_H10"
456,10,"rolling",0.7,500,"Seed0456_rolling_H10"
789,10,"rolling",0.7,500,"Seed0789_rolling_H10"
2026,10,"rolling",0.7,500,"Seed2026_rolling_H10"
2027,10,"rolling",0.7,500,"Seed2027_rolling_H10"
123,20,"rolling",0.7,500,"Seed0123_rolling_H20"
456,20,"rolling",0.7,500,"Seed0456_rolling_H20"
789,20,"rolling",0.7,500,"Seed0789_rolling_H20"
2026,20,"rolling",0.7,500,"Seed2026_rolling_H20"
2027,20,"rolling",0.7,500,"Seed2027_rolling_H20"
