DATE,dgs10,dtb3,dgs10_change,dtb3_change,spread,vol_dgs10
2021-05-05,1.59,0.02,-0.02,0,1.57,0.0301109061083632
2021-05-06,1.58,0.02,-0.01,0,1.56,0.0286937856222097
2021-05-07,1.6,0.02,0.02,0,1.58,0.0267706306736816
2021-05-10,1.63,0.02,0.0299999999999998,0,1.61,0.0240370085030932
2021-05-11,1.64,0.01,0.01,-0.01,1.63,0.0246981780704569
2021-05-12,1.69,0.02,0.05,0.01,1.67,0.0330151480384383
2021-05-13,1.66,0.02,-0.03,0,1.64,0.0339280283999985
2021-05-14,1.63,0.01,-0.03,-0.01,1.62,0.0330655913803659
2021-05-17,1.64,0.02,0.01,0.01,1.62,0.0333499958354153
2021-05-18,1.64,0.02,0,0,1.62,0.0329983164553722
2021-05-19,1.68,0.01,0.04,-0.01,1.67,0.0331494930412048
2021-05-20,1.63,0.01,-0.05,0,1.62,0.0263312235441753
2021-05-21,1.63,0.01,0,0,1.62,0.0221359436211787
2021-05-24,1.61,0.02,-0.0199999999999998,0.01,1.59,0.0246080384337223
2021-05-25,1.56,0.02,-0.05,0,1.54,0.0365300485141266
2021-05-26,1.58,0.02,0.02,0,1.56,0.0353396220818628
2021-05-27,1.61,0.02,0.03,0,1.59,0.0334829973435938
2021-05-28,1.58,0.01,-0.03,-0.01,1.57,0.0356526452189891
2021-06-01,1.62,0.02,0.04,0.01,1.6,0.0347051068928543
2021-06-02,1.59,0.02,-0.03,0,1.57,0.0341402336775183
2021-06-03,1.63,0.02,0.0399999999999998,0,1.61,0.0250333111406914
2021-06-04,1.56,0.02,-0.0699999999999998,0,1.54,0.0266874918683308
2021-06-07,1.57,0.02,0.01,0,1.55,0.0251440295541948
2021-06-08,1.53,0.02,-0.04,0,1.51,0.0305686840482943
2021-06-09,1.5,0.03,-0.03,0.01,1.47,0.0400138864784603
2021-06-10,1.45,0.03,-0.05,0,1.42,0.0566078125742768
2021-06-11,1.47,0.03,0.02,0,1.44,0.0611010092660779
2021-06-14,1.51,0.03,0.04,0,1.48,0.0612916525039639
2021-06-15,1.51,0.03,0,0,1.48,0.0555377749324228
2021-06-16,1.57,0.04,0.0600000000000001,0.01,1.53,0.0535412613473634
2021-06-17,1.52,0.04,-0.05,0,1.48,0.0404007700696686
2021-06-18,1.45,0.05,-0.0700000000000001,0.01,1.4,0.0428952211790545
2021-06-21,1.5,0.05,0.05,0,1.45,0.0369534241384416
2021-06-22,1.48,0.04,-0.02,-0.01,1.44,0.0359629438913632
2021-06-23,1.5,0.05,0.02,0.01,1.45,0.0359629438913632
2021-06-24,1.49,0.05,-0.01,0,1.44,0.0323178657161089
2021-06-25,1.54,0.06,0.05,0.01,1.48,0.0326768691550733
2021-06-28,1.49,0.05,-0.05,-0.01,1.44,0.0330823887354654
2021-06-29,1.49,0.04,0,-0.01,1.45,0.0333499958354154
2021-06-30,1.45,0.05,-0.04,0.01,1.4,0.0276686746259295
2021-07-01,1.48,0.05,0.03,0,1.43,0.0258413965910858
2021-07-02,1.44,0.05,-0.04,0,1.39,0.0275680975041805
2021-07-06,1.37,0.05,-0.0699999999999998,0,1.32,0.045227818381562
2021-07-07,1.33,0.05,-0.04,0,1.28,0.0637355648144913
2021-07-08,1.3,0.06,-0.03,0.01,1.24,0.078711851430109
2021-07-09,1.37,0.06,0.0700000000000001,0,1.31,0.0790499139081687
2021-07-12,1.38,0.05,0.00999999999999979,-0.01,1.33,0.0689605362185906
2021-07-13,1.42,0.05,0.04,0,1.37,0.0632543366980566
2021-07-14,1.37,0.06,-0.0499999999999998,0.01,1.31,0.0558669053296413
2021-07-15,1.31,0.05,-0.0600000000000001,-0.01,1.26,0.0569697775628056
2021-07-16,1.31,0.05,0,0,1.26,0.0473755680118396
2021-07-19,1.19,0.05,-0.12,0,1.14,0.0636396103067893
2021-07-20,1.23,0.05,0.04,0,1.18,0.0701506315802724
2021-07-21,1.3,0.05,0.0700000000000001,0,1.25,0.0703641322771134
2021-07-22,1.27,0.05,-0.03,0,1.22,0.071840873540841
2021-07-23,1.3,0.05,0.03,0,1.25,0.0692499498595888
2021-07-26,1.29,0.05,-0.01,0,1.24,0.0645411152332802
2021-07-27,1.25,0.05,-0.04,0,1.2,0.0498442017133834
2021-07-28,1.26,0.05,0.01,0,1.21,0.0392852813828963
2021-07-29,1.28,0.06,0.02,0.01,1.22,0.0370585122924995
2021-07-30,1.24,0.06,-0.04,0,1.18,0.0347850542618522
2021-08-02,1.2,0.05,-0.04,-0.01,1.15,0.0325917508308809
2021-08-03,1.19,0.05,-0.01,0,1.14,0.0388158043413591
2021-08-04,1.19,0.05,0,0,1.14,0.041109609582189
2021-08-05,1.23,0.05,0.04,0,1.18,0.0405654478042035
2021-08-06,1.31,0.06,0.0800000000000001,0.01,1.25,0.0422163738639669
2021-08-09,1.33,0.06,0.02,0,1.27,0.0484882574559152
2021-08-10,1.36,0.05,0.03,-0.01,1.31,0.0600832755431993
2021-08-11,1.35,0.05,-0.01,0,1.3,0.0666333249958308
2021-08-12,1.36,0.06,0.01,0.01,1.3,0.072755297630711
2021-08-13,1.29,0.06,-0.0700000000000001,0,1.23,0.0717170365626839
2021-08-16,1.26,0.06,-0.03,0,1.2,0.0665081448646205
2021-08-17,1.26,0.07,0,0.01,1.19,0.0583476172987762
2021-08-18,1.27,0.07,0.01,0,1.2,0.0468567557088149
2021-08-19,1.24,0.06,-0.03,-0.01,1.18,0.045227818381562
2021-08-20,1.26,0.05,0.02,-0.01,1.21,0.0470932880331983
2021-08-23,1.25,0.05,-0.01,0,1.2,0.0478423336480245
2021-08-24,1.29,0.05,0.04,0,1.24,0.041109609582189
2021-08-25,1.35,0.06,0.0600000000000001,0.01,1.29,0.041109609582189
2021-08-26,1.34,0.05,-0.01,-0.01,1.29,0.0372528895225294
2021-08-27,1.31,0.05,-0.03,0,1.26,0.0383115880351857
2021-08-30,1.29,0.05,-0.02,0,1.24,0.0374759181934806
2021-08-31,1.3,0.04,0.01,-0.01,1.26,0.0365148371670111
2021-09-01,1.31,0.05,0.01,0.01,1.26,0.0362705880232946
2021-09-02,1.29,0.05,-0.02,0,1.24,0.0310733898304571
2021-09-03,1.33,0.05,0.04,0,1.28,0.0291356978445496
2021-09-07,1.38,0.05,0.0499999999999998,0,1.33,0.0303498123735734
2021-09-08,1.35,0.05,-0.0299999999999998,0,1.3,0.0299072640748772
2021-09-09,1.3,0.04,-0.05,-0.01,1.26,0.0294392028877595
2021-09-10,1.35,0.05,0.05,0.01,1.3,0.0303498123735734
2021-09-13,1.33,0.06,-0.02,0.01,1.27,0.0302030167735314
2021-09-14,1.28,0.04,-0.05,-0.02,1.24,0.0315524255098646
2021-09-15,1.31,0.04,0.03,0,1.27,0.0309300285590988
2021-09-16,1.34,0.04,0.03,0,1.3,0.0309838667696593
2021-09-17,1.37,0.04,0.03,0,1.33,0.0309838667696593
2021-09-20,1.31,0.04,-0.0600000000000001,0,1.27,0.0319026296373477
2021-09-21,1.33,0.03,0.02,-0.01,1.3,0.0271006354989038
2021-09-22,1.32,0.03,-0.01,0,1.29,0.025905812303634
2021-09-23,1.41,0.03,0.0899999999999999,0,1.38,0.0359783885748715
2021-09-24,1.47,0.03,0.0600000000000001,0,1.44,0.0559861093883513
2021-09-27,1.48,0.04,0.01,0.01,1.44,0.0694102137857086
2021-09-28,1.54,0.04,0.0600000000000001,0,1.5,0.0827042925125413
2021-09-29,1.55,0.04,0.01,0,1.51,0.0918694726228468
2021-09-30,1.52,0.04,-0.03,0,1.48,0.0938083151964686
2021-10-01,1.48,0.04,-0.04,0,1.44,0.0924301538099625
2021-10-04,1.49,0.04,0.01,0,1.45,0.0808908729915392
2021-10-05,1.54,0.04,0.05,0,1.5,0.0702376916856849
2021-10-06,1.53,0.04,-0.01,0,1.49,0.043320510923426
2021-10-07,1.58,0.05,0.05,0.01,1.53,0.0364539283053129
2021-10-08,1.61,0.05,0.03,0,1.56,0.0423739962188552
2021-10-12,1.59,0.06,-0.02,0.01,1.53,0.0416466618643613
2021-10-13,1.56,0.05,-0.03,-0.01,1.51,0.0419655943733806
2021-10-14,1.52,0.05,-0.04,0,1.47,0.0426354052141853
2021-10-15,1.59,0.05,0.0700000000000001,0,1.54,0.0443345864484553
2021-10-18,1.59,0.06,0,0.01,1.53,0.0385861230093008
2021-10-19,1.65,0.05,0.0599999999999998,-0.01,1.6,0.039496835316263
2021-10-20,1.65,0.05,0,0,1.6,0.0434741302385683
2021-10-21,1.68,0.06,0.03,0.01,1.62,0.0473286382647969
2021-10-22,1.66,0.06,-0.02,0,1.6,0.0498887651569858
2021-10-25,1.64,0.06,-0.02,0,1.58,0.050782761729635
2021-10-26,1.63,0.06,-0.01,0,1.57,0.0503432661280974
2021-10-27,1.54,0.06,-0.0899999999999999,0,1.48,0.0531768537784793
2021-10-28,1.57,0.06,0.03,0,1.51,0.0449691252107734
2021-10-29,1.55,0.05,-0.02,-0.01,1.5,0.049486249493055
2021-11-01,1.58,0.05,0.03,0,1.53,0.0501663898109746
2021-11-02,1.56,0.05,-0.02,0,1.51,0.0512510162500868
2021-11-03,1.6,0.05,0.04,0,1.55,0.0488648931010575
2021-11-04,1.53,0.04,-0.0700000000000001,-0.01,1.49,0.0447710223743488
2021-11-05,1.45,0.05,-0.0800000000000001,0.01,1.4,0.0544160923910483
2021-11-08,1.51,0.06,0.0600000000000001,0.01,1.45,0.0498442017133833
2021-11-09,1.46,0.04,-0.05,-0.02,1.42,0.0492724849969817
2021-11-10,1.56,0.05,0.1,0.01,1.51,0.0498998997994986
2021-11-12,1.58,0.05,0.02,0,1.53,0.0507280330126582
2021-11-15,1.63,0.05,0.0499999999999998,0,1.58,0.0585377371160405
2021-11-16,1.63,0.05,0,0,1.58,0.0636745195855017
2021-11-17,1.6,0.05,-0.0299999999999998,0,1.55,0.0655320108377917
2021-11-18,1.59,0.05,-0.01,0,1.54,0.0648416875508684
2021-11-19,1.54,0.05,-0.05,0,1.49,0.0645066749345454
2021-11-22,1.63,0.05,0.0899999999999999,0,1.58,0.0565783625700772
2021-11-23,1.67,0.06,0.04,0.01,1.61,0.0593389510449174
2021-11-24,1.64,0.06,-0.03,0,1.58,0.0400138864784603
2021-11-26,1.48,0.06,-0.16,0,1.42,0.0554677083235522
2021-11-29,1.52,0.06,0.04,0,1.46,0.0607453701939497
2021-11-30,1.43,0.05,-0.0900000000000001,-0.01,1.38,0.0777531707106247
2021-12-01,1.43,0.06,0,0.01,1.37,0.0866730766860288
2021-12-02,1.44,0.05,0.01,-0.01,1.39,0.0916575753067421
2021-12-03,1.35,0.06,-0.0899999999999999,0.01,1.29,0.106463347892335
2021-12-06,1.43,0.06,0.0799999999999999,0,1.37,0.109015799058872
2021-12-07,1.48,0.06,0.05,0,1.42,0.0993366889813516
2021-12-08,1.52,0.07,0.04,0.01,1.45,0.0775743371082072
2021-12-09,1.49,0.06,-0.03,-0.01,1.43,0.0516505351160835
2021-12-10,1.48,0.06,-0.01,0,1.42,0.0516505351160835
2021-12-13,1.42,0.05,-0.0600000000000001,-0.01,1.37,0.0476211904279784
2021-12-14,1.44,0.05,0.02,0,1.39,0.0473286382647969
2021-12-15,1.47,0.06,0.03,0.01,1.41,0.0473286382647969
2021-12-16,1.44,0.05,-0.03,-0.01,1.39,0.0473286382647969
2021-12-17,1.41,0.05,-0.03,0,1.36,0.0352136337233181
2021-12-20,1.43,0.07,0.02,0.02,1.36,0.0352136337233181
2021-12-21,1.48,0.07,0.05,0,1.41,0.0352136337233181
2021-12-22,1.46,0.08,-0.02,0.01,1.38,0.0278088714861523
2021-12-23,1.5,0.08,0.04,0,1.42,0.0294580681270476
2021-12-27,1.48,0.06,-0.02,-0.02,1.42,0.0294580681270476
2021-12-28,1.49,0.06,0.01,0,1.43,0.0290593262902712
2021-12-29,1.55,0.05,0.0600000000000001,-0.01,1.5,0.0395671019352638
2021-12-30,1.52,0.05,-0.03,0,1.47,0.042478752858864
2021-12-31,1.52,0.06,0,0.01,1.46,0.042478752858864
2022-01-03,1.63,0.09,0.11,0.03,1.54,0.0550151494287407
2022-01-04,1.66,0.08,0.03,-0.01,1.58,0.0665749368923638
2022-01-05,1.71,0.09,0.05,0.01,1.62,0.0849575057177279
2022-01-06,1.73,0.1,0.02,0.01,1.63,0.0948038911531471
2022-01-07,1.76,0.1,0.03,0,1.66,0.105751280528102
2022-01-10,1.78,0.13,0.02,0.03,1.65,0.108857705285386
2022-01-11,1.75,0.12,-0.03,-0.01,1.63,0.10115444736749
2022-01-12,1.74,0.12,-0.01,0,1.62,0.0956846672960488
2022-01-13,1.7,0.12,-0.04,0,1.58,0.0774309728439179
2022-01-14,1.78,0.13,0.0800000000000001,0.01,1.65,0.0497102716861527
2022-01-18,1.87,0.17,0.0900000000000001,0.04,1.7,0.0567254596964871
2022-01-19,1.83,0.17,-0.04,0,1.66,0.0527573059711481
2022-01-20,1.83,0.18,0,0.00999999999999998,1.65,0.0525039681040078
2022-01-21,1.75,0.17,-0.0800000000000001,-0.00999999999999998,1.58,0.0508702052067591
2022-01-24,1.75,0.2,0,0.03,1.55,0.0513809303146606
2022-01-25,1.78,0.2,0.03,0,1.58,0.0513809303146606
2022-01-26,1.85,0.19,0.0700000000000001,-0.01,1.66,0.0549343041985405
2022-01-27,1.81,0.2,-0.04,0.01,1.61,0.0525462759014482
2022-01-28,1.78,0.19,-0.03,-0.01,1.59,0.041379007023154
2022-01-31,1.79,0.24,0.01,0.05,1.55,0.0408792259113491
2022-02-01,1.81,0.2,0.02,-0.04,1.61,0.0339280283999986
2022-02-02,1.78,0.2,-0.03,0,1.58,0.0323350515007408
2022-02-03,1.82,0.21,0.04,0.00999999999999998,1.61,0.0311982905514603
2022-02-04,1.93,0.23,0.11,0.02,1.7,0.0503322295684717
2022-02-07,1.92,0.28,-0.01,0.05,1.64,0.0561842207978954
2022-02-08,1.96,0.27,0.04,-0.01,1.69,0.0672061505121865
2022-02-09,1.94,0.27,-0.02,0,1.67,0.0736659125149934
2022-02-10,2.03,0.41,0.0899999999999999,0.14,1.62,0.0900863783019139
2022-02-11,1.92,0.37,-0.11,-0.04,1.55,0.0841955396021005
2022-02-14,1.98,0.45,0.0600000000000001,0.08,1.53,0.0804777401935881
2022-02-15,2.05,0.41,0.0699999999999998,-0.04,1.64,0.0834066344283634
2022-02-16,2.03,0.39,-0.02,-0.02,1.64,0.0686051504383356
2022-02-17,1.97,0.37,-0.0599999999999998,-0.02,1.6,0.0485455112926691
2022-02-18,1.92,0.35,-0.05,-0.02,1.57,0.049620784175809
2022-02-22,1.94,0.39,0.02,0.04,1.55,0.047656176001764
2022-02-23,1.99,0.36,0.05,-0.03,1.63,0.0476211904279783
2022-02-24,1.96,0.33,-0.03,-0.03,1.63,0.0462961481479111
2022-02-25,1.97,0.33,0.01,0,1.64,0.0427005074130663
2022-02-28,1.83,0.37,-0.14,0.04,1.46,0.060772800933751
2022-03-01,1.72,0.32,-0.11,-0.05,1.4,0.0976160278278566
2022-03-02,1.86,0.33,0.14,0.01,1.53,0.091706052144883
2022-03-03,1.86,0.37,0,0.04,1.49,0.0843010478384857
2022-03-04,1.74,0.33,-0.12,-0.04,1.41,0.0944516337132985
2022-03-07,1.78,0.38,0.04,0.05,1.4,0.0980079361865944
2022-03-08,1.86,0.36,0.0800000000000001,-0.02,1.5,0.094404566744529
2022-03-09,1.94,0.38,0.0799999999999999,0.02,1.56,0.0876609630590746
2022-03-10,1.98,0.38,0.04,0,1.6,0.0905783883961536
2022-03-11,2,0.39,0.02,0.01,1.61,0.0952248800355127
2022-03-14,2.14,0.45,0.14,0.06,1.69,0.129683375101737
2022-03-15,2.15,0.46,0.00999999999999979,0.01,1.69,0.138760384996743
2022-03-16,2.19,0.43,0.04,-0.03,1.76,0.157916996481626
2022-03-17,2.2,0.4,0.0100000000000002,-0.03,1.8,0.169233566410449
2022-03-18,2.14,0.41,-0.0600000000000001,0.00999999999999995,1.73,0.147331825029987
2022-03-21,2.32,0.55,0.18,0.14,1.77,0.141090987191481
2022-03-22,2.38,0.51,0.0600000000000001,-0.04,1.87,0.141907638193924
2022-03-23,2.32,0.5,-0.0600000000000001,-0.01,1.82,0.13172361637577
2022-03-24,2.34,0.5,0.02,0,1.84,0.118958442790376
2022-03-25,2.48,0.53,0.14,0.03,1.95,0.118058365979619
2022-03-28,2.46,0.6,-0.02,0.07,1.86,0.123360357399684
2022-03-29,2.41,0.56,-0.0499999999999998,-0.0399999999999999,1.85,0.11587349423689
2022-03-30,2.35,0.55,-0.0600000000000001,-0.01,1.8,0.105934990547138
2022-03-31,2.32,0.51,-0.0300000000000003,-0.04,1.81,0.0944927980794774
2022-04-01,2.39,0.52,0.0700000000000003,0.01,1.87,0.058319045869348
2022-04-04,2.42,0.67,0.0299999999999998,0.15,1.75,0.0559861093883514
2022-04-05,2.54,0.65,0.12,-0.02,1.89,0.0737940075856811
2022-04-06,2.61,0.67,0.0699999999999998,0.02,1.94,0.0922315925627801
2022-04-07,2.66,0.68,0.0500000000000003,0.01,1.98,0.110473727394546
2022-04-08,2.72,0.69,0.0600000000000001,0.0099999999999999,2.03,0.137177905574396
2022-04-11,2.79,0.78,0.0699999999999998,0.0900000000000001,2.01,0.166296255052375
2022-04-12,2.72,0.74,-0.0699999999999998,-0.04,1.98,0.172098163202801
2022-04-13,2.7,0.75,-0.02,0.01,1.95,0.161730228054828
2022-04-14,2.83,0.78,0.13,0.03,2.05,0.148009008734829
2022-04-18,2.85,0.82,0.02,0.0399999999999999,2.03,0.133099795475258
2022-04-19,2.93,0.82,0.0800000000000001,0,2.11,0.117497044880097
2022-04-20,2.85,0.82,-0.0800000000000001,0,2.03,0.0999110715697826
2022-04-21,2.9,0.82,0.0499999999999998,0,2.08,0.0913175168786848
2022-04-22,2.9,0.82,0,0,2.08,0.0830595502569625
2022-04-25,2.81,0.93,-0.0899999999999999,0.11,1.88,0.0756894238905865
2022-04-26,2.77,0.84,-0.04,-0.0900000000000001,1.93,0.077056977476266
2022-04-27,2.82,0.82,0.0499999999999998,-0.02,2,0.0676921134418347
2022-04-28,2.85,0.81,0.0300000000000003,-0.0099999999999999,2.04,0.0479467296996249
2022-04-29,2.89,0.83,0.04,0.0199999999999999,2.06,0.0487738545625511
2022-05-02,2.99,0.9,0.1,0.0700000000000001,2.09,0.0641958807955084
2022-05-03,2.97,0.9,-0.02,0,2.07,0.0693221144769515
2022-05-04,2.93,0.88,-0.04,-0.02,2.05,0.0707185344242308
2022-05-05,3.05,0.84,0.12,-0.04,2.21,0.0884181982273886
2022-05-06,3.12,0.84,0.0700000000000003,0,2.28,0.112940495640649
2022-05-09,3.05,0.92,-0.0700000000000003,0.0800000000000001,2.13,0.112467279192167
2022-05-10,2.99,0.89,-0.0599999999999996,-0.03,2.1,0.0947745863732584
2022-05-11,2.91,0.9,-0.0800000000000001,0.01,2.01,0.0828988674363059
2022-05-12,2.84,0.95,-0.0700000000000003,0.0499999999999999,1.89,0.0846167832052247
2022-05-13,2.93,1.01,0.0900000000000003,0.0600000000000001,1.92,0.0810760959428445
2022-05-16,2.88,1.07,-0.0500000000000003,0.0600000000000001,1.81,0.0865447860936752
2022-05-17,2.98,1.06,0.1,-0.01,1.92,0.0866410218468519
2022-05-18,2.89,1.02,-0.0899999999999999,-0.04,1.87,0.0894675608499776
2022-05-19,2.84,1.04,-0.0500000000000003,0.02,1.8,0.0916575753067422
2022-05-20,2.78,1.01,-0.0600000000000001,-0.03,1.77,0.0811651266109885
2022-05-23,2.86,1.07,0.0800000000000001,0.0600000000000001,1.79,0.065149400952307
2022-05-24,2.76,1.05,-0.1,-0.02,1.71,0.0665081448646205
2022-05-25,2.75,1.05,-0.00999999999999979,0,1.7,0.0738542107428172
2022-05-26,2.75,1.06,0,0.01,1.69,0.0805260482356141
2022-05-27,2.74,1.06,-0.00999999999999979,0,1.68,0.0798679465673739
2022-05-31,2.85,1.13,0.11,0.0699999999999998,1.72,0.0780313327381308
2022-06-01,2.94,1.12,0.0899999999999999,-0.00999999999999979,1.82,0.0694742158406028
2022-06-02,2.92,1.13,-0.02,0.00999999999999979,1.79,0.0735527021937331
2022-06-03,2.96,1.17,0.04,0.04,1.79,0.0860813568666294
2022-06-06,3.04,1.23,0.0800000000000001,0.0600000000000001,1.81,0.105940234723798
2022-06-07,2.98,1.24,-0.0600000000000001,0.01,1.74,0.11288637355028
2022-06-08,3.03,1.25,0.0499999999999998,0.01,1.78,0.116160808077997
2022-06-09,3.04,1.26,0.0100000000000002,0.01,1.78,0.111778550914048
2022-06-10,3.15,1.34,0.11,0.0800000000000001,1.81,0.113749236871677
2022-06-13,3.43,1.69,0.28,0.35,1.74,0.161396681777814
2022-06-14,3.49,1.78,0.0600000000000001,0.0900000000000001,1.71,0.202089089265106
2022-06-15,3.33,1.69,-0.16,-0.0900000000000001,1.64,0.20580735328619
2022-06-16,3.28,1.54,-0.0500000000000003,-0.15,1.74,0.194824707536459
2022-06-17,3.25,1.58,-0.0299999999999998,0.04,1.67,0.18066543665018
2022-06-21,3.31,1.66,0.0600000000000001,0.0799999999999999,1.65,0.173810241355336
2022-06-22,3.16,1.57,-0.15,-0.0899999999999999,1.59,0.153264477293338
2022-06-23,3.09,1.59,-0.0700000000000003,0.02,1.5,0.144764176047345
2022-06-24,3.13,1.66,0.04,0.0699999999999998,1.47,0.132312760785446
2022-06-27,3.2,1.75,0.0700000000000003,0.0900000000000001,1.45,0.128499891915216
2022-06-28,3.2,1.75,0,0,1.45,0.116065115823451
2022-06-29,3.1,1.73,-0.1,-0.02,1.37,0.0857969178415583
2022-06-30,2.98,1.66,-0.12,-0.0700000000000001,1.32,0.0994428926011753
2022-07-01,2.88,1.66,-0.1,0,1.22,0.126929551764399
2022-07-05,2.82,1.86,-0.0600000000000001,0.2,0.96,0.152100113229558
2022-07-06,2.93,1.85,0.11,-0.01,1.08,0.136906293987287
2022-07-07,3.01,1.89,0.0799999999999996,0.0399999999999998,1.12,0.131504119073637
2022-07-08,3.09,1.91,0.0800000000000001,0.02,1.18,0.131504119073637
2022-07-11,2.99,2.13,-0.0999999999999996,0.22,0.86,0.127540843131393
2022-07-12,2.96,2.16,-0.0300000000000003,0.0300000000000003,0.8,0.111474959819085
2022-07-13,2.91,2.33,-0.0499999999999998,0.17,0.58,0.087692645073575
2022-07-14,2.96,2.33,0.0499999999999998,0,0.63,0.0742443413481608
2022-07-15,2.93,2.29,-0.0299999999999998,-0.04,0.64,0.0739068482768831
2022-07-18,2.96,2.44,0.0299999999999998,0.15,0.52,0.0699523647443982
2022-07-19,3.01,2.46,0.0499999999999998,0.02,0.55,0.0525462759014481
2022-07-20,3.04,2.44,0.0300000000000003,-0.02,0.6,0.0535827501264269
2022-07-21,2.91,2.4,-0.13,-0.04,0.51,0.0577735041154487
2022-07-22,2.77,2.41,-0.14,0.0100000000000002,0.36,0.0739669595908275
2022-07-25,2.81,2.55,0.04,0.14,0.26,0.0828921655593043
2022-07-26,2.81,2.48,0,-0.0699999999999998,0.33,0.089374368684639
2022-07-27,2.78,2.37,-0.0300000000000003,-0.11,0.41,0.0985224170768596
2022-07-28,2.68,2.35,-0.0999999999999996,-0.02,0.33,0.116999525165228
2022-07-29,2.67,2.34,-0.0100000000000002,-0.0100000000000002,0.33,0.13031585560561
2022-08-01,2.6,2.48,-0.0699999999999998,0.14,0.12,0.143743598891297
2022-08-02,2.75,2.48,0.15,0,0.27,0.125503430674668
2022-08-03,2.73,2.44,-0.02,-0.04,0.29,0.0871078514129339
2022-08-04,2.68,2.41,-0.0499999999999998,-0.0299999999999998,0.27,0.0689283041363351
2022-08-05,2.83,2.48,0.15,0.0699999999999998,0.35,0.075306779981029
2022-08-08,2.77,2.57,-0.0600000000000001,0.0899999999999999,0.2,0.07180219742846
2022-08-09,2.8,2.58,0.0299999999999998,0.0100000000000002,0.22,0.0706242010770937
2022-08-10,2.78,2.56,-0.02,-0.02,0.22,0.0706242010770937
2022-08-11,2.87,2.52,0.0900000000000003,-0.04,0.35,0.080801540139337
2022-08-12,2.84,2.53,-0.0300000000000003,0.00999999999999979,0.31,0.0804501225743144
2022-08-15,2.79,2.63,-0.0499999999999998,0.1,0.16,0.0558171618371586
2022-08-16,2.82,2.61,0.0299999999999998,-0.02,0.21,0.0554677083235522
2022-08-17,2.89,2.59,0.0700000000000003,-0.02,0.3,0.0588878406615303
2022-08-18,2.88,2.61,-0.0100000000000002,0.02,0.27,0.0427005074130664
2022-08-19,2.98,2.64,0.1,0.0300000000000003,0.34,0.0646013415753368
2022-08-22,3.03,2.74,0.0499999999999998,0.1,0.29,0.0823002632640585
2022-08-23,3.05,2.71,0.02,-0.0300000000000003,0.34,0.0961538119658059
2022-08-24,3.11,2.73,0.0600000000000001,0.02,0.38,0.108852601663391
2022-08-25,3.03,2.78,-0.0800000000000001,0.0499999999999998,0.25,0.11143508324481
2022-08-26,3.04,2.78,0.0100000000000002,0,0.26,0.109015799058872
2022-08-29,3.12,2.89,0.0800000000000001,0.11,0.23,0.100802336833583
2022-08-30,3.11,2.88,-0.0100000000000002,-0.0100000000000002,0.23,0.0854010148261327
2022-08-31,3.15,2.87,0.04,-0.00999999999999979,0.28,0.0794425019187532
2022-09-01,3.26,2.88,0.11,0.00999999999999979,0.38,0.0799722173980161
2022-09-02,3.2,2.85,-0.0599999999999996,-0.0299999999999998,0.35,0.0771722460186015
2022-09-06,3.33,2.96,0.13,0.11,0.37,0.0980929264637478
2022-09-07,3.27,2.98,-0.0600000000000001,0.02,0.29,0.100310628660288
2022-09-08,3.29,2.97,0.02,-0.00999999999999979,0.32,0.105934990547138
2022-09-09,3.33,2.98,0.04,0.00999999999999979,0.35,0.101105005920687
2022-09-12,3.37,3.09,0.04,0.11,0.28,0.0929814796373749
2022-09-13,3.42,3.19,0.0499999999999998,0.1,0.23,0.0971882480321338
2022-09-14,3.41,3.14,-0.00999999999999979,-0.0499999999999998,0.27,0.0870568141439192
2022-09-15,3.45,3.12,0.04,-0.02,0.33,0.0798679465673739
2022-09-16,3.45,3.1,0,-0.02,0.35,0.0831063575586529
2022-09-19,3.49,3.29,0.04,0.19,0.2,0.0743041796341977
2022-09-20,3.57,3.26,0.0799999999999996,-0.0300000000000003,0.31,0.0925262725452134
2022-09-21,3.51,3.21,-0.0600000000000001,-0.0499999999999998,0.3,0.0843866761468367
2022-09-22,3.7,3.19,0.19,-0.02,0.51,0.106144555520604
2022-09-23,3.69,3.12,-0.0100000000000002,-0.0699999999999998,0.57,0.114134423670804
2022-09-26,3.88,3.3,0.19,0.18,0.58,0.153698839726698
2022-09-27,3.97,3.26,0.0900000000000003,-0.04,0.71,0.192688580068692
2022-09-28,3.72,3.29,-0.25,0.0300000000000003,0.43,0.181172109700509
2022-09-29,3.76,3.26,0.0399999999999996,-0.0300000000000003,0.5,0.170697913806167
2022-09-30,3.83,3.22,0.0700000000000003,-0.0399999999999996,0.61,0.157042103342455
2022-10-03,3.67,3.34,-0.16,0.12,0.33,0.137921072437181
2022-10-04,3.62,3.32,-0.0499999999999998,-0.02,0.3,0.132266565860177
2022-10-05,3.76,3.33,0.14,0.0100000000000002,0.43,0.106039824803912
2022-10-06,3.83,3.32,0.0700000000000003,-0.0100000000000002,0.51,0.105835301818964
2022-10-07,3.89,3.31,0.0600000000000001,-0.00999999999999979,0.58,0.10729502421931
2022-10-11,3.93,3.53,0.04,0.22,0.4,0.112822377606966
2022-10-12,3.91,3.56,-0.02,0.0300000000000003,0.35,0.103901662910444
2022-10-13,3.97,3.64,0.0600000000000001,0.0800000000000001,0.33,0.114217142126546
2022-10-14,4,3.65,0.0299999999999998,0.00999999999999979,0.35,0.12556096350202
2022-10-17,4.02,3.82,0.0199999999999996,0.17,0.2,0.137517675631575
2022-10-18,4.01,3.89,-0.00999999999999979,0.0700000000000003,0.12,0.126947058081531
2022-10-19,4.14,3.91,0.13,0.02,0.23,0.107206964947868
2022-10-20,4.24,3.91,0.100000000000001,0,0.33,0.121216060542047
2022-10-21,4.21,3.9,-0.0300000000000003,-0.0100000000000002,0.31,0.123630273171438
2022-10-24,4.25,4,0.04,0.1,0.25,0.12994015716646
2022-10-25,4.1,3.97,-0.15,-0.0299999999999998,0.129999999999999,0.120669429065986
2022-10-26,4.04,3.94,-0.0599999999999996,-0.0300000000000003,0.1,0.105809052332754
2022-10-27,3.96,3.95,-0.0800000000000001,0.0100000000000002,0.00999999999999979,0.107191417566893
2022-10-28,4.02,3.99,0.0599999999999996,0.04,0.0299999999999994,0.105351264296585
2022-10-31,4.1,4.06,0.0800000000000001,0.0699999999999994,0.04,0.101658469614905
2022-11-01,4.07,4.06,-0.0299999999999994,0,0.0100000000000007,0.0969593270970417
2022-11-02,4.1,4.04,0.0299999999999994,-0.0199999999999996,0.0599999999999996,0.0965459015759402
2022-11-03,4.14,4.06,0.04,0.0199999999999996,0.0800000000000001,0.0860813568666294
2022-11-04,4.17,4.02,0.0300000000000003,-0.04,0.15,0.0811377429642539
2022-11-07,4.22,4.12,0.0499999999999998,0.100000000000001,0.0999999999999996,0.0750999334220743
2022-11-08,4.14,4.1,-0.0800000000000001,-0.0200000000000005,0.04,0.0766231760703712
2022-11-09,4.12,4.11,-0.0199999999999996,0.0100000000000007,0.00999999999999979,0.0742667863553793
2022-11-10,3.82,4.09,-0.3,-0.0200000000000005,-0.27,0.109341463112378
2022-11-14,3.88,4.16,0.0600000000000001,0.0700000000000003,-0.28,0.12685950233756
2022-11-15,3.8,4.14,-0.0800000000000001,-0.0200000000000005,-0.34,0.153275351356092
2022-11-16,3.67,4.14,-0.13,0,-0.47,0.193287350853593
2022-11-17,3.77,4.13,0.1,-0.00999999999999979,-0.36,0.203363385757286
2022-11-18,3.82,4.15,0.0499999999999998,0.0200000000000005,-0.330000000000001,0.199301558225497
2022-11-21,3.83,4.23,0.0100000000000002,0.0800000000000001,-0.4,0.184333634719464
2022-11-22,3.76,4.21,-0.0700000000000003,-0.0200000000000005,-0.45,0.152129330943554
2022-11-23,3.71,4.21,-0.0499999999999998,0,-0.5,0.122365572500329
2022-11-25,3.68,4.22,-0.0299999999999998,0.00999999999999979,-0.54,0.0693140998963735
2022-11-28,3.69,4.3,0.00999999999999979,0.0800000000000001,-0.61,0.0718717994456487
2022-11-29,3.75,4.27,0.0600000000000001,-0.0300000000000003,-0.52,0.0584617633823833
2022-11-30,3.68,4.27,-0.0699999999999998,0,-0.589999999999999,0.0589161362540952
2022-12-01,3.53,4.22,-0.15,-0.0499999999999998,-0.69,0.0865126837200445
2022-12-02,3.51,4.22,-0.02,0,-0.71,0.107103273111101
2022-12-05,3.6,4.27,0.0900000000000003,0.0499999999999998,-0.67,0.101236796121217
2022-12-06,3.51,4.27,-0.0900000000000003,0,-0.76,0.0969306739662712
2022-12-07,3.42,4.2,-0.0899999999999999,-0.0699999999999994,-0.78,0.109726933794762
2022-12-08,3.48,4.17,0.0600000000000001,-0.0300000000000003,-0.69,0.110075731506389
2022-12-09,3.57,4.19,0.0899999999999999,0.0200000000000005,-0.620000000000001,0.104902070734778
2022-12-12,3.61,4.29,0.04,0.0999999999999996,-0.68,0.0978888258292142
2022-12-13,3.51,4.26,-0.1,-0.0300000000000003,-0.75,0.0743564986325264
2022-12-14,3.49,4.23,-0.0199999999999996,-0.0299999999999994,-0.74,0.0575519089363874
2022-12-15,3.44,4.22,-0.0500000000000003,-0.0100000000000007,-0.78,0.0631048510197292
2022-12-16,3.48,4.2,0.04,-0.0199999999999996,-0.72,0.0640225654663173
2022-12-19,3.57,4.28,0.0899999999999999,0.0800000000000001,-0.71,0.0599629515247169
2022-12-20,3.69,4.25,0.12,-0.0300000000000003,-0.56,0.0831598193574009
2022-12-21,3.68,4.22,-0.00999999999999979,-0.0300000000000003,-0.54,0.0868971294756686
2022-12-22,3.67,4.24,-0.0100000000000002,0.0200000000000005,-0.57,0.0901172076304582
2022-12-23,3.75,4.23,0.0800000000000001,-0.00999999999999979,-0.48,0.106400710106235
2022-12-27,3.84,4.35,0.0899999999999999,0.119999999999999,-0.51,0.132982872748503
2022-12-28,3.88,4.35,0.04,0,-0.47,0.151617208052971
2022-12-29,3.83,4.34,-0.0499999999999998,-0.00999999999999979,-0.51,0.150114770906945
2022-12-30,3.88,4.3,0.0499999999999998,-0.04,-0.42,0.134664191396393
2023-01-03,3.79,4.4,-0.0899999999999999,0.100000000000001,-0.61,0.10358034991681
2023-01-04,3.69,4.41,-0.1,0.00999999999999979,-0.72,0.0845905169363301
2023-01-05,3.71,4.51,0.02,0.0999999999999996,-0.8,0.0827042925125413
2023-01-06,3.55,4.51,-0.16,0,-0.96,0.105772292107989
2023-01-09,3.53,4.55,-0.02,0.04,-1.02,0.126161272451837
2023-01-10,3.61,4.57,0.0800000000000001,0.0200000000000005,-0.96,0.133120663726978
2023-01-11,3.54,4.57,-0.0699999999999998,0,-1.03,0.139479190004977
2023-01-12,3.43,4.5,-0.11,-0.0700000000000003,-1.07,0.14766328062333
2023-01-13,3.49,4.51,0.0600000000000001,0.00999999999999979,-1.02,0.14218923228493
2023-01-17,3.53,4.56,0.0399999999999996,0.0499999999999998,-1.03,0.111360276181011
2023-01-18,3.37,4.54,-0.16,-0.0199999999999996,-1.17,0.105330168728833
2023-01-19,3.39,4.55,0.02,0.00999999999999979,-1.16,0.102116491213603
2023-01-20,3.48,4.57,0.0899999999999999,0.0200000000000005,-1.09,0.0758360805363192
2023-01-23,3.52,4.58,0.04,0.00999999999999979,-1.06,0.073854210742817
2023-01-24,3.46,4.57,-0.0600000000000001,-0.00999999999999979,-1.11,0.0728468713581212
2023-01-25,3.46,4.56,0,-0.0100000000000007,-1.1,0.0573585215987999
2023-01-26,3.49,4.55,0.0300000000000003,-0.00999999999999979,-1.06,0.0522387680644259
2023-01-27,3.52,4.57,0.0299999999999998,0.0200000000000005,-1.05,0.0538413306753175
2023-01-30,3.55,4.59,0.0299999999999998,0.0199999999999996,-1.04,0.0592640044396446
2023-01-31,3.52,4.58,-0.0299999999999998,-0.00999999999999979,-1.06,0.0583476172987761
2023-02-01,3.39,4.54,-0.13,-0.04,-1.15,0.054528280124476
2023-02-02,3.4,4.53,0.00999999999999979,-0.00999999999999979,-1.13,0.052799410771123
2023-02-03,3.53,4.57,0.13,0.04,-1.04,0.055216744642263
2023-02-06,3.63,4.59,0.1,0.0199999999999996,-0.96,0.0716860438920218
2023-02-07,3.67,4.59,0.04,0,-0.92,0.0889694079757506
2023-02-08,3.63,4.59,-0.04,0,-0.96,0.0932201694913713
2023-02-09,3.67,4.64,0.04,0.0499999999999998,-0.97,0.101044544632553
2023-02-10,3.74,4.66,0.0700000000000003,0.0200000000000005,-0.92,0.11633763124821
2023-02-13,3.72,4.68,-0.02,0.0199999999999996,-0.959999999999999,0.124721912892465
2023-02-14,3.77,4.67,0.0499999999999998,-0.00999999999999979,-0.9,0.133853153368408
2023-02-15,3.81,4.66,0.04,-0.00999999999999979,-0.85,0.120651011875851
2023-02-16,3.86,4.7,0.0499999999999998,0.04,-0.84,0.0971882480321338
2023-02-17,3.82,4.7,-0.04,0,-0.88,0.0818942407417437
2023-02-21,3.95,4.72,0.13,0.0199999999999996,-0.77,0.0984547273285206
2023-02-22,3.93,4.71,-0.02,-0.00999999999999979,-0.78,0.104986771653491
2023-02-23,3.88,4.71,-0.0500000000000003,0,-0.83,0.0915605446321358
2023-02-24,3.95,4.72,0.0700000000000003,0.00999999999999979,-0.77,0.0848593607748203
2023-02-27,3.92,4.74,-0.0300000000000003,0.0200000000000005,-0.82,0.0795054156086937
2023-02-28,3.92,4.72,0,-0.0200000000000005,-0.8,0.0636745195855018
2023-03-01,4.01,4.73,0.0899999999999999,0.0100000000000007,-0.720000000000001,0.0624054840894969
2023-03-02,4.08,4.74,0.0700000000000003,0.00999999999999979,-0.66,0.0740570350773271
2023-03-03,3.97,4.74,-0.11,0,-0.77,0.0702456008903365
2023-03-06,3.98,4.76,0.00999999999999979,0.0199999999999996,-0.78,0.0558669053296414
2023-03-07,3.97,4.87,-0.00999999999999979,0.11,-0.9,0.0558669053296414
2023-03-08,3.98,4.89,0.00999999999999979,0.0199999999999996,-0.91,0.0550151494287407
2023-03-09,3.93,4.87,-0.0499999999999998,-0.0199999999999996,-0.94,0.048177911028926
2023-03-10,3.7,4.83,-0.23,-0.04,-1.13,0.0986801792548928
2023-03-13,3.55,4.7,-0.15,-0.13,-1.15,0.159892324880075
2023-03-14,3.64,4.71,0.0900000000000003,0.00999999999999979,-1.07,0.1808897761376
2023-03-15,3.51,4.59,-0.13,-0.12,-1.08,0.208297330222396
2023-03-16,3.56,4.57,0.0500000000000003,-0.0199999999999996,-1.01,0.204094204828174
2023-03-17,3.39,4.36,-0.17,-0.21,-0.97,0.225114785535439
2023-03-20,3.47,4.65,0.0800000000000001,0.29,-1.18,0.217562251627743
2023-03-21,3.59,4.62,0.12,-0.0300000000000003,-1.03,0.19089263998384
2023-03-22,3.48,4.63,-0.11,0.00999999999999979,-1.15,0.150908360713823
2023-03-23,3.38,4.57,-0.1,-0.0599999999999996,-1.19,0.102420701032555
2023-03-24,3.38,4.57,0,0,-1.19,0.0918029290261361
2023-03-27,3.53,4.75,0.15,0.18,-1.22,0.0906825966397816
2023-03-28,3.55,4.64,0.02,-0.11,-1.09,0.0780598061317944
2023-03-29,3.57,4.64,0.02,0,-1.07,0.0824621125123532
2023-03-30,3.55,4.8,-0.02,0.16,-1.25,0.0815747782371759
2023-03-31,3.48,4.68,-0.0699999999999998,-0.12,-1.2,0.074057035077327
2023-04-03,3.43,4.77,-0.0499999999999998,0.0899999999999999,-1.34,0.0767680489092521
2023-04-04,3.35,4.74,-0.0800000000000001,-0.0299999999999994,-1.39,0.0808290376865475
2023-04-05,3.3,4.72,-0.0500000000000003,-0.0200000000000005,-1.42,0.0968159766429762
2023-04-06,3.3,4.77,0,0.0499999999999998,-1.47,0.106270096138723
2023-04-07,3.39,4.81,0.0900000000000003,0.04,-1.42,0.105646159944936
2023-04-10,3.41,4.94,0.02,0.130000000000001,-1.53,0.101658469614904
2023-04-11,3.43,4.89,0.02,-0.0500000000000007,-1.46,0.0930292666016692
2023-04-12,3.41,4.87,-0.02,-0.0199999999999996,-1.46,0.0769198717280955
2023-04-13,3.45,4.95,0.04,0.0800000000000001,-1.5,0.0607819417627017
2023-04-14,3.52,4.98,0.0699999999999998,0.0300000000000003,-1.46,0.0678969807870719
2023-04-17,3.6,5.06,0.0800000000000001,0.0799999999999992,-1.46,0.0931188010613921
2023-04-18,3.58,5.04,-0.02,-0.0199999999999996,-1.46,0.102896927931682
2023-04-19,3.6,5.01,0.02,-0.0300000000000003,-1.41,0.101592869391071
2023-04-20,3.54,4.97,-0.0600000000000001,-0.04,-1.43,0.0840700765895796
2023-04-21,3.57,4.98,0.0299999999999998,0.0100000000000007,-1.41,0.0786624292644066
2023-04-24,3.52,5.04,-0.0499999999999998,0.0599999999999996,-1.52,0.0702060459568041
2023-04-25,3.4,4.97,-0.12,-0.0700000000000003,-1.57,0.0750481327031008
2023-04-26,3.43,5,0.0300000000000003,0.0300000000000003,-1.57,0.0720262297901103
2023-04-27,3.53,5.03,0.0999999999999996,0.0300000000000003,-1.5,0.0675688948818579
2023-04-28,3.44,4.95,-0.0899999999999999,-0.0800000000000001,-1.51,0.0732499525976335
2023-05-01,3.59,5.1,0.15,0.149999999999999,-1.51,0.0721110255092798
2023-05-02,3.44,5.08,-0.15,-0.0199999999999996,-1.64,0.0727552976307109
2023-05-03,3.38,5.09,-0.0600000000000001,0.00999999999999979,-1.71,0.074416246732671
2023-05-04,3.37,5.1,-0.00999999999999979,0.00999999999999979,-1.73,0.0794494947889677
2023-05-05,3.44,5.1,0.0699999999999998,0,-1.66,0.0708989891794422
2023-05-08,3.52,5.15,0.0800000000000001,0.0500000000000007,-1.63,0.0708989891794422
2023-05-09,3.53,5.13,0.00999999999999979,-0.0200000000000005,-1.6,0.0718099343173816
2023-05-10,3.43,5.08,-0.0999999999999996,-0.0499999999999998,-1.65,0.0718099343173816
2023-05-11,3.39,5.04,-0.04,-0.04,-1.65,0.0718099343173816
2023-05-12,3.46,5.08,0.0699999999999998,0.04,-1.62,0.0716860438920218
2023-05-15,3.5,5.06,0.04,-0.0200000000000005,-1.56,0.0569990253327974
2023-05-16,3.54,5.07,0.04,0.0100000000000007,-1.53,0.0641525958598368
2023-05-17,3.57,5.1,0.0299999999999998,0.0299999999999994,-1.53,0.0672061505121864
2023-05-18,3.65,5.14,0.0800000000000001,0.04,-1.49,0.0763107681348663
2023-05-19,3.7,5.12,0.0500000000000003,-0.0199999999999996,-1.42,0.0945691986501595
2023-05-22,3.72,5.24,0.02,0.12,-1.52,0.111997023769979
2023-05-23,3.7,5.18,-0.02,-0.0600000000000005,-1.48,0.121307689597797
2023-05-24,3.73,5.21,0.0299999999999998,0.0300000000000003,-1.48,0.121032594324376
2023-05-25,3.83,5.21,0.1,0,-1.38,0.117756811551038
2023-05-26,3.8,5.16,-0.0300000000000003,-0.0499999999999998,-1.36,0.108750478926149
2023-05-30,3.69,5.28,-0.11,0.12,-1.59,0.0899444272870755
2023-05-31,3.64,5.26,-0.0499999999999998,-0.0200000000000005,-1.62,0.0754320886625845
2023-06-01,3.61,5.24,-0.0300000000000003,-0.0199999999999996,-1.63,0.0683211371229854
2023-06-02,3.69,5.23,0.0800000000000001,-0.00999999999999979,-1.54,0.0657351588657935
2023-06-05,3.69,5.2,0,-0.0300000000000003,-1.51,0.0659966329107444
2023-06-06,3.7,5.18,0.0100000000000002,-0.0200000000000005,-1.48,0.0659629525651415
2023-06-07,3.79,5.16,0.0899999999999999,-0.0199999999999996,-1.37,0.0707185344242308
2023-06-08,3.73,5.12,-0.0600000000000001,-0.04,-1.39,0.0707185344242308
2023-06-09,3.75,5.11,0.02,-0.00999999999999979,-1.36,0.0602679203409427
2023-06-12,3.73,5.14,-0.02,0.0299999999999994,-1.41,0.0520256347070045
2023-06-13,3.84,5.11,0.11,-0.0299999999999994,-1.27,0.0675030863491934
2023-06-14,3.83,5.1,-0.00999999999999979,-0.0100000000000007,-1.27,0.0701110230673862
2023-06-15,3.72,5.07,-0.11,-0.0299999999999994,-1.35,0.0551865523072021
2023-06-16,3.77,5.09,0.0499999999999998,0.0199999999999996,-1.32,0.0516935413975694
2023-06-20,3.74,5.14,-0.0299999999999998,0.0499999999999998,-1.4,0.0469041575982342
2023-06-21,3.72,5.15,-0.02,0.0100000000000007,-1.43,0.0444222166638871
2023-06-22,3.8,5.15,0.0799999999999996,0,-1.35,0.0452278183815619
2023-06-23,3.74,5.15,-0.0599999999999996,0,-1.41,0.0445221542855039
2023-06-26,3.72,5.24,-0.02,0.0899999999999999,-1.52,0.0465355300341099
2023-06-27,3.77,5.19,0.0499999999999998,-0.0499999999999998,-1.42,0.045276925690687
2023-06-28,3.71,5.18,-0.0600000000000001,-0.0100000000000007,-1.47,0.039665266081716
2023-06-29,3.85,5.2,0.14,0.0200000000000005,-1.35,0.0442718872423573
2023-06-30,3.81,5.17,-0.04,-0.0300000000000003,-1.36,0.0457165178026498
2023-07-03,3.86,5.21,0.0499999999999998,0.04,-1.35,0.0551361950083608
2023-07-05,3.95,5.21,0.0900000000000003,0,-1.26,0.0771794445864096
2023-07-06,4.05,5.23,0.0999999999999996,0.0200000000000005,-1.18,0.107206964947868
2023-07-07,4.06,5.22,0.00999999999999979,-0.0100000000000007,-1.16,0.129426083580981
2023-07-10,4.01,5.25,-0.0499999999999998,0.0300000000000003,-1.24,0.131609692314476
2023-07-11,3.99,5.25,-0.0199999999999996,0,-1.26,0.12276445377678
2023-07-12,3.86,5.24,-0.13,-0.00999999999999979,-1.38,0.11472188592902
2023-07-13,3.76,5.24,-0.1,0,-1.48,0.105514611942296
2023-07-14,3.83,5.25,0.0700000000000003,0.00999999999999979,-1.42,0.107165500252854
2023-07-17,3.81,5.26,-0.02,0.00999999999999979,-1.45,0.107165500252854
2023-07-18,3.8,5.25,-0.0100000000000002,-0.00999999999999979,-1.45,0.112328882206571
2023-07-19,3.75,5.26,-0.0499999999999998,0.00999999999999979,-1.51,0.12218383235473
2023-07-20,3.85,5.26,0.1,0,-1.41,0.109117673484485
2023-07-21,3.84,5.27,-0.0100000000000002,0.00999999999999979,-1.43,0.0869226987360354
2023-07-24,3.86,5.28,0.02,0.0100000000000007,-1.42,0.066874675492463
2023-07-25,3.91,5.28,0.0500000000000003,0,-1.37,0.0485455112926692
2023-07-26,3.86,5.28,-0.0500000000000003,0,-1.42,0.0485455112926692
2023-07-27,4.01,5.28,0.15,0,-1.27,0.0698888005652153
2023-07-28,3.96,5.28,-0.0499999999999998,0,-1.32,0.0770641868113126
2023-07-31,3.97,5.28,0.0100000000000002,0,-1.31,0.0808908729915393
2023-08-01,4.05,5.27,0.0799999999999996,-0.0100000000000007,-1.22,0.0910677403548223
2023-08-02,4.08,5.27,0.0300000000000003,0,-1.19,0.0879962120396857
2023-08-03,4.2,5.27,0.12,0,-1.07,0.114328960071852
2023-08-04,4.05,5.28,-0.15,0.0100000000000007,-1.23,0.105961208835016
2023-08-07,4.09,5.29,0.04,0.00999999999999979,-1.2,0.0980702695916442
2023-08-08,4.02,5.3,-0.0700000000000003,0.00999999999999979,-1.28,0.0904863402828172
2023-08-09,4,5.28,-0.0199999999999996,-0.0199999999999996,-1.28,0.0699285349481884
2023-08-10,4.09,5.28,0.0899999999999999,0,-1.19,0.070308842497465
2023-08-11,4.16,5.28,0.0700000000000003,0,-1.12,0.0699920630420971
2023-08-14,4.19,5.29,0.0300000000000003,0.00999999999999979,-1.1,0.0692900505924995
2023-08-15,4.21,5.29,0.0199999999999996,0,-1.08,0.0763689873065124
2023-08-16,4.28,5.29,0.0700000000000003,0,-1.01,0.0924301538099627
2023-08-17,4.3,5.29,0.0199999999999996,0,-0.99,0.105456678835962
2023-08-18,4.26,5.28,-0.04,-0.00999999999999979,-1.02,0.106666666666667
2023-08-21,4.34,5.3,0.0800000000000001,0.0199999999999996,-0.96,0.117213006483448
2023-08-22,4.34,5.3,0,0,-0.96,0.110659638331035
2023-08-23,4.19,5.3,-0.149999999999999,0,-1.11,0.0818127944354263
2023-08-24,4.23,5.31,0.04,0.00999999999999979,-1.08,0.0641179468722377
2023-08-25,4.25,5.34,0.0199999999999996,0.0300000000000003,-1.09,0.0558669053296412
2023-08-28,4.2,5.34,-0.0499999999999998,0,-1.14,0.0545690184791495
2023-08-29,4.12,5.33,-0.0800000000000001,-0.00999999999999979,-1.21,0.0691937697901896
2023-08-30,4.12,5.32,0,-0.00999999999999979,-1.2,0.079477460117109
2023-08-31,4.09,5.32,-0.0300000000000003,0,-1.23,0.0877116487892761
2023-09-01,4.18,5.3,0.0899999999999999,-0.0200000000000005,-1.12,0.0866923039003783
2023-09-05,4.27,5.32,0.0899999999999999,0.0200000000000005,-1.05,0.0769487563974305
2023-09-06,4.3,5.31,0.0300000000000003,-0.0100000000000007,-1.01,0.0694822119522527
2023-09-07,4.27,5.3,-0.0300000000000003,-0.00999999999999979,-1.03,0.0733409086996396
2023-09-08,4.26,5.31,-0.00999999999999979,0.00999999999999979,-1.05,0.0751590905272867
2023-09-11,4.29,5.32,0.0300000000000003,0.0100000000000007,-1.03,0.078740078740118
2023-09-12,4.27,5.32,-0.0200000000000005,0,-1.05,0.0808359106118341
2023-09-13,4.25,5.31,-0.0199999999999996,-0.0100000000000007,-1.06,0.0736357401145817
2023-09-14,4.29,5.31,0.04,0,-1.02,0.0644722162382112
2023-09-15,4.33,5.32,0.04,0.0100000000000007,-0.99,0.0392852813828963
2023-09-18,4.32,5.31,-0.00999999999999979,-0.0100000000000007,-0.989999999999999,0.0259272486435069
2023-09-19,4.37,5.31,0.0499999999999998,0,-0.94,0.0365908306668337
2023-09-20,4.35,5.33,-0.0200000000000005,0.0200000000000005,-0.98,0.0405517502019882
2023-09-21,4.49,5.33,0.140000000000001,0,-0.84,0.0708362744487441
2023-09-22,4.44,5.32,-0.0499999999999998,-0.00999999999999979,-0.88,0.0760116950066093
2023-09-25,4.55,5.35,0.109999999999999,0.0299999999999994,-0.8,0.0982287579524902
2023-09-26,4.56,5.34,0.00999999999999979,-0.00999999999999979,-0.78,0.108959727524541
2023-09-27,4.61,5.34,0.0500000000000007,0,-0.73,0.115031396680307
2023-09-28,4.59,5.32,-0.0200000000000005,-0.0199999999999996,-0.73,0.113279398931236
2023-09-29,4.59,5.32,0,0,-0.73,0.109650961388094
2023-10-02,4.69,5.35,0.100000000000001,0.0299999999999994,-0.659999999999999,0.109463337342794
2023-10-03,4.81,5.35,0.119999999999999,0,-0.54,0.127610518549391
2023-10-04,4.73,5.34,-0.0799999999999992,-0.00999999999999979,-0.609999999999999,0.110975472765632
2023-10-05,4.72,5.34,-0.0100000000000007,0,-0.62,0.108058626063201
2023-10-06,4.78,5.36,0.0600000000000005,0.0200000000000005,-0.58,0.0946396675113912
2023-10-10,4.66,5.34,-0.12,-0.0200000000000005,-0.68,0.0860490816014003
2023-10-11,4.58,5.34,-0.0800000000000001,0,-0.76,0.0832933237287226
2023-10-12,4.7,5.35,0.12,0.00999999999999979,-0.65,0.0801734231387046
2023-10-13,4.63,5.35,-0.0700000000000003,0,-0.72,0.0757847829932456
2023-10-16,4.71,5.34,0.0800000000000001,-0.00999999999999979,-0.63,0.0674042530804498
2023-10-17,4.83,5.35,0.12,0.00999999999999979,-0.52,0.0784927455954441
2023-10-18,4.91,5.34,0.0800000000000001,-0.00999999999999979,-0.43,0.0962923788376953
2023-10-19,4.98,5.33,0.0700000000000003,-0.00999999999999979,-0.35,0.125698050899765
2023-10-20,4.93,5.31,-0.0500000000000007,-0.0200000000000005,-0.38,0.13714955340795
2023-10-23,4.86,5.32,-0.0699999999999994,0.0100000000000007,-0.46,0.140035709731482
2023-10-24,4.83,5.31,-0.0300000000000003,-0.0100000000000007,-0.48,0.134180641094177
2023-10-25,4.95,5.32,0.12,0.0100000000000007,-0.37,0.118044247824468
2023-10-26,4.86,5.32,-0.0899999999999999,0,-0.46,0.108469145638544
2023-10-27,4.84,5.32,-0.0200000000000005,0,-0.48,0.0771722460186016
2023-10-30,4.88,5.33,0.04,0.00999999999999979,-0.45,0.0529255241930689
2023-10-31,4.88,5.33,0,0,-0.45,0.0491709037722288
2023-11-01,4.77,5.31,-0.11,-0.0200000000000005,-0.54,0.0617881685905789
2023-11-02,4.67,5.28,-0.0999999999999996,-0.0299999999999994,-0.61,0.0800069441430625
2023-11-03,4.57,5.27,-0.0999999999999996,-0.0100000000000007,-0.699999999999999,0.112787903212672
2023-11-06,4.67,5.29,0.0999999999999996,0.0200000000000005,-0.62,0.119424546146185
2023-11-07,4.58,5.28,-0.0899999999999999,-0.00999999999999979,-0.7,0.135650695210571
2023-11-08,4.49,5.28,-0.0899999999999999,0,-0.79,0.144410679814356
2023-11-09,4.62,5.27,0.13,-0.0100000000000007,-0.65,0.138568073924375
2023-11-10,4.61,5.26,-0.00999999999999979,-0.00999999999999979,-0.65,0.13108097582114
2023-11-13,4.63,5.28,0.0199999999999996,0.0200000000000005,-0.65,0.109488710732101
2023-11-14,4.44,5.26,-0.19,-0.0200000000000005,-0.819999999999999,0.0936008072139929
2023-11-15,4.53,5.26,0.0899999999999999,0,-0.73,0.0756380268853643
2023-11-16,4.45,5.25,-0.0800000000000001,-0.00999999999999979,-0.8,0.0788035532193821
2023-11-17,4.44,5.25,-0.00999999999999979,0,-0.81,0.0870759566253636
2023-11-20,4.42,5.27,-0.0200000000000005,0.0199999999999996,-0.85,0.0833266663999786
2023-11-21,4.41,5.26,-0.00999999999999979,-0.00999999999999979,-0.85,0.0872034657822981
2023-11-22,4.42,5.27,0.00999999999999979,0.00999999999999979,-0.85,0.0911713892743892
2023-11-24,4.47,5.28,0.0499999999999998,0.0100000000000007,-0.810000000000001,0.0803879482399086
2023-11-27,4.39,5.28,-0.0800000000000001,0,-0.890000000000001,0.0710242525088751
2023-11-28,4.34,5.27,-0.0499999999999998,-0.0100000000000007,-0.93,0.0499888876540467
2023-11-29,4.27,5.25,-0.0700000000000003,-0.0199999999999996,-0.98,0.0710555338371961
2023-11-30,4.37,5.25,0.100000000000001,0,-0.88,0.0590291829898099
2023-12-01,4.22,5.23,-0.15,-0.0199999999999996,-1.01,0.0782091213776672
2023-12-04,4.28,5.26,0.0600000000000005,0.0299999999999994,-0.98,0.0797844317868816
2023-12-05,4.18,5.25,-0.100000000000001,-0.00999999999999979,-1.07,0.094192474339632
2023-12-06,4.12,5.25,-0.0599999999999996,0,-1.13,0.111574588903069
2023-12-07,4.14,5.24,0.0199999999999996,-0.00999999999999979,-1.1,0.114871909340602
2023-12-08,4.23,5.24,0.0900000000000008,0,-1.01,0.0933571398209883
2023-12-11,4.23,5.26,0,0.0199999999999996,-1.03,0.0802496105909555
2023-12-12,4.2,5.26,-0.0300000000000003,0,-1.06,0.0722956891292052
2023-12-13,4.04,5.24,-0.16,-0.0199999999999996,-1.2,0.0903634636097774
2023-12-14,3.92,5.23,-0.12,-0.00999999999999979,-1.31,0.107310556589534
2023-12-15,3.91,5.24,-0.00999999999999979,0.00999999999999979,-1.33,0.129292949021463
2023-12-18,3.95,5.26,0.04,0.0199999999999996,-1.31,0.127436258576592
2023-12-19,3.93,5.23,-0.02,-0.0299999999999994,-1.3,0.132669179205689
2023-12-20,3.86,5.24,-0.0700000000000003,0.00999999999999979,-1.38,0.145941388539677
2023-12-21,3.89,5.22,0.0300000000000003,-0.0200000000000005,-1.33,0.148488682696322
2023-12-22,3.9,5.24,0.00999999999999979,0.0200000000000005,-1.34,0.131322334564824
2023-12-26,3.89,5.25,-0.00999999999999979,0.00999999999999979,-1.36,0.100714116852273
2023-12-27,3.79,5.24,-0.1,-0.00999999999999979,-1.45,0.06390965845977
2023-12-28,3.84,5.25,0.0499999999999998,0.00999999999999979,-1.41,0.0470932880331984
2023-12-29,3.88,5.2,0.04,-0.0499999999999998,-1.32,0.045752959831396
2024-01-02,3.95,5.22,0.0700000000000003,0.0199999999999996,-1.27,0.0498442017133834
2024-01-03,3.91,5.24,-0.04,0.0200000000000005,-1.33,0.045752959831396
2024-01-04,3.99,5.24,0.0800000000000001,0,-1.25,0.0553774924194539
2024-01-05,4.05,5.24,0.0599999999999996,0,-1.19,0.0735527021937332
2024-01-08,4.01,5.25,-0.04,0.00999999999999979,-1.24,0.0796450458806656
2024-01-09,4.02,5.24,0.00999999999999979,-0.00999999999999979,-1.22,0.0849901955129727
2024-01-10,4.04,5.23,0.0200000000000005,-0.00999999999999979,-1.19,0.0896660470858395
2024-01-11,3.98,5.23,-0.0600000000000001,0,-1.25,0.0705612421155473
2024-01-12,3.96,5.22,-0.02,-0.0100000000000007,-1.26,0.0550656174234178
2024-01-16,4.07,5.22,0.11,0,-1.15,0.049620784175809
2024-01-17,4.1,5.24,0.0299999999999994,0.0200000000000005,-1.14,0.0557872944515345
2024-01-18,4.14,5.22,0.04,-0.0200000000000005,-1.08,0.0560158707669333
2024-01-19,4.15,5.22,0.0100000000000007,0,-1.07,0.0637355648144914
2024-01-22,4.11,5.22,-0.04,0,-1.11,0.0662989860824098
2024-01-23,4.14,5.21,0.0299999999999994,-0.00999999999999979,-1.07,0.0685484419143783
2024-01-24,4.18,5.21,0.04,0,-1.03,0.073794007585681
2024-01-25,4.14,5.21,-0.04,0,-1.07,0.0734922520481656
2024-01-26,4.15,5.21,0.0100000000000007,0,-1.06,0.0622182538417071
2024-01-29,4.08,5.22,-0.0700000000000003,0.00999999999999979,-1.14,0.0347051068928542
2024-01-30,4.06,5.21,-0.0200000000000005,-0.00999999999999979,-1.15,0.0365908306668336
2024-01-31,3.99,5.22,-0.0699999999999994,0.00999999999999979,-1.23,0.0562138772902207
2024-02-01,3.87,5.22,-0.12,0,-1.35,0.0942867965305853
2024-02-02,4.03,5.23,0.16,0.0100000000000007,-1.2,0.0930053761886913
2024-02-05,4.17,5.22,0.14,-0.0100000000000007,-1.05,0.0973481723848303
2024-02-06,4.09,5.23,-0.0800000000000001,0.0100000000000007,-1.14,0.0952423808559566
2024-02-07,4.09,5.23,0,0,-1.14,0.0883238988672437
2024-02-08,4.15,5.23,0.0600000000000005,0,-1.08,0.0892935234680172
2024-02-09,4.17,5.24,0.0199999999999996,0.00999999999999979,-1.07,0.0915302014516398
2024-02-12,4.17,5.23,0,-0.00999999999999979,-1.06,0.0968905453477158
2024-02-13,4.31,5.25,0.14,0.0199999999999996,-0.94,0.120756872360219
2024-02-14,4.27,5.23,-0.04,-0.0199999999999996,-0.960000000000001,0.123809890109348
2024-02-15,4.24,5.23,-0.0299999999999994,0,-0.99,0.0864677203739444
2024-02-16,4.3,5.24,0.0599999999999996,0.00999999999999979,-0.94,0.0801664934163061
2024-02-20,4.27,5.24,-0.0300000000000003,0,-0.970000000000001,0.0827580140463078
2024-02-21,4.32,5.24,0.0500000000000007,0,-0.92,0.0788035532193821
2024-02-22,4.33,5.25,0.00999999999999979,0.00999999999999979,-0.92,0.0675030863491934
2024-02-23,4.26,5.26,-0.0700000000000003,0.00999999999999979,-1,0.0569990253327975
2024-02-26,4.28,5.26,0.0200000000000005,0,-0.98,0.0464877522699379
2024-02-27,4.31,5.25,0.0299999999999994,-0.00999999999999979,-0.94,0.0292308816911917
2024-02-28,4.27,5.24,-0.04,-0.00999999999999979,-0.970000000000001,0.0287711275027202
2024-02-29,4.25,5.25,-0.0199999999999996,0.00999999999999979,-1,0.0305686840482944
2024-03-01,4.19,5.23,-0.0599999999999996,-0.0199999999999996,-1.04,0.0407703596037884
2024-03-04,4.22,5.24,0.0299999999999994,0.00999999999999979,-1.02,0.04371625682868
2024-03-05,4.13,5.23,-0.0899999999999999,-0.00999999999999979,-1.1,0.0622182538417072
2024-03-06,4.11,5.24,-0.0199999999999996,0.00999999999999979,-1.13,0.0727629331764768
2024-03-07,4.09,5.24,-0.0200000000000005,0,-1.15,0.0773807326004204
2024-03-08,4.09,5.24,0,0,-1.15,0.0838252149813328
2024-03-11,4.1,5.24,0.00999999999999979,0,-1.14,0.0826236447190915
2024-03-12,4.16,5.25,0.0600000000000005,0.00999999999999979,-1.09,0.0678969807870718
2024-03-13,4.19,5.25,0.0300000000000003,0,-1.06,0.0575519089363874
2024-03-14,4.29,5.25,0.0999999999999996,0,-0.96,0.0658364978142402
2024-03-15,4.31,5.25,0.0199999999999996,0,-0.94,0.081574778237176
2024-03-18,4.34,5.25,0.0300000000000003,0,-0.91,0.0972339675444977
2024-03-19,4.3,5.24,-0.04,-0.00999999999999979,-0.94,0.102067515781358
2024-03-20,4.27,5.24,-0.0300000000000003,0,-0.970000000000001,0.0992415683516181
2024-03-21,4.27,5.25,0,0.00999999999999979,-0.98,0.0901603509802889
2024-03-22,4.22,5.24,-0.0499999999999998,-0.00999999999999979,-1.02,0.075608641481425
2024-03-25,4.25,5.23,0.0300000000000003,-0.00999999999999979,-0.98,0.0559761854124887
2024-03-26,4.24,5.22,-0.00999999999999979,-0.0100000000000007,-0.98,0.0446716415140024
2024-03-27,4.2,5.22,-0.04,0,-1.02,0.0428044649799786
2024-03-28,4.2,5.23,0,0.0100000000000007,-1.03,0.047140452079103
2024-04-01,4.33,5.23,0.13,0,-0.9,0.0498442017133832
2024-04-02,4.36,5.22,0.0300000000000003,-0.0100000000000007,-0.859999999999999,0.053582750126427
2024-04-03,4.36,5.22,0,0,-0.859999999999999,0.0609188896083236
2024-04-04,4.31,5.21,-0.0500000000000007,-0.00999999999999979,-0.9,0.0622182538417072
2024-04-05,4.39,5.23,0.0800000000000001,0.0200000000000005,-0.840000000000001,0.0721418356049002
2024-04-08,4.42,5.23,0.0300000000000003,0,-0.810000000000001,0.0791903473354619
2024-04-09,4.36,5.23,-0.0599999999999996,0,-0.87,0.0781807023646003
2024-04-10,4.55,5.25,0.19,0.0199999999999996,-0.7,0.102067515781358
2024-04-11,4.56,5.25,0.00999999999999979,0,-0.69,0.107414048325988
2024-04-12,4.5,5.25,-0.0599999999999996,0,-0.75,0.090945649214853
2024-04-15,4.63,5.25,0.13,0,-0.62,0.108032916794425
2024-04-16,4.67,5.25,0.04,0,-0.58,0.124476682332252
2024-04-17,4.59,5.25,-0.0800000000000001,0,-0.66,0.122092860834148
2024-04-18,4.64,5.25,0.0499999999999998,0,-0.61,0.10959014554238
2024-04-19,4.62,5.25,-0.0199999999999996,0,-0.63,0.10046558282981
2024-04-22,4.62,5.22,0,-0.0300000000000003,-0.6,0.0902096324001919
2024-04-23,4.61,5.25,-0.00999999999999979,0.0300000000000003,-0.64,0.0499888876540466
2024-04-24,4.65,5.26,0.04,0.00999999999999979,-0.609999999999999,0.0490917508345344
2024-04-25,4.7,5.26,0.0499999999999998,0,-0.56,0.0533437489829461
2024-04-26,4.67,5.25,-0.0300000000000003,-0.00999999999999979,-0.58,0.0329983164553722
2024-04-29,4.63,5.25,-0.04,0,-0.62,0.0329983164553722
2024-04-30,4.69,5.25,0.0600000000000005,0,-0.56,0.035527766918598
2024-05-01,4.63,5.26,-0.0600000000000005,0.00999999999999979,-0.63,0.0309838667696594
2024-05-02,4.58,5.25,-0.0499999999999998,-0.00999999999999979,-0.67,0.0374165738677395
2024-05-03,4.5,5.25,-0.0800000000000001,0,-0.75,0.0580804040389987
2024-05-06,4.49,5.25,-0.00999999999999979,0,-0.76,0.0727629331764769
2024-05-07,4.47,5.25,-0.0200000000000005,0,-0.78,0.0860813568666295
2024-05-08,4.48,5.25,0.0100000000000007,0,-0.77,0.0919178377078622
2024-05-09,4.45,5.25,-0.0300000000000003,0,-0.8,0.0908539731901937
2024-05-10,4.5,5.26,0.0499999999999998,0.00999999999999979,-0.76,0.0833733237379386
2024-05-13,4.48,5.25,-0.0199999999999996,-0.00999999999999979,-0.77,0.0791692982018773
2024-05-14,4.45,5.24,-0.0300000000000003,-0.00999999999999979,-0.79,0.0577446486217072
2024-05-15,4.36,5.25,-0.0899999999999999,0.00999999999999979,-0.89,0.0548128127762518
2024-05-16,4.38,5.25,0.0199999999999996,0,-0.87,0.0488080139139283
2024-05-17,4.42,5.25,0.04,0,-0.83,0.047328638264797
2024-05-20,4.44,5.25,0.0200000000000005,0,-0.81,0.0449814776695179
2024-05-21,4.41,5.25,-0.0300000000000003,0,-0.84,0.0449814776695179
2024-05-22,4.43,5.25,0.0199999999999996,0,-0.82,0.0423739962188552
2024-05-23,4.47,5.26,0.04,0.00999999999999979,-0.79,0.0437670601657863
2024-05-24,4.46,5.26,-0.00999999999999979,0,-0.8,0.0385861230093007
2024-05-28,4.54,5.26,0.0800000000000001,0,-0.72,0.050155314330144
2024-05-29,4.61,5.26,0.0700000000000003,0,-0.65,0.0746547609555703
2024-05-30,4.55,5.26,-0.0600000000000005,0,-0.71,0.0727934673503667
2024-05-31,4.51,5.25,-0.04,-0.00999999999999979,-0.74,0.0660302960768768
2024-06-03,4.41,5.26,-0.0999999999999996,0.00999999999999979,-0.85,0.0671730766172149
2024-06-04,4.33,5.25,-0.0800000000000001,-0.00999999999999979,-0.92,0.0823002632640585
2024-06-05,4.29,5.25,-0.04,0,-0.96,0.0993310961716756
2024-06-06,4.28,5.25,-0.00999999999999979,0,-0.97,0.11452801695073
2024-06-07,4.43,5.26,0.149999999999999,0.00999999999999979,-0.83,0.114256047736846
2024-06-10,4.47,5.25,0.04,-0.00999999999999979,-0.78,0.114484351186818
2024-06-11,4.39,5.25,-0.0800000000000001,0,-0.86,0.109954536059228
2024-06-12,4.31,5.25,-0.0800000000000001,0,-0.94,0.0942867965305853
2024-06-13,4.24,5.25,-0.0699999999999994,0,-1.01,0.0892188320927817
2024-06-14,4.2,5.25,-0.04,0,-1.05,0.0874642784226794
2024-06-17,4.28,5.25,0.0800000000000001,0,-0.97,0.0846955331368385
2024-06-18,4.22,5.24,-0.0600000000000005,-0.00999999999999979,-1.02,0.090486340282817
2024-06-20,4.25,5.24,0.0300000000000003,0,-0.99,0.0923820569398864
2024-06-21,4.25,5.23,0,-0.00999999999999979,-0.98,0.0938320011746761
2024-06-24,4.25,5.24,0,0.00999999999999979,-0.99,0.0836925590745344
2024-06-25,4.23,5.23,-0.0199999999999996,-0.00999999999999979,-1,0.0543241300999022
2024-06-26,4.32,5.24,0.0899999999999999,0.00999999999999979,-0.92,0.0380788655293195
2024-06-27,4.29,5.23,-0.0300000000000003,-0.00999999999999979,-0.94,0.0352924291535105
2024-06-28,4.36,5.22,0.0700000000000003,-0.0100000000000007,-0.859999999999999,0.0483620604284898
2024-07-01,4.48,5.24,0.12,0.0200000000000005,-0.76,0.0783226943129797
2024-07-02,4.43,5.24,-0.0500000000000007,0,-0.810000000000001,0.0891690030846545
2024-07-03,4.36,5.24,-0.0699999999999994,0,-0.88,0.0846955331368387
2024-07-05,4.28,5.23,-0.0800000000000001,-0.00999999999999979,-0.95,0.0823609940040389
2024-07-08,4.28,5.23,0,0,-0.95,0.0798331593595877
2024-07-09,4.3,5.23,0.0199999999999996,0,-0.930000000000001,0.0758727004044713
2024-07-10,4.28,5.23,-0.0199999999999996,0,-0.95,0.0697296366132954
2024-07-11,4.2,5.21,-0.0800000000000001,-0.0200000000000005,-1.01,0.0823542483556387
2024-07-12,4.18,5.21,-0.0200000000000005,0,-1.03,0.094192474339632
2024-07-15,4.23,5.2,0.0500000000000007,-0.00999999999999979,-0.97,0.0962404396406325
2024-07-16,4.17,5.2,-0.0600000000000005,0,-1.03,0.0813019064967114
2024-07-17,4.16,5.2,-0.00999999999999979,0,-1.04,0.0660302960768768
2024-07-18,4.2,5.21,0.04,0.00999999999999979,-1.01,0.0528730134903957
2024-07-19,4.25,5.2,0.0499999999999998,-0.00999999999999979,-0.95,0.0503873881927699
2024-07-22,4.26,5.19,0.00999999999999979,-0.00999999999999979,-0.930000000000001,0.0483160888777687
2024-07-23,4.25,5.18,-0.00999999999999979,-0.0100000000000007,-0.93,0.0415799096787005
2024-07-24,4.28,5.18,0.0300000000000003,0,-0.9,0.0415799096787005
2024-07-25,4.27,5.17,-0.0100000000000007,-0.00999999999999979,-0.9,0.0440328160454097
2024-07-26,4.2,5.16,-0.0699999999999994,-0.00999999999999979,-0.96,0.0421768762343643
2024-07-29,4.17,5.15,-0.0300000000000003,-0.00999999999999979,-0.98,0.0458136321294097
2024-07-30,4.15,5.14,-0.0199999999999996,-0.0100000000000007,-0.989999999999999,0.0486369772452559
2024-07-31,4.09,5.15,-0.0600000000000005,0.0100000000000007,-1.06,0.061427463998877
2024-08-01,3.99,5.12,-0.0999999999999996,-0.0300000000000003,-1.13,0.0935057930469194
2024-08-02,3.8,5.05,-0.19,-0.0700000000000003,-1.25,0.151964908229938
2024-08-05,3.78,5.09,-0.02,0.04,-1.31,0.184318564809227
2024-08-06,3.9,5.09,0.12,0,-1.19,0.185475365240538
2024-08-07,3.96,5.09,0.0600000000000001,0,-1.13,0.170909332688417
2024-08-08,3.99,5.09,0.0300000000000003,0,-1.1,0.148925783156876
2024-08-09,3.94,5.09,-0.0500000000000003,0,-1.15,0.132501572317715
2024-08-12,3.9,5.07,-0.04,-0.0199999999999996,-1.17,0.115181016954473
2024-08-13,3.85,5.06,-0.0499999999999998,-0.0100000000000007,-1.21,0.0945163125250522
2024-08-14,3.83,5.07,-0.02,0.0100000000000007,-1.24,0.0766231760703713
2024-08-15,3.92,5.09,0.0899999999999999,0.0199999999999996,-1.17,0.0697694616417368
2024-08-16,3.89,5.08,-0.0299999999999998,-0.00999999999999979,-1.19,0.0627517153373339
2024-08-19,3.86,5.06,-0.0300000000000003,-0.0200000000000005,-1.2,0.0501553143301441
2024-08-20,3.82,5.04,-0.04,-0.0199999999999996,-1.22,0.0568037557443755
2024-08-21,3.79,5.02,-0.0299999999999998,-0.0200000000000005,-1.23,0.0608184913401253
2024-08-22,3.86,5.04,0.0699999999999998,0.0200000000000005,-1.18,0.0467142614436129
2024-08-23,3.81,5.01,-0.0499999999999998,-0.0300000000000003,-1.2,0.0416466618643613
2024-08-26,3.82,4.98,0.00999999999999979,-0.0299999999999994,-1.16,0.0392286743197994
2024-08-27,3.83,4.98,0.0100000000000002,0,-1.15,0.0394546152771341
2024-08-28,3.84,4.96,0.00999999999999979,-0.0200000000000005,-1.12,0.039214509786274
2024-08-29,3.87,4.98,0.0300000000000003,0.0200000000000005,-1.11,0.0307137319994385
2024-08-30,3.91,4.98,0.04,0,-1.07,0.0347850542618522
2024-09-03,3.84,4.97,-0.0700000000000003,-0.0100000000000007,-1.13,0.0341402336775184
2024-09-04,3.77,4.96,-0.0699999999999998,-0.00999999999999979,-1.19,0.0403319558993445
2024-09-05,3.73,4.94,-0.04,-0.0199999999999996,-1.21,0.0507280330126582
2024-09-06,3.72,4.93,-0.00999999999999979,-0.0100000000000007,-1.21,0.0594792213951879
2024-09-09,3.7,4.89,-0.02,-0.04,-1.19,0.0696100248208227
2024-09-10,3.65,4.85,-0.0500000000000003,-0.04,-1.2,0.0842219290525534
2024-09-11,3.65,4.89,0,0.04,-1.24,0.0925922962958222
2024-09-12,3.68,4.85,0.0300000000000003,-0.04,-1.17,0.0925922962958222
2024-09-13,3.66,4.78,-0.02,-0.0699999999999994,-1.12,0.0864677203739446
2024-09-16,3.63,4.75,-0.0300000000000003,-0.0300000000000003,-1.12,0.064644326037858
2024-09-17,3.65,4.75,0.02,0,-1.1,0.0447710223743489
2024-09-18,3.7,4.65,0.0500000000000003,-0.0999999999999996,-0.95,0.0340098025084926
2024-09-19,3.73,4.61,0.0299999999999998,-0.04,-0.88,0.0340098025084926
2024-09-20,3.73,4.56,0,-0.0500000000000007,-0.83,0.035527766918598
2024-09-23,3.75,4.53,0.02,-0.0299999999999994,-0.78,0.0419126074906665
2024-09-24,3.74,4.5,-0.00999999999999979,-0.0300000000000003,-0.76,0.0436653943835009
2024-09-25,3.79,4.51,0.0499999999999998,0.00999999999999979,-0.72,0.0505964425626941
2024-09-26,3.79,4.5,0,-0.00999999999999979,-0.71,0.0559861093883514
2024-09-27,3.75,4.5,-0.04,0,-0.75,0.0529570056219614
2024-09-30,3.81,4.52,0.0600000000000001,0.0199999999999996,-0.71,0.0469515116310907
2024-10-01,3.74,4.5,-0.0699999999999998,-0.0199999999999996,-0.76,0.0336815148775176
2024-10-02,3.79,4.48,0.0499999999999998,-0.0199999999999996,-0.69,0.0297396106975939
2024-10-03,3.85,4.48,0.0600000000000001,0,-0.63,0.0383550663030467
2024-10-04,3.98,4.53,0.13,0.0499999999999998,-0.55,0.0726406681320227
2024-10-07,4.03,4.55,0.0500000000000003,0.0199999999999996,-0.52,0.100338316598286
2024-10-08,4.04,4.53,0.00999999999999979,-0.0199999999999996,-0.49,0.115185840179155
2024-10-09,4.06,4.54,0.0199999999999996,0.00999999999999979,-0.48,0.128599291513514
2024-10-10,4.09,4.54,0.0300000000000003,0,-0.45,0.138820427571417
2024-10-11,4.08,4.53,-0.00999999999999979,-0.00999999999999979,-0.45,0.134664191396393
2024-10-15,4.03,4.52,-0.0499999999999998,-0.0100000000000007,-0.489999999999999,0.127580040236185
2024-10-16,4.02,4.51,-0.0100000000000007,-0.00999999999999979,-0.49,0.0993366889813515
2024-10-17,4.09,4.54,0.0700000000000003,0.0300000000000003,-0.45,0.0711883261341196
2024-10-18,4.08,4.53,-0.00999999999999979,-0.00999999999999979,-0.45,0.0362092683040007
2024-10-21,4.19,4.51,0.11,-0.0200000000000005,-0.319999999999999,0.0495423500093047
2024-10-22,4.2,4.51,0.00999999999999979,0,-0.31,0.0616080802781224
2024-10-23,4.24,4.52,0.04,0.00999999999999979,-0.279999999999999,0.07524773898412
2024-10-24,4.21,4.5,-0.0300000000000003,-0.0199999999999996,-0.29,0.0794494947889679
2024-10-25,4.25,4.52,0.04,0.0199999999999996,-0.27,0.087743312502372
2024-10-28,4.28,4.49,0.0300000000000003,-0.0299999999999994,-0.21,0.0952715417460361
2024-10-29,4.28,4.49,0,0,-0.21,0.0903327183250899
2024-10-30,4.29,4.47,0.00999999999999979,-0.0200000000000005,-0.18,0.0748999332442961
2024-10-31,4.28,4.44,-0.00999999999999979,-0.0299999999999994,-0.16,0.0641179468722378
2024-11-01,4.37,4.41,0.0899999999999999,-0.0300000000000003,-0.04,0.0534270010803942
2024-11-04,4.31,4.44,-0.0600000000000005,0.0300000000000003,-0.130000000000001,0.0495423500093046
2024-11-05,4.26,4.43,-0.0499999999999998,-0.0100000000000007,-0.17,0.0432177946889679
2024-11-06,4.42,4.44,0.16,0.0100000000000007,-0.0200000000000005,0.0602310366653088
2024-11-07,4.31,4.43,-0.11,-0.0100000000000007,-0.12,0.0523343948936919
2024-11-08,4.3,4.43,-0.00999999999999979,0,-0.13,0.048762462794426
2024-11-12,4.43,4.43,0.13,0,0,0.0602310366653088
2024-11-13,4.44,4.4,0.0100000000000007,-0.0299999999999994,0.04,0.0677331364826537
2024-11-14,4.43,4.41,-0.0100000000000007,0.00999999999999979,0.0199999999999996,0.0704351553637182
2024-11-15,4.43,4.41,0,0,0.0199999999999996,0.0686375342732468
2024-11-18,4.42,4.42,-0.00999999999999979,0.00999999999999979,0,0.0704351553637182
2024-11-19,4.39,4.41,-0.0300000000000003,-0.00999999999999979,-0.0200000000000005,0.0666749994792319
2024-11-20,4.41,4.42,0.0200000000000005,0.00999999999999979,-0.00999999999999979,0.0509465951321142
2024-11-21,4.43,4.43,0.0199999999999996,0.00999999999999979,0,0.0515213008807469
2024-11-22,4.41,4.43,-0.0199999999999996,0,-0.0199999999999996,0.0409471203708719
2024-11-25,4.27,4.42,-0.140000000000001,-0.00999999999999979,-0.15,0.0499332888295308
2024-11-26,4.3,4.4,0.0300000000000003,-0.0199999999999996,-0.100000000000001,0.0590762219509678
2024-11-27,4.25,4.4,-0.0499999999999998,0,-0.15,0.0715231120376872
2024-11-29,4.18,4.39,-0.0700000000000003,-0.0100000000000007,-0.21,0.0908539731901938
2024-12-02,4.19,4.38,0.0100000000000007,-0.00999999999999979,-0.19,0.0984603699182795
2024-12-03,4.23,4.36,0.04,-0.0199999999999996,-0.13,0.0964019363567627
2024-12-04,4.19,4.35,-0.04,-0.0100000000000007,-0.159999999999999,0.0977752524926425
2024-12-05,4.17,4.34,-0.0200000000000005,-0.00999999999999979,-0.17,0.0933095207718197
2024-12-06,4.15,4.31,-0.0199999999999996,-0.0300000000000003,-0.159999999999999,0.0780598061317944
2024-12-09,4.2,4.3,0.0499999999999998,-0.00999999999999979,-0.0999999999999996,0.0478539444560215
2024-12-10,4.22,4.29,0.0199999999999996,-0.00999999999999979,-0.0700000000000003,0.0436653943835008
2024-12-11,4.26,4.26,0.04,-0.0300000000000003,0,0.0353396220818628
2024-12-12,4.32,4.23,0.0600000000000005,-0.0299999999999994,0.0899999999999999,0.0495423500093046
2024-12-13,4.4,4.23,0.0800000000000001,0,0.17,0.0760190034720851
2024-12-16,4.39,4.25,-0.0100000000000007,0.0199999999999996,0.14,0.088700494800073
2024-12-17,4.4,4.26,0.0100000000000007,0.00999999999999979,0.140000000000001,0.0994428926011753
2024-12-18,4.5,4.25,0.0999999999999996,-0.00999999999999979,0.25,0.118269936069053
2024-12-19,4.57,4.23,0.0700000000000003,-0.0199999999999996,0.34,0.135437562490372
2024-12-20,4.52,4.23,-0.0500000000000007,0,0.289999999999999,0.127784540883821
2024-12-23,4.59,4.24,0.0700000000000003,0.00999999999999979,0.35,0.126933928570033
2024-12-24,4.59,4.28,0,0.04,0.31,0.116638091738696
2024-12-26,4.58,4.24,-0.00999999999999979,-0.04,0.34,0.100244146407104
2024-12-27,4.62,4.19,0.04,-0.0499999999999998,0.43,0.0893432830280051
2024-12-30,4.55,4.23,-0.0700000000000003,0.04,0.319999999999999,0.0797844317868816
2024-12-31,4.58,4.23,0.0300000000000003,0,0.35,0.0634209919681348
2025-01-02,4.57,4.22,-0.00999999999999979,-0.0100000000000007,0.350000000000001,0.0352924291535106
2025-01-03,4.6,4.2,0.0299999999999994,-0.0199999999999996,0.399999999999999,0.0275075747143704
2025-01-06,4.62,4.21,0.0200000000000005,0.00999999999999979,0.41,0.0304776785351
2025-01-07,4.67,4.21,0.0499999999999998,0,0.46,0.0333499958354154
2025-01-08,4.67,4.21,0,0,0.46,0.040345728123034
2025-01-09,4.68,4.21,0.00999999999999979,0,0.47,0.0462361090250658
2025-01-10,4.77,4.22,0.0899999999999999,0.00999999999999979,0.55,0.0656675126849054
2025-01-13,4.79,4.23,0.0200000000000005,0.0100000000000007,0.56,0.0819213715162967
2025-01-14,4.78,4.22,-0.00999999999999979,-0.0100000000000007,0.560000000000001,0.0830060238777885
2025-01-15,4.66,4.21,-0.12,-0.00999999999999979,0.45,0.0766594199473663
2025-01-16,4.61,4.21,-0.0499999999999998,0,0.4,0.0710633520177595
2025-01-17,4.61,4.2,0,-0.00999999999999979,0.41,0.069793345750946
2025-01-21,4.57,4.22,-0.04,0.0199999999999996,0.350000000000001,0.076514341429855
2025-01-22,4.6,4.22,0.0299999999999994,0,0.38,0.0807189912942149
2025-01-23,4.65,4.22,0.0500000000000007,0,0.430000000000001,0.0810760959428445
2025-01-24,4.63,4.21,-0.0200000000000005,-0.00999999999999979,0.42,0.0820636609251893
2025-01-27,4.53,4.2,-0.0999999999999996,-0.00999999999999979,0.33,0.0836726425488708
2025-01-28,4.55,4.2,0.0199999999999996,0,0.35,0.0701506315802724
2025-01-29,4.55,4.2,0,0,0.35,0.0445221542855041
2025-01-30,4.52,4.19,-0.0300000000000003,-0.00999999999999979,0.329999999999999,0.04417138339594
2025-01-31,4.58,4.2,0.0600000000000005,0.00999999999999979,0.38,0.0430632609592499
2025-02-03,4.54,4.22,-0.04,0.0199999999999996,0.32,0.0431534728871528
2025-02-04,4.52,4.22,-0.0200000000000005,0,0.3,0.0462000481000232
2025-02-05,4.43,4.22,-0.0899999999999999,0,0.21,0.0614636297152861
2025-02-06,4.45,4.22,0.0200000000000005,0,0.23,0.0577350269189626
2025-02-07,4.49,4.24,0.04,0.0200000000000005,0.25,0.0467142614436129
2025-02-10,4.51,4.23,0.0199999999999996,-0.00999999999999979,0.279999999999999,0.046475800154489
2025-02-11,4.54,4.23,0.0300000000000003,0,0.31,0.0457165178026498
2025-02-12,4.62,4.23,0.0800000000000001,0,0.39,0.0561743318211758
2025-02-13,4.52,4.22,-0.100000000000001,-0.0100000000000007,0.3,0.0561743318211758
2025-02-14,4.47,4.22,-0.0499999999999998,0,0.25,0.0538413306753176
2025-02-18,4.55,4.23,0.0800000000000001,0.0100000000000007,0.319999999999999,0.0545690184791497
2025-02-19,4.53,4.22,-0.0199999999999996,-0.0100000000000007,0.310000000000001,0.0548634668973809
2025-02-20,4.5,4.21,-0.0300000000000003,-0.00999999999999979,0.29,0.0473286382647969
2025-02-21,4.42,4.21,-0.0800000000000001,0,0.21,0.0527573059711481
2025-02-24,4.4,4.19,-0.0199999999999996,-0.0199999999999996,0.21,0.0639791632747204
2025-02-25,4.3,4.19,-0.100000000000001,0,0.109999999999999,0.091195760135363
2025-02-26,4.25,4.2,-0.0499999999999998,0.00999999999999979,0.0499999999999998,0.114813859016332
2025-02-27,4.29,4.2,0.04,0,0.0899999999999999,0.109752246243781
2025-02-28,4.24,4.2,-0.0499999999999998,0,0.04,0.117686022959398
2025-03-03,4.16,4.21,-0.0800000000000001,0.00999999999999979,-0.0499999999999998,0.135252849631101
2025-03-04,4.22,4.2,0.0599999999999996,-0.00999999999999979,0.0199999999999996,0.124672905369745
2025-03-05,4.28,4.21,0.0600000000000005,0.00999999999999979,0.0700000000000003,0.103623249214536
2025-03-06,4.29,4.2,0.00999999999999979,-0.00999999999999979,0.0899999999999999,0.0780669228575358
2025-03-07,4.32,4.2,0.0300000000000003,0,0.12,0.063987846068175
2025-03-10,4.22,4.19,-0.100000000000001,-0.00999999999999979,0.0299999999999994,0.0483160888777687
2025-03-11,4.28,4.2,0.0600000000000005,0.00999999999999979,0.0800000000000001,0.0467261525629207
2025-03-12,4.32,4.21,0.04,0.00999999999999979,0.11,0.0509465951321142
2025-03-13,4.27,4.2,-0.0500000000000007,-0.00999999999999979,0.0699999999999994,0.0501109879279098
2025-03-14,4.31,4.2,0.04,0,0.109999999999999,0.0518652099195598
2025-03-17,4.31,4.2,0,0,0.109999999999999,0.0370585122924996
2025-03-18,4.29,4.2,-0.0199999999999996,0,0.0899999999999999,0.0299814757623586
2025-03-19,4.25,4.2,-0.04,0,0.0499999999999998,0.0323865541373097
2025-03-20,4.24,4.19,-0.00999999999999979,-0.00999999999999979,0.0499999999999998,0.035418137224372
2025-03-21,4.25,4.19,0.00999999999999979,0,0.0599999999999996,0.0337309617084627
2025-03-24,4.34,4.19,0.0899999999999999,0,0.149999999999999,0.0337309617084626
2025-03-25,4.31,4.19,-0.0300000000000003,0,0.119999999999999,0.0344641520681675
2025-03-26,4.35,4.2,0.04,0.00999999999999979,0.149999999999999,0.0385284887381329
2025-03-27,4.38,4.2,0.0300000000000003,0,0.18,0.0464399253516482
2025-03-28,4.27,4.2,-0.11,0,0.0699999999999994,0.047480990348185
2025-03-31,4.23,4.21,-0.0399999999999991,0.00999999999999979,0.0200000000000005,0.0519508314552219
2025-04-01,4.17,4.2,-0.0600000000000005,-0.00999999999999979,-0.0300000000000003,0.0645411152332801
2025-04-02,4.2,4.21,0.0300000000000003,0.00999999999999979,-0.00999999999999979,0.0688315173287482
2025-04-03,4.06,4.2,-0.140000000000001,-0.00999999999999979,-0.140000000000001,0.0966321777555374
2025-04-04,4.01,4.17,-0.0499999999999998,-0.0300000000000003,-0.16,0.124168344507679
2025-04-07,4.15,4.17,0.140000000000001,0,-0.0199999999999996,0.120282075879068
2025-04-08,4.26,4.19,0.109999999999999,0.0200000000000005,0.0699999999999994,0.116790410565251
2025-04-09,4.34,4.24,0.0800000000000001,0.0499999999999998,0.0999999999999996,0.115474864989938
2025-04-10,4.4,4.22,0.0600000000000005,-0.0200000000000005,0.180000000000001,0.118925747142212
2025-04-11,4.48,4.23,0.0800000000000001,0.0100000000000007,0.25,0.146287388383278
2025-04-14,4.38,4.22,-0.100000000000001,-0.0100000000000007,0.16,0.153785564992297
2025-04-15,4.35,4.22,-0.0300000000000003,0,0.13,0.154563902642241
2025-04-16,4.29,4.21,-0.0599999999999996,-0.00999999999999979,0.0800000000000001,0.153101273672037
2025-04-17,4.34,4.23,0.0499999999999998,0.0200000000000005,0.109999999999999,0.134494940012214
2025-04-21,4.42,4.22,0.0800000000000001,-0.0100000000000007,0.2,0.0920688148433913
2025-04-22,4.41,4.22,-0.00999999999999979,0,0.19,0.0648159788255268
2025-04-23,4.4,4.22,-0.00999999999999979,0,0.180000000000001,0.0532186266472768
2025-04-24,4.32,4.21,-0.0800000000000001,-0.00999999999999979,0.11,0.0552670285472673
2025-04-25,4.29,4.21,-0.0300000000000003,0,0.0800000000000001,0.061246315081898
2025-04-28,4.23,4.2,-0.0599999999999996,-0.00999999999999979,0.0300000000000003,0.061472667819844
2025-04-29,4.19,4.2,-0.04,0,-0.00999999999999979,0.0763326055278257
2025-04-30,4.17,4.2,-0.0200000000000005,0,-0.0300000000000003,0.0895916662791058
2025-05-01,4.25,4.2,0.0800000000000001,0,0.0499999999999998,0.0912627464461205
2025-05-02,4.33,4.22,0.0800000000000001,0.0199999999999996,0.11,0.0908539731901937
2025-05-05,4.36,4.22,0.0300000000000003,0,0.140000000000001,0.0838318422663953
2025-05-06,4.3,4.22,-0.0600000000000005,0,0.0800000000000001,0.0736659125149935
2025-05-07,4.26,4.22,-0.04,0,0.04,0.0614636297152859
2025-05-08,4.37,4.23,0.11,0.0100000000000007,0.14,0.067700320038633
2025-05-09,4.37,4.22,0,-0.0100000000000007,0.15,0.0740945342113708
2025-05-12,4.45,4.31,0.0800000000000001,0.0899999999999999,0.140000000000001,0.0879709548026444
2025-05-13,4.49,4.29,0.04,-0.0199999999999996,0.2,0.0952482137481971
2025-05-14,4.53,4.29,0.04,0,0.24,0.0939799032890663
2025-05-15,4.45,4.27,-0.0800000000000001,-0.0200000000000005,0.180000000000001,0.086339124644882
2025-05-16,4.43,4.25,-0.0200000000000005,-0.0199999999999996,0.18,0.084254904242358
2025-05-19,4.46,4.28,0.0300000000000003,0.0300000000000003,0.18,0.0847807630171951
2025-05-20,4.48,4.26,0.0200000000000005,-0.0200000000000005,0.220000000000001,0.0773807326004206
2025-05-21,4.58,4.24,0.0999999999999996,-0.0199999999999996,0.34,0.0648845127900334
2025-05-22,4.54,4.25,-0.04,0.00999999999999979,0.29,0.0605162971621879
2025-05-23,4.51,4.24,-0.0300000000000003,-0.00999999999999979,0.27,0.0475628239512986
2025-05-27,4.43,4.24,-0.0800000000000001,0,0.19,0.049888765156986
2025-05-28,4.47,4.24,0.04,0,0.23,0.0502880591083897
2025-05-29,4.43,4.25,-0.04,0.00999999999999979,0.18,0.0509465951321142
2025-05-30,4.41,4.25,-0.0199999999999996,0,0.16,0.054812812776252
2025-06-02,4.46,4.25,0.0499999999999998,0,0.21,0.0529255241930689
2025-06-03,4.46,4.24,0,-0.00999999999999979,0.22,0.0529255241930689
2025-06-04,4.37,4.25,-0.0899999999999999,0.00999999999999979,0.12,0.0627517153373338
2025-06-05,4.4,4.25,0.0300000000000003,0,0.15,0.0511642236115996
2025-06-06,4.51,4.25,0.109999999999999,0,0.26,0.0457651007258198
2025-06-09,4.49,4.25,-0.0199999999999996,0,0.24,0.042959929650263
2025-06-10,4.47,4.26,-0.0200000000000005,0.00999999999999979,0.21,0.0434741302385682
2025-06-11,4.41,4.26,-0.0599999999999996,0,0.15,0.0440832545682975
2025-06-12,4.36,4.27,-0.0499999999999998,0.00999999999999979,0.0900000000000008,0.0510337578906789
2025-06-13,4.41,4.26,0.0499999999999998,-0.00999999999999979,0.15,0.0510337578906789
2025-06-16,4.46,4.24,0.0499999999999998,-0.0199999999999996,0.22,0.0510337578906789
2025-06-17,4.39,4.23,-0.0700000000000003,-0.00999999999999979,0.159999999999999,0.0518652099195597
2025-06-18,4.38,4.23,-0.00999999999999979,0,0.149999999999999,0.0507280330126581
2025-06-20,4.38,4.21,0,-0.0200000000000005,0.17,0.0523237783209295
2025-06-23,4.34,4.19,-0.04,-0.0199999999999996,0.149999999999999,0.0495423500093046
2025-06-24,4.3,4.19,-0.04,0,0.109999999999999,0.0514241620684717
2025-06-25,4.29,4.19,-0.00999999999999979,0,0.0999999999999996,0.0518116246072679
2025-06-26,4.26,4.21,-0.0300000000000003,0.0199999999999996,0.0499999999999998,0.060562181085045
2025-06-27,4.29,4.2,0.0300000000000003,-0.00999999999999979,0.0899999999999999,0.0641179468722378
2025-06-30,4.24,4.24,-0.0499999999999998,0.04,0,0.0688072993543885
2025-07-01,4.26,4.24,0.0199999999999996,0,0.0199999999999996,0.0555877684387491
2025-07-02,4.3,4.24,0.04,0,0.0599999999999996,0.0485798312059644
2025-07-03,4.35,4.26,0.0499999999999998,0.0199999999999996,0.0899999999999999,0.0440832545682976
2025-07-07,4.4,4.26,0.0500000000000007,0,0.140000000000001,0.0483160888777687
2025-07-08,4.42,4.26,0.0199999999999996,0,0.16,0.0602679203409428
2025-07-09,4.34,4.26,-0.0800000000000001,0,0.0800000000000001,0.0607819417627016
2025-07-10,4.35,4.25,0.00999999999999979,-0.00999999999999979,0.0999999999999996,0.0610009107400137
2025-07-11,4.43,4.25,0.0800000000000001,0,0.18,0.0656251984123984
2025-07-14,4.43,4.26,0,0.00999999999999979,0.17,0.0690893141761686
2025-07-15,4.5,4.25,0.0700000000000003,-0.00999999999999979,0.25,0.0711492953037641
2025-07-16,4.46,4.24,-0.04,-0.00999999999999979,0.22,0.0617881685905788
2025-07-17,4.47,4.24,0.00999999999999979,0,0.23,0.0548229473446618
2025-07-18,4.44,4.24,-0.0299999999999994,0,0.2,0.0501553143301441
2025-07-21,4.38,4.24,-0.0600000000000005,0,0.14,0.051596726855705
2025-07-22,4.35,4.24,-0.0300000000000003,0,0.109999999999999,0.0564210362660359
2025-07-23,4.4,4.25,0.0500000000000007,0.00999999999999979,0.15,0.0504314716554389
2025-07-24,4.43,4.25,0.0299999999999994,0,0.18,0.0438304815295373
2025-07-25,4.4,4.25,-0.0299999999999994,0,0.15,0.0447710223743489
2025-07-28,4.42,4.24,0.0199999999999996,-0.00999999999999979,0.18,0.044783429475148
2025-07-29,4.34,4.24,-0.0800000000000001,0,0.0999999999999996,0.0435762422529627
2025-07-30,4.38,4.25,0.04,0.00999999999999979,0.13,0.0404007700696686
2025-07-31,4.37,4.24,-0.00999999999999979,-0.00999999999999979,0.13,0.033149493041205
2025-08-01,4.23,4.19,-0.14,-0.0499999999999998,0.04,0.0567646212197546
2025-08-04,4.22,4.16,-0.0100000000000007,-0.0300000000000003,0.0599999999999996,0.0736659125149934
2025-08-05,4.22,4.16,0,0,0.0599999999999996,0.0850424730486022
2025-08-06,4.22,4.14,0,-0.0200000000000005,0.0800000000000001,0.0900678756395543
2025-08-07,4.23,4.14,0.0100000000000007,0,0.0900000000000008,0.0857710129744698
2025-08-08,4.27,4.14,0.0399999999999991,0,0.13,0.079021797274198
2025-08-11,4.27,4.15,0,0.0100000000000007,0.119999999999999,0.0645066749345454
2025-08-12,4.29,4.14,0.0200000000000005,-0.0100000000000007,0.15,0.060736223860962
2025-08-13,4.24,4.11,-0.0499999999999998,-0.0299999999999994,0.13,0.047187568984497
2025-08-14,4.29,4.12,0.0499999999999998,0.00999999999999979,0.17,0.0289827534923788
2025-08-15,4.33,4.12,0.04,0,0.21,0.0379473319220206
2025-08-18,4.34,4.14,0.00999999999999979,0.0199999999999996,0.2,0.0432049379893857
2025-08-19,4.3,4.12,-0.04,-0.0199999999999996,0.18,0.0402216083439956
2025-08-20,4.29,4.12,-0.00999999999999979,0,0.17,0.0347211110933327
2025-08-21,4.33,4.14,0.04,0.0199999999999996,0.19,0.0313581462037113
2025-08-22,4.26,4.1,-0.0700000000000003,-0.04,0.16,0.0323865541373097
2025-08-25,4.28,4.1,0.0200000000000005,0,0.180000000000001,0.0317104959840674
2025-08-26,4.26,4.1,-0.0200000000000005,0,0.16,0.0335989417822777
2025-08-27,4.24,4.08,-0.0199999999999996,-0.0199999999999996,0.16,0.0335989417822777
2025-08-28,4.22,4.08,-0.0200000000000005,0,0.14,0.0406201920231798
2025-08-29,4.23,4.05,0.0100000000000007,-0.0300000000000003,0.180000000000001,0.0406201920231798
2025-09-02,4.28,4.05,0.0499999999999998,0,0.23,0.0338132124077754
2025-09-03,4.22,4.03,-0.0600000000000005,-0.0199999999999996,0.19,0.0351030229784021
2025-09-04,4.17,4.01,-0.0499999999999998,-0.0200000000000005,0.16,0.0435762422529627
2025-09-05,4.1,3.92,-0.0700000000000003,-0.0899999999999999,0.18,0.0552167446422632
2025-09-08,4.05,3.95,-0.0499999999999998,0.0300000000000003,0.0999999999999996,0.0766304262171511
2025-09-09,4.08,3.95,0.0300000000000003,0,0.13,0.0808633964713881
2025-09-10,4.04,3.94,-0.04,-0.0100000000000002,0.1,0.0878192588343937
2025-09-11,4.01,3.94,-0.0300000000000003,0,0.0699999999999998,0.0952190457139048
2025-09-12,4.06,3.94,0.0499999999999998,0,0.12,0.0937135114176299
2025-09-15,4.05,3.91,-0.00999999999999979,-0.0299999999999998,0.14,0.0882169044017202
2025-09-16,4.04,3.9,-0.00999999999999979,-0.0100000000000002,0.14,0.0652856969191738
2025-09-17,4.06,3.88,0.0199999999999996,-0.02,0.18,0.0437670601657863
2025-09-18,4.11,3.89,0.0500000000000007,0.0100000000000002,0.22,0.0298142396999973
2025-09-19,4.14,3.89,0.0299999999999994,0,0.25,0.0374759181934806
2025-09-22,4.15,3.86,0.0100000000000007,-0.0300000000000003,0.290000000000001,0.0457529598313961
2025-09-23,4.12,3.86,-0.0300000000000003,0,0.26,0.0480277697448745
2025-09-24,4.16,3.87,0.04,0.0100000000000002,0.29,0.0522812904711939
2025-09-25,4.18,3.89,0.0199999999999996,0.02,0.29,0.0510010893129855
2025-09-26,4.2,3.87,0.0200000000000005,-0.02,0.33,0.0556676646617127
2025-09-29,4.15,3.86,-0.0499999999999998,-0.0100000000000002,0.290000000000001,0.0502106673039815
2025-09-30,4.16,3.86,0.00999999999999979,0,0.3,0.0391719854544603
2025-10-01,4.12,3.85,-0.04,-0.00999999999999979,0.27,0.0280673792466945
2025-10-02,4.1,3.86,-0.0200000000000005,0.00999999999999979,0.24,0.029739610697594
2025-10-03,4.13,3.87,0.0300000000000003,0.0100000000000002,0.26,0.0302030167735315
2025-10-06,4.18,3.86,0.0499999999999998,-0.0100000000000002,0.32,0.0319722101554182
2025-10-07,4.14,3.85,-0.04,-0.00999999999999979,0.29,0.0304776785351
2025-10-08,4.13,3.85,-0.00999999999999979,0,0.28,0.0310733898304572
2025-10-09,4.14,3.87,0.00999999999999979,0.02,0.27,0.0291547594742266
2025-10-10,4.05,3.86,-0.0899999999999999,-0.0100000000000002,0.19,0.0355902608401044
2025-10-14,4.03,3.85,-0.0199999999999996,-0.00999999999999979,0.18,0.0466190232987922
2025-10-15,4.05,3.87,0.0199999999999996,0.02,0.18,0.048545511292669
2025-10-16,3.99,3.86,-0.0599999999999996,-0.0100000000000002,0.13,0.0605896947600093
2025-10-17,4.02,3.84,0.0299999999999994,-0.02,0.18,0.0648416875508683
2025-10-20,4,3.81,-0.0199999999999996,-0.0299999999999998,0.19,0.0679950978625174
2025-10-21,3.98,3.8,-0.02,-0.0100000000000002,0.18,0.062191460649978
2025-10-22,3.97,3.8,-0.00999999999999979,0,0.17,0.0589161362540951
2025-10-23,4.01,3.8,0.0399999999999996,0,0.21,0.049035134795822
2025-10-24,4.02,3.77,0.00999999999999979,-0.0299999999999998,0.25,0.0274064063881258
2025-10-27,4.01,3.73,-0.00999999999999979,-0.04,0.28,0.0239443799947572
2025-10-28,3.99,3.73,-0.0199999999999996,0,0.26,0.0231900361745679
2025-10-29,4.08,3.77,0.0899999999999999,0.04,0.31,0.0305686840482943
2025-10-30,4.11,3.76,0.0300000000000003,-0.0100000000000002,0.350000000000001,0.0438304815295374
2025-10-31,4.11,3.73,0,-0.0299999999999998,0.38,0.0524510353673893
2025-11-03,4.13,3.82,0.0199999999999996,0.0899999999999999,0.31,0.0602679203409428
2025-11-04,4.1,3.8,-0.0300000000000003,-0.02,0.3,0.0586988548061677
2025-11-05,4.17,3.8,0.0700000000000003,0,0.37,0.061291652503964
2025-11-06,4.11,3.77,-0.0599999999999996,-0.0299999999999998,0.34,0.0579367471184452
2025-11-07,4.11,3.77,0,0,0.34,0.0539135109844153
2025-11-10,4.13,3.79,0.0199999999999996,0.02,0.34,0.0464758001544889
2025-11-12,4.08,3.79,-0.0499999999999998,0,0.29,0.0262678510731273
2025-11-13,4.11,3.8,0.0300000000000003,0.00999999999999979,0.310000000000001,0.0236643191323984
2025-11-14,4.14,3.8,0.0299999999999994,0,0.34,0.0246981780704568
2025-11-17,4.13,3.8,-0.00999999999999979,0,0.33,0.0246981780704569
2025-11-18,4.12,3.78,-0.00999999999999979,-0.02,0.34,0.0244948974278317
2025-11-19,4.13,3.79,0.00999999999999979,0.0100000000000002,0.34,0.0235937844922484
2025-11-20,4.1,3.78,-0.0300000000000003,-0.0100000000000002,0.32,0.0177638834592989
2025-11-21,4.06,3.75,-0.04,-0.0299999999999998,0.31,0.0251440295541948
2025-11-24,4.04,3.75,-0.0199999999999996,0,0.29,0.0337309617084627
2025-11-25,4.01,3.74,-0.0300000000000003,-0.00999999999999979,0.27,0.0434101882562659
2025-11-26,4,3.76,-0.00999999999999979,0.0199999999999996,0.24,0.0523237783209296
2025-11-28,4.02,3.73,0.0199999999999996,-0.0299999999999998,0.29,0.0550252467307306
2025-12-01,4.09,3.71,0.0700000000000003,-0.02,0.38,0.0505525029603437
2025-12-02,4.09,3.68,0,-0.0299999999999998,0.41,0.046714261443613
2025-12-03,4.06,3.64,-0.0300000000000003,-0.04,0.42,0.042687494916219
2025-12-04,4.11,3.63,0.0500000000000007,-0.0100000000000002,0.48,0.0393841479673119
2025-12-05,4.14,3.62,0.0299999999999994,-0.00999999999999979,0.52,0.0456557164487039
2025-12-08,4.17,3.64,0.0300000000000003,0.02,0.53,0.0569697775628057
2025-12-09,4.18,3.64,0.00999999999999979,0,0.54,0.0646443260378581
2025-12-10,4.13,3.6,-0.0499999999999998,-0.04,0.53,0.0597122730730924
2025-12-11,4.14,3.58,0.00999999999999979,-0.02,0.56,0.0494525586350753
2025-12-12,4.19,3.54,0.0500000000000007,-0.04,0.65,0.0426874949162191
2025-12-15,4.18,3.56,-0.0100000000000007,0.02,0.62,0.0428044649799788
2025-12-16,4.15,3.56,-0.0299999999999994,0,0.59,0.0392286743197995
2025-12-17,4.16,3.55,0.00999999999999979,-0.0100000000000002,0.61,0.0254950975679639
2025-12-18,4.12,3.53,-0.04,-0.02,0.59,0.0236643191323985
2025-12-19,4.16,3.54,0.04,0.0100000000000002,0.62,0.0229975844142138
2025-12-22,4.17,3.56,0.00999999999999979,0.02,0.61,0.0229975844142138
2025-12-23,4.18,3.56,0.00999999999999979,0,0.62,0.0229975844142138
2025-12-24,4.15,3.6,-0.0299999999999994,0.04,0.55,0.0210818510677892
2025-12-26,4.14,3.56,-0.0100000000000007,-0.04,0.58,0.0210818510677892
2025-12-29,4.12,3.57,-0.0199999999999996,0.00999999999999979,0.55,0.021628170930011
2025-12-30,4.14,3.55,0.0199999999999996,-0.02,0.59,0.0196920739836559
2025-12-31,4.18,3.57,0.04,0.02,0.61,0.0220100986922922
2026-01-02,4.19,3.54,0.0100000000000007,-0.0299999999999998,0.65,0.0250554939639548
2026-01-05,4.17,3.54,-0.0200000000000005,0,0.63,0.0221108319357027
2026-01-06,4.18,3.53,0.00999999999999979,-0.0100000000000002,0.65,0.0229975844142138
2026-01-07,4.15,3.52,-0.0299999999999994,-0.00999999999999979,0.63,0.023094010767585
2026-01-08,4.19,3.52,0.04,0,0.67,0.0242441287279576
2026-01-09,4.18,3.52,-0.0100000000000007,0,0.66,0.0245854518861144
2026-01-12,4.19,3.56,0.0100000000000007,0.04,0.63,0.0242441287279576
2026-01-13,4.18,3.57,-0.0100000000000007,0.00999999999999979,0.61,0.0171593835683118
2026-01-14,4.15,3.57,-0.0299999999999994,0,0.580000000000001,0.0150554530541816
2026-01-15,4.17,3.57,0.0199999999999996,0,0.6,0.0150923085635623
2026-01-16,4.24,3.57,0.0700000000000003,0,0.67,0.0253859103528797
2026-01-20,4.3,3.59,0.0599999999999996,0.02,0.71,0.0452278183815619
2026-01-21,4.26,3.59,-0.04,0,0.67,0.0495423500093045
2026-01-22,4.26,3.6,0,0.0100000000000002,0.66,0.0491709037722286
2026-01-23,4.24,3.59,-0.0199999999999996,-0.0100000000000002,0.65,0.0492273636642602
2026-01-26,4.22,3.59,-0.0200000000000005,0,0.63,0.047480990348185
2026-01-27,4.24,3.58,0.0200000000000005,-0.00999999999999979,0.66,0.0464758001544889
2026-01-28,4.26,3.59,0.0199999999999996,0.00999999999999979,0.67,0.0445221542855039
2026-01-29,4.24,3.59,-0.0199999999999996,0,0.65,0.0333499958354153
2026-01-30,4.26,3.58,0.0199999999999996,-0.00999999999999979,0.68,0.0214993539954627
2026-02-02,4.29,3.6,0.0300000000000003,0.02,0.69,0.0240601099101581
2026-02-03,4.28,3.6,-0.00999999999999979,0,0.68,0.0206827894099848
2026-02-04,4.29,3.6,0.00999999999999979,0,0.69,0.0234757558155454
2026-02-05,4.21,3.59,-0.0800000000000001,-0.0100000000000002,0.62,0.0279085809185793
2026-02-06,4.22,3.6,0.00999999999999979,0.0100000000000002,0.62,0.0296085573216033
2026-02-09,4.22,3.6,0,0,0.62,0.0296085573216033
2026-02-10,4.16,3.6,-0.0599999999999996,0,0.56,0.0413790070231539
2026-02-11,4.18,3.61,0.0199999999999996,0.00999999999999979,0.57,0.0452769256906871
2026-02-12,4.09,3.61,-0.0899999999999999,0,0.48,0.0642910050732864
2026-02-13,4.04,3.6,-0.0499999999999998,-0.00999999999999979,0.44,0.0837721778263988
2026-02-17,4.05,3.61,0.00999999999999979,0.00999999999999979,0.44,0.0887192826341101
2026-02-18,4.09,3.61,0.04,0,0.48,0.0836991968632648
2026-02-19,4.08,3.61,-0.00999999999999979,0,0.47,0.0715231120376872
2026-02-20,4.08,3.6,0,-0.00999999999999979,0.48,0.0678969807870718
2026-02-23,4.03,3.6,-0.0499999999999998,0,0.43,0.0635609943282827
2026-02-24,4.04,3.6,0.00999999999999979,0,0.44,0.050596442562694
2026-02-25,4.05,3.6,0.00999999999999979,0,0.45,0.0437289631962869
2026-02-26,4.02,3.6,-0.0300000000000003,0,0.42,0.0258413965910858
2026-02-27,3.97,3.59,-0.0499999999999994,-0.0100000000000002,0.38,0.035039660069381
2026-03-02,4.05,3.61,0.0799999999999996,0.02,0.44,0.0350238014308365
2026-03-03,4.06,3.6,0.00999999999999979,-0.00999999999999979,0.46,0.0352924291535104
2026-03-04,4.09,3.6,0.0300000000000003,0,0.49,0.0352924291535104
2026-03-05,4.13,3.59,0.04,-0.0100000000000002,0.54,0.0431534728871526
2026-03-06,4.15,3.58,0.0200000000000005,-0.00999999999999979,0.57,0.052799410771123
2026-03-09,4.12,3.61,-0.0300000000000003,0.0299999999999998,0.51,0.0549343041985405
2026-03-10,4.15,3.6,0.0300000000000003,-0.00999999999999979,0.55,0.05952590472503
2026-03-11,4.21,3.61,0.0599999999999996,0.00999999999999979,0.6,0.0712195353974051
2026-03-12,4.27,3.61,0.0599999999999996,0,0.66,0.0845905169363301
2026-03-13,4.28,3.61,0.0100000000000007,0,0.67,0.080201136040721
2026-03-16,4.23,3.61,-0.0499999999999998,0,0.620000000000001,0.0750481327031008
2026-03-17,4.2,3.61,-0.0300000000000003,0,0.59,0.0648159788255266
2026-03-18,4.26,3.62,0.0599999999999996,0.0100000000000002,0.64,0.0598145281497545
2026-03-19,4.25,3.62,-0.00999999999999979,0,0.63,0.0561347584933889
2026-03-20,4.39,3.63,0.14,0.00999999999999979,0.76,0.0748628375393587
2026-03-23,4.34,3.63,-0.0499999999999998,0,0.71,0.0690893141761684
2026-03-24,4.39,3.63,0.0499999999999998,0,0.76,0.0690893141761684
2026-03-25,4.33,3.63,-0.0599999999999996,0,0.7,0.0655235326682965
2026-03-26,4.42,3.63,0.0899999999999999,0,0.79,0.0757847829932455
2026-03-27,4.44,3.62,0.0200000000000005,-0.00999999999999979,0.82,0.0852773253697735
2026-03-30,4.35,3.62,-0.0900000000000008,0,0.73,0.0786059087403033
2026-03-31,4.3,3.61,-0.0499999999999998,-0.0100000000000002,0.69,0.0642996457567571
2026-04-01,4.33,3.61,0.0300000000000003,0,0.72,0.0571936282387393
2026-04-02,4.31,3.61,-0.0200000000000005,0,0.7,0.0473755680118398
2026-04-03,4.35,3.62,0.04,0.0100000000000002,0.73,0.046236109025066
2026-04-06,4.34,3.64,-0.00999999999999979,0.02,0.7,0.046236109025066
2026-04-07,4.33,3.62,-0.00999999999999979,-0.02,0.71,0.0452155332208353
2026-04-08,4.29,3.61,-0.04,-0.0100000000000002,0.68,0.0488080139139284
2026-04-09,4.29,3.6,0,-0.00999999999999979,0.69,0.0439823196801221
2026-04-10,4.31,3.6,0.0199999999999996,0,0.71,0.023094010767585
2026-04-13,4.3,3.62,-0.00999999999999979,0.02,0.68,0.0212132034355964
2026-04-14,4.26,3.62,-0.04,0,0.64,0.027264140062238
2026-04-15,4.29,3.62,0.0300000000000003,0,0.67,0.0271006354989037
2026-04-16,4.32,3.62,0.0300000000000003,0,0.7,0.0274064063881259
2026-04-17,4.26,3.61,-0.0600000000000005,-0.0100000000000002,0.65,0.0268535120814972
2026-04-20,4.26,3.62,0,0.0100000000000002,0.64,0.0251440295541949
2026-04-21,4.3,3.6,0.04,-0.02,0.7,0.0214993539954629
2026-04-22,4.3,3.6,0,0,0.7,0.0218326971917505
