"time","observation","E_ensemble","alarm","phase","C_k_1","C_k_2","C_k_3","U_k_1","U_k_2","U_k_3","H_threshold","exceeds_threshold"
1,-0.543791465403692,0.4675,FALSE,"Phase-I",0,0,0,0.4675,0.4675,0.4675,0.9990234375,FALSE
2,0.455100237767824,0.4925,FALSE,"Phase-I",0.205100237767824,0,0,0.5425,0.4675,0.4675,0.9990234375,FALSE
3,-0.0324330645322865,0.4675,FALSE,"Phase-I",0,0,0,0.4675,0.4675,0.4675,0.9990234375,FALSE
4,-0.953413263598407,0.4675,FALSE,"Phase-I",0,0,0,0.4675,0.4675,0.4675,0.9990234375,FALSE
5,-0.177813024501282,0.4675,FALSE,"Phase-I",0,0,0,0.4675,0.4675,0.4675,0.9990234375,FALSE
6,-7.71272419720304,0.4675,FALSE,"Phase-I",0,0,0,0.4675,0.4675,0.4675,0.9990234375,FALSE
7,0.0991963791752464,0.4675,FALSE,"Phase-I",0,0,0,0.4675,0.4675,0.4675,0.9990234375,FALSE
8,0.358998407706388,0.4815,FALSE,"Phase-I",0.108998407706388,0,0,0.5095,0.4675,0.4675,0.9990234375,FALSE
9,1.3393571292194,0.7865,FALSE,"Phase-I",1.19835553692579,0.839357129219402,0.589357129219402,0.8825,0.7805,0.6965,0.9990234375,FALSE
10,-0.756984192830437,0.489833333333333,FALSE,"Phase-I",0.191371344095353,0,0,0.5345,0.4675,0.4675,0.9990234375,FALSE
11,-0.577353418967666,0.4675,FALSE,"Phase-I",0,0,0,0.4675,0.4675,0.4675,0.9990234375,FALSE
12,0.102261354016059,0.4675,FALSE,"Phase-I",0,0,0,0.4675,0.4675,0.4675,0.9990234375,FALSE
13,-1.0656935962006,0.4675,FALSE,"Phase-I",0,0,0,0.4675,0.4675,0.4675,0.9990234375,FALSE
14,0.901569107965768,0.623166666666667,FALSE,"Phase-I",0.651569107965768,0.401569107965768,0.151569107965768,0.7235,0.6245,0.5215,0.9990234375,FALSE
15,0.652944921238478,0.6715,FALSE,"Phase-I",1.05451402920425,0.554514029204247,0.0545140292042465,0.8455,0.6835,0.4855,0.9990234375,FALSE
16,-1.23096118768853,0.4675,FALSE,"Phase-I",0,0,0,0.4675,0.4675,0.4675,0.9990234375,FALSE
17,-1.42141149139238,0.4675,FALSE,"Phase-I",0,0,0,0.4675,0.4675,0.4675,0.9990234375,FALSE
18,0.0739463174780496,0.4675,FALSE,"Phase-I",0,0,0,0.4675,0.4675,0.4675,0.9990234375,FALSE
19,0.597871250273438,0.5265,FALSE,"Phase-I",0.347871250273438,0.0978712502734379,0,0.6035,0.5085,0.4675,0.9990234375,FALSE
20,0.422057897073154,0.537833333333333,FALSE,"Phase-I",0.519929147346592,0.0199291473465923,0,0.6735,0.4725,0.4675,0.9990234375,FALSE
21,-0.0900554222382595,0.4895,FALSE,"Phase-I",0.179873725108333,0,0,0.5335,0.4675,0.4675,0.9990234375,FALSE
22,0.695690710048888,0.572166666666667,FALSE,"Phase-I",0.62556443515722,0.195690710048888,0,0.7135,0.5355,0.4675,0.9990234375,FALSE
23,-0.267671208784749,0.4815,FALSE,"Phase-I",0.107893226372471,0,0,0.5095,0.4675,0.4675,0.9990234375,FALSE
24,1.17536262510092,0.7365,FALSE,"Phase-I",1.03325585147339,0.675362625100921,0.425362625100921,0.8395,0.7365,0.6335,0.9990234375,FALSE
25,1.81918278674958,0.9715,FALSE,"Phase-I",2.60243863822297,1.9945454118505,1.4945454118505,0.9945,0.9825,0.9375,0.9990234375,FALSE
26,0.00143058059501008,0.8945,FALSE,"Phase-I",2.35386921881798,1.49597599244551,0.745975992445511,0.9915,0.9375,0.7545,0.9990234375,FALSE
27,-0.0539198754873698,0.755166666666667,FALSE,"Phase-I",2.04994934333061,0.942056116958141,0,0.9835,0.8145,0.4675,0.9990234375,FALSE
28,-0.254948746748067,0.648166666666667,FALSE,"Phase-I",1.54500059658255,0.187107370210075,0,0.9425,0.5345,0.4675,0.9990234375,FALSE
29,0.0981081616519926,0.620166666666667,FALSE,"Phase-I",1.39310875823454,0,0,0.9255,0.4675,0.4675,0.9990234375,FALSE
30,0.0968838984447151,0.608166666666667,FALSE,"Phase-I",1.23999265667925,0,0,0.8895,0.4675,0.4675,0.9990234375,FALSE
31,0.249674097897997,0.608166666666667,FALSE,"Phase-I",1.23966675457725,0,0,0.8895,0.4675,0.4675,0.9990234375,FALSE
32,-0.564683389409593,0.522833333333333,FALSE,"Phase-I",0.424983365167657,0,0,0.6335,0.4675,0.4675,0.9990234375,FALSE
33,0.280928009824183,0.5255,FALSE,"Phase-I",0.45591137499184,0,0,0.6415,0.4675,0.4675,0.9990234375,FALSE
34,0.176736162399019,0.5165,FALSE,"Phase-I",0.382647537390859,0,0,0.6145,0.4675,0.4675,0.9990234375,FALSE
35,-0.247570333154923,0.4675,FALSE,"Phase-I",0,0,0,0.4675,0.4675,0.4675,0.9990234375,FALSE
36,-0.25724955713621,0.4675,FALSE,"Phase-I",0,0,0,0.4675,0.4675,0.4675,0.9990234375,FALSE
37,-0.623207374516546,0.4675,FALSE,"Phase-I",0,0,0,0.4675,0.4675,0.4675,0.9990234375,FALSE
38,0.0287741526995147,0.4675,FALSE,"Phase-I",0,0,0,0.4675,0.4675,0.4675,0.9990234375,FALSE
39,-0.270313165905615,0.4675,FALSE,"Phase-I",0,0,0,0.4675,0.4675,0.4675,0.9990234375,FALSE
40,-3.20712941430733,0.4675,FALSE,"Phase-I",0,0,0,0.4675,0.4675,0.4675,0.9990234375,FALSE
41,0.245875199744797,0.4675,FALSE,"Phase-I",0,0,0,0.4675,0.4675,0.4675,0.9990234375,FALSE
42,0.813725286544472,0.5895,FALSE,"Phase-I",0.563725286544472,0.313725286544472,0.0637252865444721,0.6885,0.5905,0.4895,0.9990234375,FALSE
43,0.132815295702808,0.5245,FALSE,"Phase-I",0.44654058224728,0,0,0.6385,0.4675,0.4675,0.9990234375,FALSE
44,0.276656802144466,0.527166666666667,FALSE,"Phase-I",0.473197384391746,0,0,0.6465,0.4675,0.4675,0.9990234375,FALSE
45,0.664152552457674,0.597833333333333,FALSE,"Phase-I",0.88734993684942,0.164152552457674,0,0.7975,0.5285,0.4675,0.9990234375,FALSE
46,0.811543591161008,0.689833333333333,FALSE,"Phase-I",1.44889352801043,0.475696143618683,0.0615435911610083,0.9305,0.6495,0.4895,0.9990234375,FALSE
47,0.289505380040924,0.657833333333333,FALSE,"Phase-I",1.48839890805135,0.265201523659606,0,0.9365,0.5695,0.4675,0.9990234375,FALSE
48,1.51370100137684,0.888833333333333,FALSE,"Phase-I",2.75209990942819,1.27890252503644,0.763701001376839,0.9975,0.9065,0.7625,0.9990234375,FALSE
49,-1.66417860583897,0.5715,FALSE,"Phase-I",0.837921303589226,0,0,0.7795,0.4675,0.4675,0.9990234375,FALSE
50,0.0417522495912152,0.549833333333333,FALSE,"Phase-I",0.629673553180441,0,0,0.7145,0.4675,0.4675,0.9990234375,FALSE
51,0.292227269653813,0.556833333333333,FALSE,"Phase-I",0.671900822834254,0,0,0.7355,0.4675,0.4675,0.9990234375,FALSE
52,0.0484884238687989,0.526833333333333,FALSE,"Phase-I",0.470389246703053,0,0,0.6455,0.4675,0.4675,0.9990234375,FALSE
53,1.41749360941187,0.831166666666667,FALSE,"Phase-I",1.63788285611492,0.917493609411868,0.667493609411868,0.9545,0.8065,0.7325,0.9990234375,FALSE
54,1.11324034187181,0.924166666666667,FALSE,"Phase-I",2.50112319798674,1.53073395128368,1.03073395128368,0.9925,0.9425,0.8375,0.9990234375,FALSE
55,0.0518633558079616,0.813166666666667,FALSE,"Phase-I",2.3029865537947,1.08259730709164,0.332597307091644,0.9905,0.8505,0.5985,0.9990234375,FALSE
56,1.12886535570453,0.902166666666667,FALSE,"Phase-I",3.18185190949923,1.71146266279618,0.711462662796178,0.9985,0.9605,0.7475,0.9990234375,FALSE
57,-0.279391748667591,0.757833333333333,FALSE,"Phase-I",2.65246016083164,0.932070914128587,0,0.9965,0.8095,0.4675,0.9990234375,FALSE
58,0.0470856291354902,0.7035,FALSE,"Phase-I",2.44954578996713,0.479156543264077,0,0.9915,0.6515,0.4675,0.9990234375,FALSE
59,-0.502973728270588,0.630833333333333,FALSE,"Phase-I",1.69657206169654,0,0,0.9575,0.4675,0.4675,0.9990234375,FALSE
60,1.13772889324475,0.7755,FALSE,"Phase-I",2.58430095494129,0.637728893244752,0.387728893244752,0.9945,0.7165,0.6155,0.9990234375,FALSE
61,-0.487479378222356,0.6355,FALSE,"Phase-I",1.84682157671894,0,0,0.9715,0.4675,0.4675,0.9990234375,FALSE
62,0.046017237555586,0.629833333333333,FALSE,"Phase-I",1.64283881427452,0,0,0.9545,0.4675,0.4675,0.9990234375,FALSE
63,-0.0838122838853455,0.614833333333333,FALSE,"Phase-I",1.30902653038918,0,0,0.9095,0.4675,0.4675,0.9990234375,FALSE
64,0.177129650778576,0.607833333333333,FALSE,"Phase-I",1.23615618116776,0,0,0.8885,0.4675,0.4675,0.9990234375,FALSE
65,-0.385651741027756,0.545166666666667,FALSE,"Phase-I",0.600504440139999,0,0,0.7005,0.4675,0.4675,0.9990234375,FALSE
66,-0.562441010354794,0.4675,FALSE,"Phase-I",0,0,0,0.4675,0.4675,0.4675,0.9990234375,FALSE
67,-0.0404414039888023,0.4675,FALSE,"Phase-I",0,0,0,0.4675,0.4675,0.4675,0.9990234375,FALSE
68,0.447867625099425,0.491166666666667,FALSE,"Phase-I",0.197867625099425,0,0,0.5385,0.4675,0.4675,0.9990234375,FALSE
69,0.319793959923648,0.502166666666667,FALSE,"Phase-I",0.267661585023073,0,0,0.5715,0.4675,0.4675,0.9990234375,FALSE
70,0.2307857003841,0.498833333333333,FALSE,"Phase-I",0.248447285407173,0,0,0.5615,0.4675,0.4675,0.9990234375,FALSE
71,0.319683891157204,0.509166666666667,FALSE,"Phase-I",0.318131176564378,0,0,0.5925,0.4675,0.4675,0.9990234375,FALSE
72,-1.57389573496274,0.4675,FALSE,"Phase-I",0,0,0,0.4675,0.4675,0.4675,0.9990234375,FALSE
73,0.340029273198142,0.4795,FALSE,"Phase-I",0.0900292731981421,0,0,0.5035,0.4675,0.4675,0.9990234375,FALSE
74,-0.788533668081973,0.4675,FALSE,"Phase-I",0,0,0,0.4675,0.4675,0.4675,0.9990234375,FALSE
75,-0.836541141866232,0.4675,FALSE,"Phase-I",0,0,0,0.4675,0.4675,0.4675,0.9990234375,FALSE
76,0.34821921710543,0.481166666666667,FALSE,"Phase-I",0.0982192171054296,0,0,0.5085,0.4675,0.4675,0.9990234375,FALSE
77,0.380519328848534,0.4955,FALSE,"Phase-I",0.228738545953963,0,0,0.5515,0.4675,0.4675,0.9990234375,FALSE
78,2.37892528672954,0.973166666666667,FALSE,"Phase-I",2.35766383268351,1.87892528672954,1.62892528672954,0.9915,0.9755,0.9525,0.9990234375,FALSE
79,0.106384681560866,0.915166666666667,FALSE,"Phase-I",2.21404851424437,1.48530996829041,0.985309968290409,0.9875,0.9365,0.8215,0.9990234375,FALSE
80,0.312242308881722,0.859833333333333,FALSE,"Phase-I",2.27629082312609,1.29755227717213,0.547552277172131,0.9895,0.9095,0.6805,0.9990234375,FALSE
81,-1.19301511192827,0.570833333333333,FALSE,"Phase-I",0.833275711197825,0,0,0.7775,0.4675,0.4675,0.9990234375,FALSE
82,-1.07819029775991,0.4675,FALSE,"Phase-I",0,0,0,0.4675,0.4675,0.4675,0.9990234375,FALSE
83,-0.414568976426474,0.4675,FALSE,"Phase-I",0,0,0,0.4675,0.4675,0.4675,0.9990234375,FALSE
84,0.862778931116136,0.609833333333333,FALSE,"Phase-I",0.612778931116136,0.362778931116136,0.112778931116136,0.7075,0.6105,0.5115,0.9990234375,FALSE
85,-0.788214459611148,0.4675,FALSE,"Phase-I",0,0,0,0.4675,0.4675,0.4675,0.9990234375,FALSE
86,0.145553187168757,0.4675,FALSE,"Phase-I",0,0,0,0.4675,0.4675,0.4675,0.9990234375,FALSE
87,-0.561826508009731,0.4675,FALSE,"Phase-I",0,0,0,0.4675,0.4675,0.4675,0.9990234375,FALSE
88,2.16610679091569,0.953833333333333,FALSE,"Phase-I",1.91610679091569,1.66610679091569,1.41610679091569,0.9765,0.9565,0.9285,0.9990234375,FALSE
89,-0.631908739513162,0.664166666666667,FALSE,"Phase-I",1.03419805140252,0.534198051402524,0.0341980514025234,0.8395,0.6765,0.4765,0.9990234375,FALSE
90,-0.288505314893,0.531166666666667,FALSE,"Phase-I",0.495692736509524,0,0,0.6585,0.4675,0.4675,0.9990234375,FALSE
91,0.423935081063779,0.5565,FALSE,"Phase-I",0.669627817573303,0,0,0.7345,0.4675,0.4675,0.9990234375,FALSE
92,0.358593531726574,0.5665,FALSE,"Phase-I",0.778221349299876,0,0,0.7645,0.4675,0.4675,0.9990234375,FALSE
93,-1.24599250163471,0.4675,FALSE,"Phase-I",0,0,0,0.4675,0.4675,0.4675,0.9990234375,FALSE
94,0.176554655256113,0.4675,FALSE,"Phase-I",0,0,0,0.4675,0.4675,0.4675,0.9990234375,FALSE
95,0.365257011345028,0.482166666666667,FALSE,"Phase-I",0.115257011345028,0,0,0.5115,0.4675,0.4675,0.9990234375,FALSE
96,1.40780040214354,0.811833333333333,FALSE,"Phase-I",1.27305741348856,0.907800402143537,0.657800402143537,0.9055,0.8025,0.7275,0.9990234375,FALSE
97,-0.209482892205091,0.591833333333333,FALSE,"Phase-I",0.813574521283473,0.198317509938446,0,0.7695,0.5385,0.4675,0.9990234375,FALSE
98,-0.269409150205601,0.5055,FALSE,"Phase-I",0.294165371077873,0,0,0.5815,0.4675,0.4675,0.9990234375,FALSE
99,-0.6374670465239,0.4675,FALSE,"Phase-I",0,0,0,0.4675,0.4675,0.4675,0.9990234375,FALSE
100,1.76825971109694,0.892166666666667,FALSE,"Phase-I",1.51825971109694,1.26825971109694,1.01825971109694,0.9405,0.9025,0.8335,0.9990234375,FALSE
101,0.819831957095073,0.928166666666667,FALSE,"Phase-I",2.08809166819201,1.58809166819201,1.08809166819201,0.9845,0.9475,0.8525,0.9990234375,FALSE
102,-0.320980250694276,0.725166666666667,FALSE,"Phase-I",1.51711141749774,0.767111417497737,0.0171114174977373,0.9405,0.7625,0.4725,0.9990234375,FALSE
103,0.694827012554226,0.754833333333333,FALSE,"Phase-I",1.96193843005196,0.961938430051963,0,0.9795,0.8175,0.4675,0.9990234375,FALSE
104,0.499351520026709,0.7575,FALSE,"Phase-I",2.21128995007867,0.961289950078672,0,0.9875,0.8175,0.4675,0.9990234375,FALSE
105,-0.236457034972014,0.660166666666667,FALSE,"Phase-I",1.72483291510666,0.224832915106658,0,0.9625,0.5505,0.4675,0.9990234375,FALSE
106,0.130997621718712,0.628166666666667,FALSE,"Phase-I",1.60583053682537,0,0,0.9495,0.4675,0.4675,0.9990234375,FALSE
107,-0.158333186979558,0.605833333333333,FALSE,"Phase-I",1.19749734984581,0,0,0.8825,0.4675,0.4675,0.9990234375,FALSE
108,-0.0790425059847456,0.5755,FALSE,"Phase-I",0.868454843861066,0,0,0.7915,0.4675,0.4675,0.9990234375,FALSE
109,4.91701034412399,0.9995,TRUE,"Phase-I",5.53546518798505,4.41701034412399,4.16701034412399,0.9995,0.9995,0.9995,0.9990234375,TRUE
110,-0.522374299303467,0.998833333333333,FALSE,"Phase-I",4.76309088868159,3.39463604482052,2.89463604482052,0.9995,0.9995,0.9975,0.9990234375,FALSE
111,-0.929399427844661,0.9555,FALSE,"Phase-I",3.58369146083693,1.96523661697586,1.21523661697586,0.9995,0.9805,0.8865,0.9990234375,FALSE
112,1.29104563950432,0.987833333333333,FALSE,"Phase-I",4.62473710034124,2.75628225648018,1.75628225648018,0.9995,0.9975,0.9665,0.9990234375,FALSE
113,-1.30368119572335,0.760833333333333,FALSE,"Phase-I",3.0710559046179,0.952601060756831,0,0.9985,0.8165,0.4675,0.9990234375,FALSE
114,-0.594284016580308,0.640833333333333,FALSE,"Phase-I",2.22677188803759,0,0,0.9875,0.4675,0.4675,0.9990234375,FALSE
115,0.503464554199431,0.642833333333333,FALSE,"Phase-I",2.48023644223702,0.00346455419943104,0,0.9915,0.4695,0.4675,0.9990234375,FALSE
116,-1.01105376329982,0.607166666666667,FALSE,"Phase-I",1.2191826789372,0,0,0.8865,0.4675,0.4675,0.9990234375,FALSE
117,-0.391344865479886,0.542166666666667,FALSE,"Phase-I",0.577837813457317,0,0,0.6915,0.4675,0.4675,0.9990234375,FALSE
118,0.336396008619462,0.5555,FALSE,"Phase-I",0.664233822076779,0,0,0.7315,0.4675,0.4675,0.9990234375,FALSE
119,0.545394168268332,0.5885,FALSE,"Phase-I",0.959627990345111,0.0453941682683323,0,0.8175,0.4805,0.4675,0.9990234375,FALSE
120,1.35228672724413,0.827833333333333,FALSE,"Phase-I",2.06191471758924,0.897680895512466,0.602286727244134,0.9835,0.7985,0.7015,0.9990234375,FALSE
121,-0.727176926863919,0.5955,FALSE,"Phase-I",1.08473779072533,0,0,0.8515,0.4675,0.4675,0.9990234375,FALSE
122,0.377145258056625,0.607166666666667,FALSE,"Phase-I",1.21188304878195,0,0,0.8865,0.4675,0.4675,0.9990234375,FALSE
123,-0.704234779081381,0.500833333333333,FALSE,"Phase-I",0.257648269700569,0,0,0.5675,0.4675,0.4675,0.9990234375,FALSE
124,-1.74254991268622,0.4675,FALSE,"Phase-I",0,0,0,0.4675,0.4675,0.4675,0.9990234375,FALSE
125,-0.0716109507972166,0.4675,FALSE,"Phase-I",0,0,0,0.4675,0.4675,0.4675,0.9990234375,FALSE
126,0.490375182645239,0.4975,FALSE,"Phase-I",0.240375182645239,0,0,0.5575,0.4675,0.4675,0.9990234375,FALSE
127,0.940181491260833,0.6595,FALSE,"Phase-I",0.930556673906072,0.440181491260833,0.190181491260833,0.8085,0.6355,0.5345,0.9990234375,FALSE
128,-0.811289284913169,0.4675,FALSE,"Phase-I",0,0,0,0.4675,0.4675,0.4675,0.9990234375,FALSE
129,1.32274089320603,0.771833333333333,FALSE,"Phase-I",1.07274089320603,0.822740893206027,0.572740893206027,0.8495,0.7755,0.6905,0.9990234375,FALSE
130,1.14028100386298,0.910166666666667,FALSE,"Phase-I",1.96302189706901,1.46302189706901,0.963021897069005,0.9795,0.9325,0.8185,0.9990234375,FALSE
131,0.296447821434467,0.850166666666667,FALSE,"Phase-I",2.00946971850347,1.25946971850347,0.509469718503472,0.9825,0.9005,0.6675,0.9990234375,FALSE
132,-0.581522453660757,0.6255,FALSE,"Phase-I",1.17794726484271,0.177947264842715,0,0.8755,0.5335,0.4675,0.9990234375,FALSE
133,0.136988170806216,0.5945,FALSE,"Phase-I",1.06493543564893,0,0,0.8485,0.4675,0.4675,0.9990234375,FALSE
134,-1.19599761565531,0.4675,FALSE,"Phase-I",0,0,0,0.4675,0.4675,0.4675,0.9990234375,FALSE
135,-0.368849655289215,0.4675,FALSE,"Phase-I",0,0,0,0.4675,0.4675,0.4675,0.9990234375,FALSE
136,-0.285863033266744,0.4675,FALSE,"Phase-I",0,0,0,0.4675,0.4675,0.4675,0.9990234375,FALSE
137,-1.27793273859818,0.4675,FALSE,"Phase-I",0,0,0,0.4675,0.4675,0.4675,0.9990234375,FALSE
138,0.269331828062994,0.469166666666667,FALSE,"Phase-I",0.0193318280629945,0,0,0.4725,0.4675,0.4675,0.9990234375,FALSE
139,0.208157573676177,0.4675,FALSE,"Phase-I",0,0,0,0.4675,0.4675,0.4675,0.9990234375,FALSE
140,-0.737956086091342,0.4675,FALSE,"Phase-I",0,0,0,0.4675,0.4675,0.4675,0.9990234375,FALSE
141,-1.47373330760537,0.4675,FALSE,"Phase-I",0,0,0,0.4675,0.4675,0.4675,0.9990234375,FALSE
142,0.889776595291714,0.617833333333333,FALSE,"Phase-I",0.639776595291714,0.389776595291714,0.139776595291714,0.7175,0.6165,0.5195,0.9990234375,FALSE
143,0.865749753779609,0.7415,FALSE,"Phase-I",1.25552634907132,0.755526349071324,0.255526349071324,0.8995,0.7605,0.5645,0.9990234375,FALSE
144,-1.42908457142932,0.4675,FALSE,"Phase-I",0,0,0,0.4675,0.4675,0.4675,0.9990234375,FALSE
145,-0.219990773333622,0.4675,FALSE,"Phase-I",0,0,0,0.4675,0.4675,0.4675,0.9990234375,FALSE
146,0.820612308775434,0.591833333333333,FALSE,"Phase-I",0.570612308775434,0.320612308775434,0.0706123087754338,0.6895,0.5935,0.4925,0.9990234375,FALSE
147,1.42237378305976,0.870166666666667,FALSE,"Phase-I",1.74298609183519,1.24298609183519,0.742986091835193,0.9635,0.8925,0.7545,0.9990234375,FALSE
148,-0.730909600420195,0.566833333333333,FALSE,"Phase-I",0.762076491414998,0.0120764914149984,0,0.7615,0.4715,0.4675,0.9990234375,FALSE
149,-0.425051515145633,0.479166666666667,FALSE,"Phase-I",0.0870249762693651,0,0,0.5025,0.4675,0.4675,0.9990234375,FALSE
150,-0.588331033132477,0.4675,FALSE,"Phase-I",0,0,0,0.4675,0.4675,0.4675,0.9990234375,FALSE
151,0.0949136197266216,0.4675,FALSE,"Phase-I",0,0,0,0.4675,0.4675,0.4675,0.9990234375,FALSE
152,0.0551323959209572,0.4675,FALSE,"Phase-I",0,0,0,0.4675,0.4675,0.4675,0.9990234375,FALSE
153,0.910471841483514,0.627833333333333,FALSE,"Phase-I",0.660471841483514,0.410471841483514,0.160471841483514,0.7285,0.6275,0.5275,0.9990234375,FALSE
154,-1.94935457804861,0.4675,FALSE,"Phase-I",0,0,0,0.4675,0.4675,0.4675,0.9990234375,FALSE
155,0.131310433697213,0.4675,FALSE,"Phase-I",0,0,0,0.4675,0.4675,0.4675,0.9990234375,FALSE
156,0.0103207536085469,0.4675,FALSE,"Phase-I",0,0,0,0.4675,0.4675,0.4675,0.9990234375,FALSE
157,0.462594781516052,0.493833333333333,FALSE,"Phase-I",0.212594781516052,0,0,0.5465,0.4675,0.4675,0.9990234375,FALSE
158,0.674388051807478,0.572166666666667,FALSE,"Phase-I",0.636982833323531,0.174388051807478,0,0.7165,0.5325,0.4675,0.9990234375,FALSE
159,0.308746794044849,0.559166666666667,FALSE,"Phase-I",0.69572962736838,0,0,0.7425,0.4675,0.4675,0.9990234375,FALSE
160,-0.912492791588909,0.4675,FALSE,"Phase-I",0,0,0,0.4675,0.4675,0.4675,0.9990234375,FALSE
161,-0.580713117648377,0.4675,FALSE,"Phase-I",0,0,0,0.4675,0.4675,0.4675,0.9990234375,FALSE
162,-0.334307923857394,0.4675,FALSE,"Phase-I",0,0,0,0.4675,0.4675,0.4675,0.9990234375,FALSE
163,0.294875689439142,0.471833333333333,FALSE,"Phase-I",0.0448756894391423,0,0,0.4805,0.4675,0.4675,0.9990234375,FALSE
164,0.131588932180128,0.4675,FALSE,"Phase-I",0,0,0,0.4675,0.4675,0.4675,0.9990234375,FALSE
165,0.437264025591754,0.489833333333333,FALSE,"Phase-I",0.187264025591754,0,0,0.5345,0.4675,0.4675,0.9990234375,FALSE
166,-1.10564864041927,0.4675,FALSE,"Phase-I",0,0,0,0.4675,0.4675,0.4675,0.9990234375,FALSE
167,0.823297575203142,0.592833333333333,FALSE,"Phase-I",0.573297575203142,0.323297575203142,0.0732975752031415,0.6915,0.5935,0.4935,0.9990234375,FALSE
168,1.40524870914043,0.867166666666667,FALSE,"Phase-I",1.72854628434357,1.22854628434357,0.728546284343573,0.9625,0.8885,0.7505,0.9990234375,FALSE
169,0.174032113983254,0.7585,FALSE,"Phase-I",1.65257839832683,0.902578398326827,0.152578398326827,0.9555,0.7985,0.5215,0.9990234375,FALSE
170,1.23396878258551,0.889166666666667,FALSE,"Phase-I",2.63654718091234,1.63654718091234,0.636547180912342,0.9965,0.9545,0.7165,0.9990234375,FALSE
171,-0.950933089577431,0.644166666666667,FALSE,"Phase-I",1.43561409133491,0.185614091334911,0,0.9305,0.5345,0.4675,0.9990234375,FALSE
172,0.428679267640223,0.643166666666667,FALSE,"Phase-I",1.61429335897513,0.114293358975134,0,0.9505,0.5115,0.4675,0.9990234375,FALSE
173,-1.29687338241037,0.475166666666667,FALSE,"Phase-I",0.0674199765647661,0,0,0.4905,0.4675,0.4675,0.9990234375,FALSE
174,1.49032833546829,0.828833333333333,FALSE,"Phase-I",1.30774831203305,0.990328335468288,0.740328335468288,0.9095,0.8225,0.7545,0.9990234375,FALSE
175,-1.0791988739664,0.4675,FALSE,"Phase-I",0,0,0,0.4675,0.4675,0.4675,0.9990234375,FALSE
176,0.623851123887835,0.5315,FALSE,"Phase-I",0.373851123887835,0.123851123887835,0,0.6135,0.5135,0.4675,0.9990234375,FALSE
177,-0.337231123838246,0.4675,FALSE,"Phase-I",0,0,0,0.4675,0.4675,0.4675,0.9990234375,FALSE
178,-1.04184148634493,0.4675,FALSE,"Phase-I",0,0,0,0.4675,0.4675,0.4675,0.9990234375,FALSE
179,-0.0046178405039012,0.4675,FALSE,"Phase-I",0,0,0,0.4675,0.4675,0.4675,0.9990234375,FALSE
180,-0.270707090079147,0.4675,FALSE,"Phase-I",0,0,0,0.4675,0.4675,0.4675,0.9990234375,FALSE
181,0.00833720027418513,0.4675,FALSE,"Phase-I",0,0,0,0.4675,0.4675,0.4675,0.9990234375,FALSE
182,-0.781336373773741,0.4675,FALSE,"Phase-I",0,0,0,0.4675,0.4675,0.4675,0.9990234375,FALSE
183,0.000750181179245981,0.4675,FALSE,"Phase-I",0,0,0,0.4675,0.4675,0.4675,0.9990234375,FALSE
184,-1.54291234337711,0.4675,FALSE,"Phase-I",0,0,0,0.4675,0.4675,0.4675,0.9990234375,FALSE
185,-0.104143911812326,0.4675,FALSE,"Phase-I",0,0,0,0.4675,0.4675,0.4675,0.9990234375,FALSE
186,-0.195563483663324,0.4675,FALSE,"Phase-I",0,0,0,0.4675,0.4675,0.4675,0.9990234375,FALSE
187,0.399510217844978,0.4855,FALSE,"Phase-I",0.149510217844978,0,0,0.5215,0.4675,0.4675,0.9990234375,FALSE
188,0.730428996581416,0.578166666666667,FALSE,"Phase-I",0.629939214426394,0.230428996581416,0,0.7145,0.5525,0.4675,0.9990234375,FALSE
189,-0.934052703019103,0.4675,FALSE,"Phase-I",0,0,0,0.4675,0.4675,0.4675,0.9990234375,FALSE
190,-0.258931889303937,0.4675,FALSE,"Phase-I",0,0,0,0.4675,0.4675,0.4675,0.9990234375,FALSE
191,0.840797915351703,0.601166666666667,FALSE,"Phase-I",0.590797915351703,0.340797915351703,0.0907979153517035,0.6975,0.6015,0.5045,0.9990234375,FALSE
192,0.739019576512773,0.6805,FALSE,"Phase-I",1.07981749186448,0.579817491864477,0.0798174918644767,0.8505,0.6925,0.4985,0.9990234375,FALSE
193,-0.768506528996306,0.474833333333333,FALSE,"Phase-I",0.0613109628681712,0,0,0.4895,0.4675,0.4675,0.9990234375,FALSE
194,1.82842548808906,0.9055,FALSE,"Phase-I",1.63973645095723,1.32842548808906,1.07842548808906,0.9545,0.9125,0.8495,0.9990234375,FALSE
195,0.207146730970199,0.821833333333333,FALSE,"Phase-I",1.59688318192743,1.03557221905926,0.535572219059256,0.9485,0.8405,0.6765,0.9990234375,FALSE
196,0.167286847836662,0.7175,FALSE,"Phase-I",1.51417002976409,0.702859066895917,0,0.9405,0.7445,0.4675,0.9990234375,FALSE
197,-2.07494430094733,0.4675,FALSE,"Phase-I",0,0,0,0.4675,0.4675,0.4675,0.9990234375,FALSE
198,1.49785118683315,0.825833333333333,FALSE,"Phase-I",1.24785118683315,0.997851186833155,0.747851186833155,0.8955,0.8255,0.7565,0.9990234375,FALSE
199,1.2435953259416,0.947166666666667,FALSE,"Phase-I",2.24144651277476,1.74144651277476,1.24144651277476,0.9875,0.9635,0.8905,0.9990234375,FALSE
200,-0.539318321108123,0.713833333333333,FALSE,"Phase-I",1.45212819166663,0.702128191666632,0,0.9305,0.7435,0.4675,0.9990234375,FALSE
201,1.09507059227867,0.834166666666667,FALSE,"Phase-II",2.29719878394531,1.29719878394531,0.345070592278675,0.9905,0.9095,0.6025,0.9990234375,FALSE
202,1.25785069870801,0.922166666666667,FALSE,"Phase-II",3.30504948265332,2.05504948265332,0.852921290986685,0.9985,0.9835,0.7845,0.9990234375,FALSE
203,1.50201236842857,0.9825,FALSE,"Phase-II",4.55706185108188,3.05706185108188,1.60493365941525,0.9995,0.9985,0.9495,0.9990234375,FALSE
204,0.105368932328516,0.937833333333333,FALSE,"Phase-II",4.4124307834104,2.6624307834104,0.960302591743768,0.9995,0.9965,0.8175,0.9990234375,FALSE
205,-0.729001537815382,0.799166666666667,FALSE,"Phase-II",3.43342924559502,1.43342924559502,0,0.9995,0.9305,0.4675,0.9990234375,FALSE
206,-1.27235803393485,0.637166666666667,FALSE,"Phase-II",1.91107121166016,0,0,0.9765,0.4675,0.4675,0.9990234375,FALSE
207,1.5176867583557,0.8645,FALSE,"Phase-II",3.17875797001586,1.0176867583557,0.767686758355696,0.9985,0.8325,0.7625,0.9990234375,FALSE
208,1.72992945818348,0.984166666666667,FALSE,"Phase-II",4.65868742819934,2.24761621653918,1.74761621653918,0.9995,0.9875,0.9655,0.9990234375,FALSE
209,0.675388939839729,0.9825,FALSE,"Phase-II",5.08407636803907,2.42300515637891,1.67300515637891,0.9995,0.9915,0.9565,0.9990234375,FALSE
210,1.15205665344439,0.994166666666667,FALSE,"Phase-II",5.98613302148346,3.07506180982329,2.07506180982329,0.9995,0.9985,0.9845,0.9990234375,FALSE
211,0.777335358878984,0.994833333333333,FALSE,"Phase-II",6.51346838036244,3.35239716870228,2.10239716870228,0.9995,0.9995,0.9855,0.9990234375,FALSE
212,0.93476724258402,0.9965,FALSE,"Phase-II",7.19823562294646,3.7871644112863,2.2871644112863,0.9995,0.9995,0.9905,0.9990234375,FALSE
213,1.35460766640314,0.998833333333333,FALSE,"Phase-II",8.3028432893496,4.64177207768944,2.89177207768944,0.9995,0.9995,0.9975,0.9990234375,FALSE
214,0.751375955234299,0.998833333333333,FALSE,"Phase-II",8.8042192445839,4.89314803292373,2.89314803292374,0.9995,0.9995,0.9975,0.9990234375,FALSE
215,0.690244108653222,0.998833333333333,FALSE,"Phase-II",9.24446335323712,5.08339214157696,2.83339214157696,0.9995,0.9995,0.9975,0.9990234375,FALSE
216,0.680715100682753,0.998833333333333,FALSE,"Phase-II",9.67517845391987,5.26410724225971,2.76410724225971,0.9995,0.9995,0.9975,0.9990234375,FALSE
217,0.322364695770645,0.996833333333333,FALSE,"Phase-II",9.74754314969052,5.08647193803036,2.33647193803036,0.9995,0.9995,0.9915,0.9990234375,FALSE
218,1.76914785605739,0.9995,TRUE,"Phase-II",11.2666910057479,6.35561979408775,3.35561979408775,0.9995,0.9995,0.9995,0.9990234375,TRUE
219,0.164521761477546,0.998833333333333,FALSE,"Phase-II",11.1812127672255,6.02014155556529,2.7701415555653,0.9995,0.9995,0.9975,0.9990234375,FALSE
220,1.30471471649812,0.999166666666667,TRUE,"Phase-II",12.2359274837236,6.82485627206342,3.32485627206342,0.9995,0.9995,0.9985,0.9990234375,TRUE
221,1.14252556201981,0.9995,TRUE,"Phase-II",13.1284530457434,7.46738183408323,3.71738183408323,0.9995,0.9995,0.9995,0.9990234375,TRUE
222,0.282356545811344,0.999166666666667,TRUE,"Phase-II",13.1608095915547,7.24973837989457,3.24973837989457,0.9995,0.9995,0.9985,0.9990234375,TRUE
223,0.480211356695093,0.999166666666667,TRUE,"Phase-II",13.3910209482498,7.22994973658967,2.97994973658967,0.9995,0.9995,0.9985,0.9990234375,TRUE
224,2.19364557173394,0.9995,TRUE,"Phase-II",15.3346665199838,8.92359530832361,4.42359530832361,0.9995,0.9995,0.9995,0.9990234375,TRUE
225,1.06365332860613,0.9995,TRUE,"Phase-II",16.1483198485899,9.48724863692973,4.73724863692973,0.9995,0.9995,0.9995,0.9990234375,TRUE
226,-0.182124627042433,0.9995,TRUE,"Phase-II",15.7161952215475,8.8051240098873,3.8051240098873,0.9995,0.9995,0.9995,0.9990234375,TRUE
227,0.68879180878778,0.9995,TRUE,"Phase-II",16.1549870303352,8.99391581867508,3.74391581867508,0.9995,0.9995,0.9995,0.9990234375,TRUE
228,1.62759274463957,0.9995,TRUE,"Phase-II",17.5325797749748,10.1215085633146,4.62150856331465,0.9995,0.9995,0.9995,0.9990234375,TRUE
229,-0.0248788664466095,0.9995,TRUE,"Phase-II",17.2577009085282,9.59662969686804,3.84662969686804,0.9995,0.9995,0.9995,0.9990234375,TRUE
230,0.330717402830587,0.9995,TRUE,"Phase-II",17.3384183113588,9.42734709969863,3.42734709969862,0.9995,0.9995,0.9995,0.9990234375,TRUE
231,1.54694939750198,0.9995,TRUE,"Phase-II",18.6353677088608,10.4742964972006,4.2242964972006,0.9995,0.9995,0.9995,0.9990234375,TRUE
232,0.0489581645747853,0.9995,TRUE,"Phase-II",18.4343258734356,10.0232546617754,3.52325466177539,0.9995,0.9995,0.9995,0.9990234375,TRUE
233,0.581076679253955,0.9995,TRUE,"Phase-II",18.7654025526895,10.1043313410293,3.35433134102935,0.9995,0.9995,0.9995,0.9990234375,TRUE
234,0.986781651361543,0.9995,TRUE,"Phase-II",19.502184204051,10.5911129923909,3.59111299239089,0.9995,0.9995,0.9995,0.9990234375,TRUE
235,2.40137326755912,0.9995,TRUE,"Phase-II",21.6535574716102,12.49248625995,5.24248625995001,0.9995,0.9995,0.9995,0.9990234375,TRUE
236,1.50057763594014,0.9995,TRUE,"Phase-II",22.9041351075503,13.4930638958902,5.99306389589015,0.9995,0.9995,0.9995,0.9990234375,TRUE
237,1.66436889814184,0.9995,TRUE,"Phase-II",24.3185040056921,14.657432794032,6.90743279403199,0.9995,0.9995,0.9995,0.9990234375,TRUE
238,0.811065084871331,0.9995,TRUE,"Phase-II",24.8795690905635,14.9684978789033,6.96849787890332,0.9995,0.9995,0.9995,0.9990234375,TRUE
239,1.95799933386955,0.9995,TRUE,"Phase-II",26.587568424433,16.4264972127729,8.17649721277287,0.9995,0.9995,0.9995,0.9990234375,TRUE
240,0.344102838948284,0.9995,TRUE,"Phase-II",26.6816712633813,16.2706000517212,7.77060005172116,0.9995,0.9995,0.9995,0.9990234375,TRUE
241,1.09279051451092,0.9995,TRUE,"Phase-II",27.5244617778922,16.8633905662321,8.11339056623208,0.9995,0.9995,0.9995,0.9990234375,TRUE
242,-0.966182458284792,0.9995,TRUE,"Phase-II",26.3082793196074,15.3972081079473,6.39720810794729,0.9995,0.9995,0.9995,0.9990234375,TRUE
243,0.573568332053661,0.9995,TRUE,"Phase-II",26.6318476516611,15.470776440001,6.22077644000095,0.9995,0.9995,0.9995,0.9990234375,TRUE
244,2.6382416679428,0.9995,TRUE,"Phase-II",29.0200893196039,17.6090181079438,8.10901810794375,0.9995,0.9995,0.9995,0.9990234375,TRUE
245,1.36139097365468,0.9995,TRUE,"Phase-II",30.1314802932586,18.4704090815984,8.72040908159844,0.9995,0.9995,0.9995,0.9990234375,TRUE
246,1.955053345716,0.9995,TRUE,"Phase-II",31.8365336389746,19.9254624273144,9.92546242731444,0.9995,0.9995,0.9995,0.9990234375,TRUE
247,0.445921800394788,0.9995,TRUE,"Phase-II",32.0324554393694,19.8713842277092,9.62138422770923,0.9995,0.9995,0.9995,0.9990234375,TRUE
248,-0.0805691879502178,0.9995,TRUE,"Phase-II",31.7018862514192,19.290815039759,8.79081503975901,0.9995,0.9995,0.9995,0.9990234375,TRUE
249,0.58063572266787,0.9995,TRUE,"Phase-II",32.032521974087,19.3714507624269,8.62145076242688,0.9995,0.9995,0.9995,0.9990234375,TRUE
250,2.10720728895193,0.9995,TRUE,"Phase-II",33.889729263039,20.9786580513788,9.97865805137881,0.9995,0.9995,0.9995,0.9990234375,TRUE
251,0.751167911956681,0.9995,TRUE,"Phase-II",34.3908971749957,21.2298259633355,9.97982596333549,0.9995,0.9995,0.9995,0.9990234375,TRUE
252,-0.361388816032897,0.9995,TRUE,"Phase-II",33.7795083589628,20.3684371473026,8.86843714730259,0.9995,0.9995,0.9995,0.9990234375,TRUE
253,1.45861504241124,0.9995,TRUE,"Phase-II",34.988123401374,21.3270521897138,9.57705218971383,0.9995,0.9995,0.9995,0.9990234375,TRUE
254,1.93290042522823,0.9995,TRUE,"Phase-II",36.6710238266022,22.7599526149421,10.7599526149421,0.9995,0.9995,0.9995,0.9990234375,TRUE
255,1.25199149743393,0.9995,TRUE,"Phase-II",37.6730153240362,23.511944112376,11.261944112376,0.9995,0.9995,0.9995,0.9990234375,TRUE
256,0.935606671534898,0.9995,TRUE,"Phase-II",38.3586219955711,23.9475507839109,11.4475507839109,0.9995,0.9995,0.9995,0.9990234375,TRUE
257,0.0601522443599307,0.9995,TRUE,"Phase-II",38.168774239931,23.5077030282708,10.7577030282708,0.9995,0.9995,0.9995,0.9990234375,TRUE
258,0.370674919884427,0.9995,TRUE,"Phase-II",38.2894491598154,23.3783779481553,10.3783779481553,0.9995,0.9995,0.9995,0.9990234375,TRUE
259,0.302243979946624,0.9995,TRUE,"Phase-II",38.3416931397621,23.1806219281019,9.93062192810188,0.9995,0.9995,0.9995,0.9990234375,TRUE
260,0.0920168022249123,0.9995,TRUE,"Phase-II",38.183709941987,22.7726387303268,9.27263873032679,0.9995,0.9995,0.9995,0.9990234375,TRUE
261,-0.0688767422301626,0.9995,TRUE,"Phase-II",37.8648331997568,22.2037619880966,8.45376198809663,0.9995,0.9995,0.9995,0.9990234375,TRUE
262,0.299311120290682,0.9995,TRUE,"Phase-II",37.9141443200475,22.0030731083873,8.00307310838731,0.9995,0.9995,0.9995,0.9990234375,TRUE
263,0.875935115581331,0.9995,TRUE,"Phase-II",38.5400794356288,22.3790082239686,8.12900822396864,0.9995,0.9995,0.9995,0.9990234375,TRUE
264,-0.109324358929118,0.9995,TRUE,"Phase-II",38.1807550766997,21.7696838650395,7.26968386503952,0.9995,0.9995,0.9995,0.9990234375,TRUE
265,1.27807665500636,0.9995,TRUE,"Phase-II",39.2088317317061,22.5477605200459,7.79776052004588,0.9995,0.9995,0.9995,0.9990234375,TRUE
266,2.86717382370287,0.9995,TRUE,"Phase-II",41.8260055554089,24.9149343437488,9.91493434374876,0.9995,0.9995,0.9995,0.9990234375,TRUE
267,0.0520615190862947,0.9995,TRUE,"Phase-II",41.6280670744952,24.4669958628351,9.21699586283505,0.9995,0.9995,0.9995,0.9990234375,TRUE
268,-0.557955663114758,0.9995,TRUE,"Phase-II",40.8201114113805,23.4090401997203,7.90904019972029,0.9995,0.9995,0.9995,0.9990234375,TRUE
269,1.39160525831229,0.9995,TRUE,"Phase-II",41.9617166696928,24.3006454580326,8.55064545803259,0.9995,0.9995,0.9995,0.9990234375,TRUE
270,1.50480219116982,0.9995,TRUE,"Phase-II",43.2165188608626,25.3054476492024,9.3054476492024,0.9995,0.9995,0.9995,0.9990234375,TRUE
271,0.585384162136942,0.9995,TRUE,"Phase-II",43.5519030229995,25.3908318113394,9.14083181133935,0.9995,0.9995,0.9995,0.9990234375,TRUE
272,1.11827183994288,0.9995,TRUE,"Phase-II",44.4201748629424,26.0091036512822,9.50910365128222,0.9995,0.9995,0.9995,0.9990234375,TRUE
273,-0.856229416875972,0.9995,TRUE,"Phase-II",43.3139454460664,24.6528742344063,7.90287423440625,0.9995,0.9995,0.9995,0.9990234375,TRUE
274,0.889301422588586,0.9995,TRUE,"Phase-II",43.953246868655,25.0421756569948,8.04217565699484,0.9995,0.9995,0.9995,0.9990234375,TRUE
275,0.875671640317462,0.9995,TRUE,"Phase-II",44.5789185089725,25.4178472973123,8.1678472973123,0.9995,0.9995,0.9995,0.9990234375,TRUE
276,0.873063209812792,0.9995,TRUE,"Phase-II",45.2019817187853,25.7909105071251,8.29091050712509,0.9995,0.9995,0.9995,0.9990234375,TRUE
277,0.537459512705383,0.9995,TRUE,"Phase-II",45.4894412314907,25.8283700198305,8.07837001983047,0.9995,0.9995,0.9995,0.9990234375,TRUE
278,0.867466059365496,0.9995,TRUE,"Phase-II",46.1069072908561,26.195836079196,8.19583607919597,0.9995,0.9995,0.9995,0.9990234375,TRUE
279,0.765822379438128,0.9995,TRUE,"Phase-II",46.6227296702943,26.4616584586341,8.2116584586341,0.9995,0.9995,0.9995,0.9990234375,TRUE
280,-0.129101614076357,0.9995,TRUE,"Phase-II",46.2436280562179,25.8325568445577,7.33255684455774,0.9995,0.9995,0.9995,0.9990234375,TRUE
281,1.88310535998654,0.9995,TRUE,"Phase-II",47.8767334162045,27.2156622045443,8.46566220454428,0.9995,0.9995,0.9995,0.9990234375,TRUE
282,0.891497431040048,0.9995,TRUE,"Phase-II",48.5182308472445,27.6071596355843,8.60715963558433,0.9995,0.9995,0.9995,0.9990234375,TRUE
283,1.90613621417404,0.9995,TRUE,"Phase-II",50.1743670614186,29.0132958497584,9.76329584975837,0.9995,0.9995,0.9995,0.9990234375,TRUE
284,-0.0264729203054102,0.9995,TRUE,"Phase-II",49.8978941411131,28.486822929453,8.98682292945296,0.9995,0.9995,0.9995,0.9990234375,TRUE
285,0.984444318266749,0.9995,TRUE,"Phase-II",50.6323384593799,28.9712672477197,9.22126724771971,0.9995,0.9995,0.9995,0.9990234375,TRUE
286,0.576106228697571,0.9995,TRUE,"Phase-II",50.9584446880775,29.0473734764173,9.04737347641728,0.9995,0.9995,0.9995,0.9990234375,TRUE
287,0.0348297684139709,0.9995,TRUE,"Phase-II",50.7432744564914,28.5822032448313,8.33220324483125,0.9995,0.9995,0.9995,0.9990234375,TRUE
288,2.27967763766626,0.9995,TRUE,"Phase-II",52.7729520941577,30.3618808824975,9.86188088249751,0.9995,0.9995,0.9995,0.9990234375,TRUE
289,0.00952859889669844,0.9995,TRUE,"Phase-II",52.5324806930544,29.8714094813942,9.1214094813942,0.9995,0.9995,0.9995,0.9990234375,TRUE
290,1.03460501713014,0.9995,TRUE,"Phase-II",53.3170857101845,30.4060144985243,9.40601449852434,0.9995,0.9995,0.9995,0.9990234375,TRUE
291,1.28581686623444,0.9995,TRUE,"Phase-II",54.352902576419,31.1918313647588,9.94183136475879,0.9995,0.9995,0.9995,0.9990234375,TRUE
292,0.696148426741266,0.9995,TRUE,"Phase-II",54.7990510031602,31.3879797915001,9.88797979150005,0.9995,0.9995,0.9995,0.9990234375,TRUE
293,2.07803258845417,0.9995,TRUE,"Phase-II",56.6270835916144,32.9660123799542,11.2160123799542,0.9995,0.9995,0.9995,0.9990234375,TRUE
294,1.37837697730214,0.9995,TRUE,"Phase-II",57.7554605689165,33.8443893572564,11.8443893572564,0.9995,0.9995,0.9995,0.9990234375,TRUE
295,1.5309830259281,0.9995,TRUE,"Phase-II",59.0364435948446,34.8753723831845,12.6253723831845,0.9995,0.9995,0.9995,0.9990234375,TRUE
296,0.131113271499903,0.9995,TRUE,"Phase-II",58.9175568663445,34.5064856546844,12.0064856546844,0.9995,0.9995,0.9995,0.9990234375,TRUE
297,-0.178261485045887,0.9995,TRUE,"Phase-II",58.4892953812987,33.8282241696385,11.0782241696385,0.9995,0.9995,0.9995,0.9990234375,TRUE
298,0.536646305958577,0.9995,TRUE,"Phase-II",58.7759416872572,33.8648704755971,10.8648704755971,0.9995,0.9995,0.9995,0.9990234375,TRUE
299,1.39939210505339,0.9995,TRUE,"Phase-II",59.9253337923106,34.7642625806505,11.5142625806504,0.9995,0.9995,0.9995,0.9990234375,TRUE
300,-0.357811012629169,0.9995,TRUE,"Phase-II",59.3175227796815,33.9064515680213,10.4064515680213,0.9995,0.9995,0.9995,0.9990234375,TRUE
301,0.48882261704616,0.9995,TRUE,"Phase-II",59.5563453967276,33.8952741850674,10.1452741850674,0.9995,0.9995,0.9995,0.9990234375,TRUE
302,0.927270373230664,0.9995,TRUE,"Phase-II",60.2336157699583,34.3225445582981,10.3225445582981,0.9995,0.9995,0.9995,0.9990234375,TRUE
303,2.28723351805847,0.9995,TRUE,"Phase-II",62.2708492880167,36.1097780763566,11.8597780763566,0.9995,0.9995,0.9995,0.9990234375,TRUE
304,3.17122705305805,0.9995,TRUE,"Phase-II",65.1920763410748,38.7810051294146,14.2810051294146,0.9995,0.9995,0.9995,0.9990234375,TRUE
305,-0.967336823054411,0.9995,TRUE,"Phase-II",63.9747395180204,37.3136683063602,12.5636683063602,0.9995,0.9995,0.9995,0.9990234375,TRUE
306,0.391730932509179,0.9995,TRUE,"Phase-II",64.1164704505296,37.2053992388694,12.2053992388694,0.9995,0.9995,0.9995,0.9990234375,TRUE
307,1.06567853597012,0.9995,TRUE,"Phase-II",64.9321489864997,37.7710777748395,12.5210777748395,0.9995,0.9995,0.9995,0.9990234375,TRUE
308,-0.688129627891475,0.9995,TRUE,"Phase-II",63.9940193586082,36.582948146948,11.082948146948,0.9995,0.9995,0.9995,0.9990234375,TRUE
309,2.30059802217678,0.9995,TRUE,"Phase-II",66.044617380785,38.3835461691248,12.6335461691248,0.9995,0.9995,0.9995,0.9990234375,TRUE
310,1.46134948988317,0.9995,TRUE,"Phase-II",67.2559668706682,39.344895659008,13.344895659008,0.9995,0.9995,0.9995,0.9990234375,TRUE
311,1.38885556271306,0.9995,TRUE,"Phase-II",68.3948224333812,40.2337512217211,13.9837512217211,0.9995,0.9995,0.9995,0.9990234375,TRUE
312,0.815560141106778,0.9995,TRUE,"Phase-II",68.960382574488,40.5493113628278,14.0493113628278,0.9995,0.9995,0.9995,0.9990234375,TRUE
313,0.145974885550828,0.9995,TRUE,"Phase-II",68.8563574600388,40.1952862483787,13.4452862483787,0.9995,0.9995,0.9995,0.9990234375,TRUE
314,1.29833601656691,0.9995,TRUE,"Phase-II",69.9046934766057,40.9936222649456,13.9936222649456,0.9995,0.9995,0.9995,0.9990234375,TRUE
315,0.96393136534653,0.9995,TRUE,"Phase-II",70.6186248419523,41.4575536302921,14.2075536302921,0.9995,0.9995,0.9995,0.9990234375,TRUE
316,1.21034710831391,0.9995,TRUE,"Phase-II",71.5789719502662,42.167900738606,14.667900738606,0.9995,0.9995,0.9995,0.9990234375,TRUE
317,0.534694682569151,0.9995,TRUE,"Phase-II",71.8636666328353,42.2025954211752,14.4525954211752,0.9995,0.9995,0.9995,0.9990234375,TRUE
318,-1.34109696309332,0.9995,TRUE,"Phase-II",70.272569669742,40.3614984580818,12.3614984580818,0.9995,0.9995,0.9995,0.9990234375,TRUE
319,2.14105079653859,0.9995,TRUE,"Phase-II",72.1636204662806,42.0025492546204,13.7525492546204,0.9995,0.9995,0.9995,0.9990234375,TRUE
320,1.01438923009036,0.9995,TRUE,"Phase-II",72.9280096963709,42.5169384847108,14.0169384847108,0.9995,0.9995,0.9995,0.9990234375,TRUE
321,0.344282612387195,0.9995,TRUE,"Phase-II",73.0222923087581,42.361221097098,13.611221097098,0.9995,0.9995,0.9995,0.9990234375,TRUE
322,0.56442075640427,0.9995,TRUE,"Phase-II",73.3367130651624,42.4256418535023,13.4256418535023,0.9995,0.9995,0.9995,0.9990234375,TRUE
323,1.19979626263296,0.9995,TRUE,"Phase-II",74.2865093277954,43.1254381161352,13.8754381161352,0.9995,0.9995,0.9995,0.9990234375,TRUE
324,-1.31713967966326,0.9995,TRUE,"Phase-II",72.7193696481321,41.308298436472,11.808298436472,0.9995,0.9995,0.9995,0.9990234375,TRUE
325,1.93459419460646,0.9995,TRUE,"Phase-II",74.4039638427386,42.7428926310784,12.9928926310784,0.9995,0.9995,0.9995,0.9990234375,TRUE
326,0.173619809547153,0.9995,TRUE,"Phase-II",74.3275836522857,42.4165124406256,12.4165124406256,0.9995,0.9995,0.9995,0.9990234375,TRUE
327,0.936208899857471,0.9995,TRUE,"Phase-II",75.0137925521432,42.8527213404831,12.602721340483,0.9995,0.9995,0.9995,0.9990234375,TRUE
328,0.15030726414567,0.9995,TRUE,"Phase-II",74.9140998162889,42.5030286046287,12.0030286046287,0.9995,0.9995,0.9995,0.9990234375,TRUE
329,3.08413704612388,0.9995,TRUE,"Phase-II",77.7482368624128,45.0871656507526,14.3371656507526,0.9995,0.9995,0.9995,0.9990234375,TRUE
330,0.443371526648535,0.9995,TRUE,"Phase-II",77.9416083890613,45.0305371774011,14.0305371774011,0.9995,0.9995,0.9995,0.9990234375,TRUE
331,0.0332702004369051,0.9995,TRUE,"Phase-II",77.7248785894982,44.563807377838,13.313807377838,0.9995,0.9995,0.9995,0.9990234375,TRUE
332,0.805772364614047,0.9995,TRUE,"Phase-II",78.2806509541122,44.8695797424521,13.3695797424521,0.9995,0.9995,0.9995,0.9990234375,TRUE
333,-0.42112295741596,0.9995,TRUE,"Phase-II",77.6095279966963,43.9484567850361,12.1984567850361,0.9995,0.9995,0.9995,0.9990234375,TRUE
334,4.06365236361304,0.9995,TRUE,"Phase-II",81.4231803603093,47.5121091486492,15.5121091486492,0.9995,0.9995,0.9995,0.9990234375,TRUE
335,0.914539613451777,0.9995,TRUE,"Phase-II",82.0877199737611,47.9266487621009,15.6766487621009,0.9995,0.9995,0.9995,0.9990234375,TRUE
336,0.934880351024568,0.9995,TRUE,"Phase-II",82.7726003247857,48.3615291131255,15.8615291131255,0.9995,0.9995,0.9995,0.9990234375,TRUE
337,0.193641003734448,0.9995,TRUE,"Phase-II",82.7162413285201,48.05517011686,15.3051701168599,0.9995,0.9995,0.9995,0.9990234375,TRUE
338,-0.814114545461006,0.9995,TRUE,"Phase-II",81.6521267830591,46.7410555713989,13.7410555713989,0.9995,0.9995,0.9995,0.9990234375,TRUE
339,0.409176048153765,0.9995,TRUE,"Phase-II",81.8113028312129,46.6502316195527,13.4002316195527,0.9995,0.9995,0.9995,0.9990234375,TRUE
340,0.53836463257974,0.9995,TRUE,"Phase-II",82.0996674637926,46.6885962521325,13.1885962521324,0.9995,0.9995,0.9995,0.9990234375,TRUE
341,1.36370773070083,0.9995,TRUE,"Phase-II",83.2133751944934,47.5523039828333,13.8023039828333,0.9995,0.9995,0.9995,0.9990234375,TRUE
342,1.31640902597634,0.9995,TRUE,"Phase-II",84.2797842204698,48.3687130088096,14.3687130088096,0.9995,0.9995,0.9995,0.9990234375,TRUE
343,1.36522725519333,0.9995,TRUE,"Phase-II",85.3950114756631,49.2339402640029,14.9839402640029,0.9995,0.9995,0.9995,0.9990234375,TRUE
344,0.757500463051033,0.9995,TRUE,"Phase-II",85.9025119387141,49.491440727054,14.991440727054,0.9995,0.9995,0.9995,0.9990234375,TRUE
345,-0.0138822651423933,0.9995,TRUE,"Phase-II",85.6386296735717,48.9775584619116,14.2275584619116,0.9995,0.9995,0.9995,0.9990234375,TRUE
346,-0.503168736143788,0.9995,TRUE,"Phase-II",84.885460937428,47.9743897257678,12.9743897257678,0.9995,0.9995,0.9995,0.9990234375,TRUE
347,0.0671846910744401,0.9995,TRUE,"Phase-II",84.7026456285024,47.5415744168422,12.2915744168422,0.9995,0.9995,0.9995,0.9990234375,TRUE
348,1.44399874571989,0.9995,TRUE,"Phase-II",85.8966443742223,48.4855731625621,12.9855731625621,0.9995,0.9995,0.9995,0.9990234375,TRUE
349,0.608568870673708,0.9995,TRUE,"Phase-II",86.255213244896,48.5941420332358,12.8441420332358,0.9995,0.9995,0.9995,0.9990234375,TRUE
350,0.423589197076324,0.9995,TRUE,"Phase-II",86.4288024419723,48.5177312303122,12.5177312303122,0.9995,0.9995,0.9995,0.9990234375,TRUE
351,1.16614397223909,0.9995,TRUE,"Phase-II",87.3449464142114,49.1838752025512,12.9338752025512,0.9995,0.9995,0.9995,0.9990234375,TRUE
352,0.949776373690281,0.9995,TRUE,"Phase-II",88.0447227879017,49.6336515762415,13.1336515762415,0.9995,0.9995,0.9995,0.9990234375,TRUE
353,-0.0272356184821603,0.9995,TRUE,"Phase-II",87.7674871694195,49.1064159577594,12.3564159577594,0.9995,0.9995,0.9995,0.9990234375,TRUE
354,3.04818012340931,0.9995,TRUE,"Phase-II",90.5656672928288,51.6545960811687,14.6545960811687,0.9995,0.9995,0.9995,0.9990234375,TRUE
355,1.93527103250268,0.9995,TRUE,"Phase-II",92.2509383253315,53.0898671136714,15.8398671136714,0.9995,0.9995,0.9995,0.9990234375,TRUE
356,-0.634258106189435,0.9995,TRUE,"Phase-II",91.3666802191421,51.9556090074819,14.4556090074819,0.9995,0.9995,0.9995,0.9990234375,TRUE
357,-0.288230737275478,0.9995,TRUE,"Phase-II",90.8284494818666,51.1673782702065,13.4173782702064,0.9995,0.9995,0.9995,0.9990234375,TRUE
358,-0.0469238753531509,0.9995,TRUE,"Phase-II",90.5315256065135,50.6204543948533,12.6204543948533,0.9995,0.9995,0.9995,0.9990234375,TRUE
359,0.817499474517015,0.9995,TRUE,"Phase-II",91.0990250810305,50.9379538693703,12.6879538693703,0.9995,0.9995,0.9995,0.9990234375,TRUE
360,1.14144992902155,0.9995,TRUE,"Phase-II",91.990475010052,51.5794037983919,13.0794037983919,0.9995,0.9995,0.9995,0.9990234375,TRUE
361,1.37193713137565,0.9995,TRUE,"Phase-II",93.1124121414277,52.4513409297675,13.7013409297675,0.9995,0.9995,0.9995,0.9990234375,TRUE
362,1.27305889027586,0.9995,TRUE,"Phase-II",94.1354710317035,53.2243998200434,14.2243998200434,0.9995,0.9995,0.9995,0.9990234375,TRUE
363,1.21819320824251,0.9995,TRUE,"Phase-II",95.1036642399461,53.9425930282859,14.6925930282859,0.9995,0.9995,0.9995,0.9990234375,TRUE
364,0.930876738165237,0.9995,TRUE,"Phase-II",95.7845409781113,54.3734697664511,14.8734697664511,0.9995,0.9995,0.9995,0.9990234375,TRUE
365,-0.284149645127536,0.9995,TRUE,"Phase-II",95.2503913329838,53.5893201213236,13.8393201213236,0.9995,0.9995,0.9995,0.9990234375,TRUE
366,1.19448893380414,0.9995,TRUE,"Phase-II",96.1948802667879,54.2838090551277,14.2838090551277,0.9995,0.9995,0.9995,0.9990234375,TRUE
367,1.67084754907247,0.9995,TRUE,"Phase-II",97.6157278158604,55.4546566042002,15.2046566042002,0.9995,0.9995,0.9995,0.9990234375,TRUE
368,0.530657518770504,0.9995,TRUE,"Phase-II",97.8963853346309,55.4853141229707,14.9853141229707,0.9995,0.9995,0.9995,0.9990234375,TRUE
369,1.97353424125596,0.9995,TRUE,"Phase-II",99.6199195758868,56.9588483642267,16.2088483642266,0.9995,0.9995,0.9995,0.9990234375,TRUE
370,-0.829980651950525,0.9995,TRUE,"Phase-II",98.5399389239363,55.6288677122761,14.6288677122761,0.9995,0.9995,0.9995,0.9990234375,TRUE
371,-0.481563754400054,0.9995,TRUE,"Phase-II",97.8083751695363,54.6473039578761,13.3973039578761,0.9995,0.9995,0.9995,0.9990234375,TRUE
372,0.145228272978965,0.9995,TRUE,"Phase-II",97.7036034425152,54.292532230855,12.792532230855,0.9995,0.9995,0.9995,0.9990234375,TRUE
373,-0.62919097395658,0.9995,TRUE,"Phase-II",96.8244124685586,53.1633412568985,11.4133412568985,0.9995,0.9995,0.9995,0.9990234375,TRUE
374,0.441500936171056,0.9995,TRUE,"Phase-II",97.0159134047297,53.1048421930695,11.1048421930695,0.9995,0.9995,0.9995,0.9990234375,TRUE
375,0.715073425592817,0.9995,TRUE,"Phase-II",97.4809868303225,53.3199156186623,11.0699156186623,0.9995,0.9995,0.9995,0.9990234375,TRUE
376,1.6872220211816,0.9995,TRUE,"Phase-II",98.9182088515041,54.5071376398439,12.0071376398439,0.9995,0.9995,0.9995,0.9990234375,TRUE
377,0.300145162092082,0.9995,TRUE,"Phase-II",98.9683540135962,54.307282801936,11.557282801936,0.9995,0.9995,0.9995,0.9990234375,TRUE
378,0.879586795959861,0.9995,TRUE,"Phase-II",99.5979408095561,54.6868695978959,11.6868695978959,0.9995,0.9995,0.9995,0.9990234375,TRUE
379,-1.74213523812109,0.9995,TRUE,"Phase-II",97.605805571435,52.4447343597748,9.19473435977478,0.9995,0.9995,0.9995,0.9990234375,TRUE
380,-0.531780923648422,0.9995,TRUE,"Phase-II",96.8240246477865,51.4129534361264,7.91295343612636,0.9995,0.9995,0.9995,0.9990234375,TRUE
381,0.128803964073026,0.9995,TRUE,"Phase-II",96.7028286118596,51.0417574001994,7.29175740019939,0.9995,0.9995,0.9995,0.9990234375,TRUE
382,0.328941698281963,0.9995,TRUE,"Phase-II",96.7817703101415,50.8706990984814,6.87069909848135,0.9995,0.9995,0.9995,0.9990234375,TRUE
383,0.165596086825599,0.9995,TRUE,"Phase-II",96.6973663969671,50.536295185307,6.28629518530695,0.9995,0.9995,0.9995,0.9990234375,TRUE
384,1.59192765387893,0.9995,TRUE,"Phase-II",98.0392940508461,51.6282228391859,7.12822283918587,0.9995,0.9995,0.9995,0.9990234375,TRUE
385,-0.296421615854631,0.9995,TRUE,"Phase-II",97.4928724349914,50.8318012233313,6.08180122333124,0.9995,0.9995,0.9995,0.9990234375,TRUE
386,-1.10030955280615,0.9995,TRUE,"Phase-II",96.1425628821853,49.2314916705251,4.23149167052509,0.9995,0.9995,0.9995,0.9990234375,TRUE
387,1.75152161915639,0.9995,TRUE,"Phase-II",97.6440845013417,50.4830132896815,5.23301328968149,0.9995,0.9995,0.9995,0.9990234375,TRUE
388,0.599259834120243,0.9995,TRUE,"Phase-II",97.9933443354619,50.5822731238017,5.08227312380173,0.9995,0.9995,0.9995,0.9990234375,TRUE
389,-0.179351232576992,0.9995,TRUE,"Phase-II",97.5639931028849,49.9029218912248,4.15292189122474,0.9995,0.9995,0.9995,0.9990234375,TRUE
390,1.08028816346126,0.9995,TRUE,"Phase-II",98.3942812663462,50.483210054686,4.483210054686,0.9995,0.9995,0.9995,0.9990234375,TRUE
391,0.569300238001438,0.9995,TRUE,"Phase-II",98.7135815043476,50.5525102926875,4.30251029268744,0.9995,0.9995,0.9995,0.9990234375,TRUE
392,1.14692876391586,0.9995,TRUE,"Phase-II",99.6105102682635,51.1994390566033,4.6994390566033,0.9995,0.9995,0.9995,0.9990234375,TRUE
393,-0.629991178130588,0.999166666666667,TRUE,"Phase-II",98.7305190901329,50.0694478784727,3.31944787847272,0.9995,0.9995,0.9985,0.9990234375,TRUE
394,0.951986092956381,0.9995,TRUE,"Phase-II",99.4325051830893,50.5214339714291,3.5214339714291,0.9995,0.9995,0.9995,0.9990234375,TRUE
395,0.398926601749137,0.999166666666667,TRUE,"Phase-II",99.5814317848384,50.4203605731783,3.17036057317823,0.9995,0.9995,0.9985,0.9990234375,TRUE
396,1.01272146412254,0.9995,TRUE,"Phase-II",100.344153248961,50.9330820373008,3.43308203730077,0.9995,0.9995,0.9995,0.9990234375,TRUE
397,1.51424297086074,0.9995,TRUE,"Phase-II",101.608396219822,51.9473250081615,4.19732500816152,0.9995,0.9995,0.9995,0.9990234375,TRUE
398,1.58622866546345,0.9995,TRUE,"Phase-II",102.944624885285,53.033553673625,5.03355367362497,0.9995,0.9995,0.9995,0.9990234375,TRUE
399,0.950321293203211,0.9995,TRUE,"Phase-II",103.644946178488,53.4838749668282,5.23387496682818,0.9995,0.9995,0.9995,0.9990234375,TRUE
400,1.21201984827261,0.9995,TRUE,"Phase-II",104.606966026761,54.1958948151008,5.69589481510079,0.9995,0.9995,0.9995,0.9990234375,TRUE
401,0.457968945828497,0.9995,TRUE,"Phase-II",104.814934972589,54.1538637609293,5.40386376092929,0.9995,0.9995,0.9995,0.9990234375,TRUE
402,0.122531795327461,0.9995,TRUE,"Phase-II",104.687466767917,53.7763955562568,4.77639555625675,0.9995,0.9995,0.9995,0.9990234375,TRUE
403,-1.41413732184091,0.9985,FALSE,"Phase-II",103.023329446076,51.8622582344159,2.61225823441584,0.9995,0.9995,0.9965,0.9990234375,FALSE
404,0.251596382822254,0.994833333333333,FALSE,"Phase-II",103.024925828898,51.6138546172381,2.11385461723809,0.9995,0.9995,0.9855,0.9990234375,FALSE
405,-0.384018201035164,0.940166666666667,FALSE,"Phase-II",102.390907627863,50.729836416203,0.979836416202928,0.9995,0.9995,0.8215,0.9990234375,FALSE
406,0.232945295846187,0.880833333333333,FALSE,"Phase-II",102.373852923709,50.4627817120491,0.462781712049115,0.9995,0.9995,0.6435,0.9990234375,FALSE
407,1.27243162622676,0.940166666666667,FALSE,"Phase-II",103.396284549936,51.2352133382759,0.985213338275879,0.9995,0.9995,0.8215,0.9990234375,FALSE
408,-0.0918086549889152,0.839833333333333,FALSE,"Phase-II",103.054475894947,50.643404683287,0.143404683286963,0.9995,0.9995,0.5205,0.9990234375,FALSE
409,0.5565054712136,0.822166666666667,FALSE,"Phase-II",103.360981366161,50.6999101545006,0,0.9995,0.9995,0.4675,0.9990234375,FALSE
410,0.982583056824066,0.851166666666667,FALSE,"Phase-II",104.093564422985,51.1824932113246,0.232583056824066,0.9995,0.9995,0.5545,0.9990234375,FALSE
411,1.85916885686755,0.971833333333333,FALSE,"Phase-II",105.702733279852,52.5416620681922,1.34175191369162,0.9995,0.9995,0.9165,0.9990234375,FALSE
412,0.560100509282709,0.957166666666667,FALSE,"Phase-II",106.012833789135,52.6017625774749,1.15185242297433,0.9995,0.9995,0.8725,0.9990234375,FALSE
413,0.934366777507384,0.971166666666667,FALSE,"Phase-II",106.697200566642,53.0361293549823,1.33621920048171,0.9995,0.9995,0.9145,0.9990234375,FALSE
414,0.675627775618619,0.9665,FALSE,"Phase-II",107.122828342261,53.2117571306009,1.26184697610033,0.9995,0.9995,0.9005,0.9990234375,FALSE
415,0.574725022372343,0.950166666666667,FALSE,"Phase-II",107.447553364633,53.2864821529733,1.08657199847267,0.9995,0.9995,0.8515,0.9990234375,FALSE
416,1.53198752043038,0.991166666666667,FALSE,"Phase-II",108.729540885064,54.3184696734036,1.86855951890306,0.9995,0.9995,0.9745,0.9990234375,FALSE
417,-0.883561177535385,0.851833333333333,FALSE,"Phase-II",107.595979707528,52.9349084958683,0.234998341367673,0.9995,0.9995,0.5565,0.9990234375,FALSE
418,0.748265519964982,0.851166666666667,FALSE,"Phase-II",108.094245227493,53.1831740158332,0.233263861332655,0.9995,0.9995,0.5545,0.9990234375,FALSE
419,1.27314624752477,0.919833333333333,FALSE,"Phase-II",109.117391475018,53.956320263358,0.756410108857428,0.9995,0.9995,0.7605,0.9990234375,FALSE
420,1.78841201419597,0.9895,FALSE,"Phase-II",110.655803489214,55.244732277554,1.7948221230534,0.9995,0.9995,0.9695,0.9990234375,FALSE
421,1.07958777813269,0.994833333333333,FALSE,"Phase-II",111.485391267347,55.8243200556867,2.12440990118609,0.9995,0.9995,0.9855,0.9990234375,FALSE
422,-0.175371930278208,0.961166666666667,FALSE,"Phase-II",111.060019337069,55.1489481254085,1.19903797090789,0.9995,0.9995,0.8845,0.9990234375,FALSE
423,0.850686199874579,0.9695,FALSE,"Phase-II",111.660705536943,55.499634325283,1.29972417078246,0.9995,0.9995,0.9095,0.9990234375,FALSE
424,0.630654033627449,0.958166666666667,FALSE,"Phase-II",112.041359570571,55.6302883589105,1.18037820440991,0.9995,0.9995,0.8755,0.9990234375,FALSE
425,0.882992989852914,0.969833333333333,FALSE,"Phase-II",112.674352560424,56.0132813487634,1.31337119426283,0.9995,0.9995,0.9105,0.9990234375,FALSE
426,0.93172696734913,0.978833333333333,FALSE,"Phase-II",113.356079527773,56.4450083161125,1.49509816161196,0.9995,0.9995,0.9375,0.9990234375,FALSE
427,1.15899753884582,0.991833333333333,FALSE,"Phase-II",114.265077066619,57.1040058549584,1.90409570045778,0.9995,0.9995,0.9765,0.9990234375,FALSE
428,1.40865668637359,0.997833333333333,FALSE,"Phase-II",115.423733752992,58.012662541332,2.56275238683137,0.9995,0.9995,0.9945,0.9990234375,FALSE
429,-1.21204294229478,0.900166666666667,FALSE,"Phase-II",113.961690810697,56.3006195990372,0.600709444536587,0.9995,0.9995,0.7015,0.9990234375,FALSE
430,1.57611144804923,0.975833333333333,FALSE,"Phase-II",115.287802258747,57.3767310470864,1.42682089258581,0.9995,0.9995,0.9285,0.9990234375,FALSE
431,1.23541814673819,0.991833333333333,FALSE,"Phase-II",116.273220405485,58.1121491938246,1.91223903932401,0.9995,0.9995,0.9765,0.9990234375,FALSE
432,-0.293250863244327,0.930166666666667,FALSE,"Phase-II",115.72996954224,57.3188983305803,0.86898817607968,0.9995,0.9995,0.7915,0.9990234375,FALSE
433,0.00878088804619814,0.838166666666667,FALSE,"Phase-II",115.488750430287,56.8276792186265,0.127769064125878,0.9995,0.9995,0.5155,0.9990234375,FALSE
434,0.149292811027234,0.822166666666667,FALSE,"Phase-II",115.388043241314,56.4769720296537,0,0.9995,0.9995,0.4675,0.9990234375,FALSE
435,0.226038110495267,0.822166666666667,FALSE,"Phase-II",115.364081351809,56.203010140149,0,0.9995,0.9995,0.4675,0.9990234375,FALSE
436,-0.662199229517343,0.822166666666667,FALSE,"Phase-II",114.451882122292,55.0408109106316,0,0.9995,0.9995,0.4675,0.9990234375,FALSE
437,2.09348148689037,0.971833333333333,FALSE,"Phase-II",116.295363609182,56.634292397522,1.34348148689037,0.9995,0.9995,0.9165,0.9990234375,FALSE
438,0.643795914487339,0.962833333333333,FALSE,"Phase-II",116.68915952367,56.7780883120093,1.23727740137771,0.9995,0.9995,0.8895,0.9990234375,FALSE
439,0.618065435734748,0.952833333333333,FALSE,"Phase-II",117.057224959404,56.8961537477441,1.10534283711245,0.9995,0.9995,0.8595,0.9990234375,FALSE
440,1.40389325802417,0.9885,FALSE,"Phase-II",118.211118217428,57.8000470057683,1.75923609513662,0.9995,0.9995,0.9665,0.9990234375,FALSE
441,0.585713161527129,0.9825,FALSE,"Phase-II",118.546831378956,57.8857601672954,1.59494925666375,0.9995,0.9995,0.9485,0.9990234375,FALSE
442,1.94028569945499,0.998833333333333,FALSE,"Phase-II",120.237117078411,59.3260458667504,2.78523495611874,0.9995,0.9995,0.9975,0.9990234375,FALSE
443,1.02343323899566,0.999166666666667,TRUE,"Phase-II",121.010550317406,59.849479105746,3.05866819511439,0.9995,0.9995,0.9985,0.9990234375,TRUE
444,1.46652683559939,0.9995,TRUE,"Phase-II",122.227077153006,60.8160059413454,3.77519503071379,0.9995,0.9995,0.9995,0.9990234375,TRUE
445,0.168399215384607,0.999166666666667,TRUE,"Phase-II",122.14547636839,60.48440515673,3.19359424609839,0.9995,0.9995,0.9985,0.9990234375,TRUE
446,-0.284771951868188,0.994833333333333,FALSE,"Phase-II",121.610704416522,59.6996332048618,2.1588222942302,0.9995,0.9995,0.9855,0.9990234375,FALSE
447,1.22392415166568,0.9985,FALSE,"Phase-II",122.584628568188,60.4235573565275,2.63274644589588,0.9995,0.9995,0.9965,0.9990234375,FALSE
448,-0.0588228981318022,0.9895,FALSE,"Phase-II",122.275805670056,59.8647344583957,1.82392354776408,0.9995,0.9995,0.9695,0.9990234375,FALSE
449,1.17902496581206,0.995833333333333,FALSE,"Phase-II",123.204830635868,60.5437594242078,2.25294851357614,0.9995,0.9995,0.9885,0.9990234375,FALSE
450,0.691879850488007,0.9955,FALSE,"Phase-II",123.646710486356,60.7356392746958,2.19482836406415,0.9995,0.9995,0.9875,0.9990234375,FALSE
451,0.473523185012769,0.991833333333333,FALSE,"Phase-II",123.870233671369,60.7091624597086,1.91835154907692,0.9995,0.9995,0.9765,0.9990234375,FALSE
452,1.23892414368718,0.996833333333333,FALSE,"Phase-II",124.859157815056,61.4480866033957,2.40727569276409,0.9995,0.9995,0.9915,0.9990234375,FALSE
453,1.21930558220725,0.998833333333333,FALSE,"Phase-II",125.828463397263,62.167392185603,2.87658127497134,0.9995,0.9995,0.9975,0.9990234375,FALSE
454,0.428373377787911,0.997833333333333,FALSE,"Phase-II",126.006836775051,62.0957655633909,2.55495465275925,0.9995,0.9995,0.9945,0.9990234375,FALSE
455,1.27749578466798,0.999166666666667,TRUE,"Phase-II",127.034332559719,62.8732613480589,3.08245043742723,0.9995,0.9995,0.9985,0.9990234375,TRUE
456,1.18110620614839,0.9995,TRUE,"Phase-II",127.965438765867,63.5543675542073,3.51355664357562,0.9995,0.9995,0.9995,0.9990234375,TRUE
457,0.00239015246616481,0.998833333333333,FALSE,"Phase-II",127.717828918334,63.0567577066734,2.76594679604178,0.9995,0.9995,0.9975,0.9990234375,FALSE
458,2.57767617113947,0.9995,TRUE,"Phase-II",130.045505089473,65.1344338778129,4.59362296718125,0.9995,0.9995,0.9995,0.9990234375,TRUE
459,1.82376621782985,0.9995,TRUE,"Phase-II",131.619271307303,66.4582000956428,5.6673891850111,0.9995,0.9995,0.9995,0.9990234375,TRUE
460,1.26145155586808,0.9995,TRUE,"Phase-II",132.630722863171,67.2196516515108,6.17884074087918,0.9995,0.9995,0.9995,0.9990234375,TRUE
461,0.874823541332237,0.9995,TRUE,"Phase-II",133.255546404503,67.5944751928431,6.30366428221142,0.9995,0.9995,0.9995,0.9990234375,TRUE
462,0.715475833256234,0.9995,TRUE,"Phase-II",133.721022237759,67.8099510260993,6.26914011546765,0.9995,0.9995,0.9995,0.9990234375,TRUE
463,1.08744190737477,0.9995,TRUE,"Phase-II",134.558464145134,68.3973929334741,6.60658202284242,0.9995,0.9995,0.9995,0.9990234375,TRUE
464,0.980097985695682,0.9995,TRUE,"Phase-II",135.28856213083,68.8774909191697,6.8366800085381,0.9995,0.9995,0.9995,0.9990234375,TRUE
465,0.671633303456938,0.9995,TRUE,"Phase-II",135.710195434287,69.0491242226267,6.75831331199504,0.9995,0.9995,0.9995,0.9990234375,TRUE
466,2.78116777796381,0.9995,TRUE,"Phase-II",138.241363212251,71.3302920005905,8.78948108995885,0.9995,0.9995,0.9995,0.9990234375,TRUE
467,0.168652206536869,0.9995,TRUE,"Phase-II",138.160015418787,70.9989442071274,8.20813329649572,0.9995,0.9995,0.9995,0.9990234375,TRUE
468,1.1283675320812,0.9995,TRUE,"Phase-II",139.038382950869,71.6273117392086,8.58650082857692,0.9995,0.9995,0.9995,0.9990234375,TRUE
469,-1.33151259996971,0.9995,TRUE,"Phase-II",137.456870350899,69.7957991392389,6.50498822860721,0.9995,0.9995,0.9995,0.9990234375,TRUE
470,0.544462923654893,0.9995,TRUE,"Phase-II",137.751333274554,69.8402620628937,6.2994511522621,0.9995,0.9995,0.9995,0.9990234375,TRUE
471,1.53850002875617,0.9995,TRUE,"Phase-II",139.03983330331,70.8787620916499,7.08795118101827,0.9995,0.9995,0.9995,0.9990234375,TRUE
472,0.54363338130316,0.9995,TRUE,"Phase-II",139.333466684613,70.9223954729531,6.88158456232143,0.9995,0.9995,0.9995,0.9990234375,TRUE
473,1.3705782118285,0.9995,TRUE,"Phase-II",140.454044896442,71.7929736847816,7.50216277414994,0.9995,0.9995,0.9995,0.9990234375,TRUE
474,0.185177620951024,0.9995,TRUE,"Phase-II",140.389222517393,71.4781513057326,6.93734039510096,0.9995,0.9995,0.9995,0.9990234375,TRUE
475,1.18260691328461,0.9995,TRUE,"Phase-II",141.321829430677,72.1607582190172,7.36994730838557,0.9995,0.9995,0.9995,0.9990234375,TRUE
476,1.67340989969906,0.9995,TRUE,"Phase-II",142.745239330376,73.3341681187163,8.29335720808463,0.9995,0.9995,0.9995,0.9990234375,TRUE
477,1.08999281172558,0.9995,TRUE,"Phase-II",143.585232142102,73.9241609304419,8.63335001981022,0.9995,0.9995,0.9995,0.9990234375,TRUE
478,-0.501060568582424,0.9995,TRUE,"Phase-II",142.83417157352,72.9231003618595,7.38228945122779,0.9995,0.9995,0.9995,0.9990234375,TRUE
479,0.638539248744833,0.9995,TRUE,"Phase-II",143.222710822264,73.0616396106043,7.27082869997263,0.9995,0.9995,0.9995,0.9990234375,TRUE
480,0.427654894069036,0.9995,TRUE,"Phase-II",143.400365716333,72.9892945046733,6.94848359404166,0.9995,0.9995,0.9995,0.9990234375,TRUE
481,0.240800127166799,0.9995,TRUE,"Phase-II",143.3911658435,72.7300946318401,6.43928372120846,0.9995,0.9995,0.9995,0.9990234375,TRUE
482,-0.724725718652326,0.9995,TRUE,"Phase-II",142.416440124848,71.5053689131878,4.96455800255613,0.9995,0.9995,0.9995,0.9990234375,TRUE
483,2.49702286052302,0.9995,TRUE,"Phase-II",144.663462985371,73.5023917737108,6.71158086307915,0.9995,0.9995,0.9995,0.9990234375,TRUE
484,0.0195048209791742,0.9995,TRUE,"Phase-II",144.43296780635,73.02189659469,5.98108568405833,0.9995,0.9995,0.9995,0.9990234375,TRUE
485,0.992459906283724,0.9995,TRUE,"Phase-II",145.175427712634,73.5143565009737,6.22354559034205,0.9995,0.9995,0.9995,0.9990234375,TRUE
486,1.06385327630916,0.9995,TRUE,"Phase-II",145.989280988943,74.0782097772829,6.53739886665122,0.9995,0.9995,0.9995,0.9990234375,TRUE
487,0.535034807653777,0.9995,TRUE,"Phase-II",146.274315796597,74.1132445849367,6.32243367430499,0.9995,0.9995,0.9995,0.9990234375,TRUE
488,0.276897489954975,0.9995,TRUE,"Phase-II",146.301213286552,73.8901420748916,5.84933116425997,0.9995,0.9995,0.9995,0.9990234375,TRUE
489,2.12508746346405,0.9995,TRUE,"Phase-II",148.176300750016,75.5152295383557,7.22441862772401,0.9995,0.9995,0.9995,0.9990234375,TRUE
490,0.635774222159939,0.9995,TRUE,"Phase-II",148.562074972176,75.6510037605156,7.11019284988395,0.9995,0.9995,0.9995,0.9990234375,TRUE
491,0.903953735755006,0.9995,TRUE,"Phase-II",149.216028707931,76.0549574962706,7.26414658563896,0.9995,0.9995,0.9995,0.9990234375,TRUE
492,1.12618040279459,0.9995,TRUE,"Phase-II",150.092209110725,76.6811378990652,7.64032698843355,0.9995,0.9995,0.9995,0.9990234375,TRUE
493,0.100835178739453,0.9995,TRUE,"Phase-II",149.943044289465,76.2819730778047,6.991162167173,0.9995,0.9995,0.9995,0.9990234375,TRUE
494,1.26546849426398,0.9995,TRUE,"Phase-II",150.958512783729,77.0474415720686,7.50663066143698,0.9995,0.9995,0.9995,0.9990234375,TRUE
495,0.929653656785857,0.9995,TRUE,"Phase-II",151.638166440515,77.4770952288545,7.68628431822284,0.9995,0.9995,0.9995,0.9990234375,TRUE
496,-2.52811210845672,0.9995,TRUE,"Phase-II",148.860054332058,74.4489831203978,4.40817220976612,0.9995,0.9995,0.9995,0.9990234375,TRUE
497,1.15506699694746,0.9995,TRUE,"Phase-II",149.765121329005,75.1040501173453,4.81323920671358,0.9995,0.9995,0.9995,0.9990234375,TRUE
498,1.84315192704427,0.9995,TRUE,"Phase-II",151.35827325605,76.4472020443895,5.90639113375785,0.9995,0.9995,0.9995,0.9990234375,TRUE
499,1.48667246569691,0.9995,TRUE,"Phase-II",152.594945721747,77.4338745100864,6.64306359945477,0.9995,0.9995,0.9995,0.9990234375,TRUE
500,0.108195657687955,0.9995,TRUE,"Phase-II",152.453141379434,77.0420701677744,6.00125925714272,0.9995,0.9995,0.9995,0.9990234375,TRUE
