"Month","INDPRO","CPIAUCSL","UNRATE","FEDFUNDS","GS10","GS2","VIXCLS","HOUST","BAA10Y","USREC"
1919-01-01,4.8739,NA,NA,NA,NA,NA,NA,NA,NA,1
1919-02-01,4.6585,NA,NA,NA,NA,NA,NA,NA,NA,1
1919-03-01,4.5238,NA,NA,NA,NA,NA,NA,NA,NA,1
1919-04-01,4.6046,NA,NA,NA,NA,NA,NA,NA,NA,0
1919-05-01,4.6315,NA,NA,NA,NA,NA,NA,NA,NA,0
1919-06-01,4.9277,NA,NA,NA,NA,NA,NA,NA,NA,0
1919-07-01,5.2239,NA,NA,NA,NA,NA,NA,NA,NA,0
1919-08-01,5.3047,NA,NA,NA,NA,NA,NA,NA,NA,0
1919-09-01,5.197,NA,NA,NA,NA,NA,NA,NA,NA,0
1919-10-01,5.1432,NA,NA,NA,NA,NA,NA,NA,NA,0
1919-11-01,5.0624,NA,NA,NA,NA,NA,NA,NA,NA,0
1919-12-01,5.1432,NA,NA,NA,NA,NA,NA,NA,NA,0
1920-01-01,5.6279,NA,NA,NA,NA,NA,NA,NA,NA,0
1920-02-01,5.6279,NA,NA,NA,NA,NA,NA,NA,NA,1
1920-03-01,5.5201,NA,NA,NA,NA,NA,NA,NA,NA,1
1920-04-01,5.2239,NA,NA,NA,NA,NA,NA,NA,NA,1
1920-05-01,5.3586,NA,NA,NA,NA,NA,NA,NA,NA,1
1920-06-01,5.4124,NA,NA,NA,NA,NA,NA,NA,NA,1
1920-07-01,5.2778,NA,NA,NA,NA,NA,NA,NA,NA,1
1920-08-01,5.3047,NA,NA,NA,NA,NA,NA,NA,NA,1
1920-09-01,5.1162,NA,NA,NA,NA,NA,NA,NA,NA,1
1920-10-01,4.9008,NA,NA,NA,NA,NA,NA,NA,NA,1
1920-11-01,4.4969,NA,NA,NA,NA,NA,NA,NA,NA,1
1920-12-01,4.2276,NA,NA,NA,NA,NA,NA,NA,NA,1
1921-01-01,3.9853,NA,NA,NA,NA,NA,NA,NA,NA,1
1921-02-01,3.9045,NA,NA,NA,NA,NA,NA,NA,NA,1
1921-03-01,3.7968,NA,NA,NA,NA,NA,NA,NA,NA,1
1921-04-01,3.7968,NA,NA,NA,NA,NA,NA,NA,NA,1
1921-05-01,3.9045,NA,NA,NA,NA,NA,NA,NA,NA,1
1921-06-01,3.8776,NA,NA,NA,NA,NA,NA,NA,NA,1
1921-07-01,3.8506,NA,NA,NA,NA,NA,NA,NA,NA,1
1921-08-01,3.9853,NA,NA,NA,NA,NA,NA,NA,NA,0
1921-09-01,4.0122,NA,NA,NA,NA,NA,NA,NA,NA,0
1921-10-01,4.2545,NA,NA,NA,NA,NA,NA,NA,NA,0
1921-11-01,4.2007,NA,NA,NA,NA,NA,NA,NA,NA,0
1921-12-01,4.1738,NA,NA,NA,NA,NA,NA,NA,NA,0
1922-01-01,4.3353,NA,NA,NA,NA,NA,NA,NA,NA,0
1922-02-01,4.5238,NA,NA,NA,NA,NA,NA,NA,NA,0
1922-03-01,4.7662,NA,NA,NA,NA,NA,NA,NA,NA,0
1922-04-01,4.6046,NA,NA,NA,NA,NA,NA,NA,NA,0
1922-05-01,4.847,NA,NA,NA,NA,NA,NA,NA,NA,0
1922-06-01,5.0893,NA,NA,NA,NA,NA,NA,NA,NA,0
1922-07-01,5.0893,NA,NA,NA,NA,NA,NA,NA,NA,0
1922-08-01,4.9816,NA,NA,NA,NA,NA,NA,NA,NA,0
1922-09-01,5.2509,NA,NA,NA,NA,NA,NA,NA,NA,0
1922-10-01,5.5471,NA,NA,NA,NA,NA,NA,NA,NA,0
1922-11-01,5.7894,NA,NA,NA,NA,NA,NA,NA,NA,0
1922-12-01,5.951,NA,NA,NA,NA,NA,NA,NA,NA,0
1923-01-01,5.8163,NA,NA,NA,NA,NA,NA,NA,NA,0
1923-02-01,5.8971,NA,NA,NA,NA,NA,NA,NA,NA,0
1923-03-01,6.0856,NA,NA,NA,NA,NA,NA,NA,NA,0
1923-04-01,6.2203,NA,NA,NA,NA,NA,NA,NA,NA,0
1923-05-01,6.301,NA,NA,NA,NA,NA,NA,NA,NA,0
1923-06-01,6.2472,NA,NA,NA,NA,NA,NA,NA,NA,1
1923-07-01,6.1933,NA,NA,NA,NA,NA,NA,NA,NA,1
1923-08-01,6.0856,NA,NA,NA,NA,NA,NA,NA,NA,1
1923-09-01,5.951,NA,NA,NA,NA,NA,NA,NA,NA,1
1923-10-01,5.9241,NA,NA,NA,NA,NA,NA,NA,NA,1
1923-11-01,5.9241,NA,NA,NA,NA,NA,NA,NA,NA,1
1923-12-01,5.7894,NA,NA,NA,NA,NA,NA,NA,NA,1
1924-01-01,5.924,NA,NA,NA,NA,NA,NA,NA,NA,1
1924-02-01,6.0318,NA,NA,NA,NA,NA,NA,NA,NA,1
1924-03-01,5.9241,NA,NA,NA,NA,NA,NA,NA,NA,1
1924-04-01,5.7356,NA,NA,NA,NA,NA,NA,NA,NA,1
1924-05-01,5.4932,NA,NA,NA,NA,NA,NA,NA,NA,1
1924-06-01,5.2509,NA,NA,NA,NA,NA,NA,NA,NA,1
1924-07-01,5.1701,NA,NA,NA,NA,NA,NA,NA,NA,1
1924-08-01,5.3586,NA,NA,NA,NA,NA,NA,NA,NA,0
1924-09-01,5.5471,NA,NA,NA,NA,NA,NA,NA,NA,0
1924-10-01,5.6817,NA,NA,NA,NA,NA,NA,NA,NA,0
1924-11-01,5.7894,NA,NA,NA,NA,NA,NA,NA,NA,0
1924-12-01,5.951,NA,NA,NA,NA,NA,NA,NA,NA,0
1925-01-01,6.1395,NA,NA,NA,NA,NA,NA,NA,NA,0
1925-02-01,6.1395,NA,NA,NA,NA,NA,NA,NA,NA,0
1925-03-01,6.1395,NA,NA,NA,NA,NA,NA,NA,NA,0
1925-04-01,6.1933,NA,NA,NA,NA,NA,NA,NA,NA,0
1925-05-01,6.1664,NA,NA,NA,NA,NA,NA,NA,NA,0
1925-06-01,6.1125,NA,NA,NA,NA,NA,NA,NA,NA,0
1925-07-01,6.2741,NA,NA,NA,NA,NA,NA,NA,NA,0
1925-08-01,6.1664,NA,NA,NA,NA,NA,NA,NA,NA,0
1925-09-01,6.0856,NA,NA,NA,NA,NA,NA,NA,NA,0
1925-10-01,6.328,NA,NA,NA,NA,NA,NA,NA,NA,0
1925-11-01,6.4626,NA,NA,NA,NA,NA,NA,NA,NA,0
1925-12-01,6.5434,NA,NA,NA,NA,NA,NA,NA,NA,0
1926-01-01,6.4357,NA,NA,NA,NA,NA,NA,NA,NA,0
1926-02-01,6.4357,NA,NA,NA,NA,NA,NA,NA,NA,0
1926-03-01,6.5165,NA,NA,NA,NA,NA,NA,NA,NA,0
1926-04-01,6.5165,NA,NA,NA,NA,NA,NA,NA,NA,0
1926-05-01,6.4626,NA,NA,NA,NA,NA,NA,NA,NA,0
1926-06-01,6.5434,NA,NA,NA,NA,NA,NA,NA,NA,0
1926-07-01,6.5703,NA,NA,NA,NA,NA,NA,NA,NA,0
1926-08-01,6.6511,NA,NA,NA,NA,NA,NA,NA,NA,0
1926-09-01,6.7588,NA,NA,NA,NA,NA,NA,NA,NA,0
1926-10-01,6.7588,NA,NA,NA,NA,NA,NA,NA,NA,0
1926-11-01,6.7319,NA,NA,NA,NA,NA,NA,NA,NA,1
1926-12-01,6.705,NA,NA,NA,NA,NA,NA,NA,NA,1
1927-01-01,6.678,NA,NA,NA,NA,NA,NA,NA,NA,1
1927-02-01,6.7319,NA,NA,NA,NA,NA,NA,NA,NA,1
1927-03-01,6.8127,NA,NA,NA,NA,NA,NA,NA,NA,1
1927-04-01,6.6511,NA,NA,NA,NA,NA,NA,NA,NA,1
1927-05-01,6.705,NA,NA,NA,NA,NA,NA,NA,NA,1
1927-06-01,6.678,NA,NA,NA,NA,NA,NA,NA,NA,1
1927-07-01,6.5972,NA,NA,NA,NA,NA,NA,NA,NA,1
1927-08-01,6.5972,NA,NA,NA,NA,NA,NA,NA,NA,1
1927-09-01,6.4895,NA,NA,NA,NA,NA,NA,NA,NA,1
1927-10-01,6.3549,NA,NA,NA,NA,NA,NA,NA,NA,1
1927-11-01,6.3549,NA,NA,NA,NA,NA,NA,NA,NA,1
1927-12-01,6.3818,NA,NA,NA,NA,NA,NA,NA,NA,0
1928-01-01,6.5165,NA,NA,NA,NA,NA,NA,NA,NA,0
1928-02-01,6.5703,NA,NA,NA,NA,NA,NA,NA,NA,0
1928-03-01,6.6242,NA,NA,NA,NA,NA,NA,NA,NA,0
1928-04-01,6.5972,NA,NA,NA,NA,NA,NA,NA,NA,0
1928-05-01,6.678,NA,NA,NA,NA,NA,NA,NA,NA,0
1928-06-01,6.7319,NA,NA,NA,NA,NA,NA,NA,NA,0
1928-07-01,6.8127,NA,NA,NA,NA,NA,NA,NA,NA,0
1928-08-01,6.9473,NA,NA,NA,NA,NA,NA,NA,NA,0
1928-09-01,7.0012,NA,NA,NA,NA,NA,NA,NA,NA,0
1928-10-01,7.1358,NA,NA,NA,NA,NA,NA,NA,NA,0
1928-11-01,7.2704,NA,NA,NA,NA,NA,NA,NA,NA,0
1928-12-01,7.4051,NA,NA,NA,NA,NA,NA,NA,NA,0
1929-01-01,7.5128,NA,NA,NA,NA,NA,NA,NA,NA,0
1929-02-01,7.4858,NA,NA,NA,NA,NA,NA,NA,NA,0
1929-03-01,7.5128,NA,NA,NA,NA,NA,NA,NA,NA,0
1929-04-01,7.6474,NA,NA,NA,NA,NA,NA,NA,NA,0
1929-05-01,7.7821,NA,NA,NA,NA,NA,NA,NA,NA,0
1929-06-01,7.8359,NA,NA,NA,NA,NA,NA,NA,NA,0
1929-07-01,7.9436,NA,NA,NA,NA,NA,NA,NA,NA,0
1929-08-01,7.8628,NA,NA,NA,NA,NA,NA,NA,NA,0
1929-09-01,7.809,NA,NA,NA,NA,NA,NA,NA,NA,1
1929-10-01,7.6743,NA,NA,NA,NA,NA,NA,NA,NA,1
1929-11-01,7.2974,NA,NA,NA,NA,NA,NA,NA,NA,1
1929-12-01,6.9742,NA,NA,NA,NA,NA,NA,NA,NA,1
1930-01-01,6.9742,NA,NA,NA,NA,NA,NA,NA,NA,1
1930-02-01,6.9473,NA,NA,NA,NA,NA,NA,NA,NA,1
1930-03-01,6.8396,NA,NA,NA,NA,NA,NA,NA,NA,1
1930-04-01,6.7857,NA,NA,NA,NA,NA,NA,NA,NA,1
1930-05-01,6.678,NA,NA,NA,NA,NA,NA,NA,NA,1
1930-06-01,6.4895,NA,NA,NA,NA,NA,NA,NA,NA,1
1930-07-01,6.1933,NA,NA,NA,NA,NA,NA,NA,NA,1
1930-08-01,6.0587,NA,NA,NA,NA,NA,NA,NA,NA,1
1930-09-01,5.951,NA,NA,NA,NA,NA,NA,NA,NA,1
1930-10-01,5.7894,NA,NA,NA,NA,NA,NA,NA,NA,1
1930-11-01,5.6548,NA,NA,NA,NA,NA,NA,NA,NA,1
1930-12-01,5.5201,NA,NA,NA,NA,NA,NA,NA,NA,1
1931-01-01,5.4932,NA,NA,NA,NA,NA,NA,NA,NA,1
1931-02-01,5.5201,NA,NA,NA,NA,NA,NA,NA,NA,1
1931-03-01,5.6279,NA,NA,NA,NA,NA,NA,NA,NA,1
1931-04-01,5.6548,NA,NA,NA,NA,NA,NA,NA,NA,1
1931-05-01,5.574,NA,NA,NA,NA,NA,NA,NA,NA,1
1931-06-01,5.4394,NA,NA,NA,NA,NA,NA,NA,NA,1
1931-07-01,5.3586,NA,NA,NA,NA,NA,NA,NA,NA,1
1931-08-01,5.1701,NA,NA,NA,NA,NA,NA,NA,NA,1
1931-09-01,4.9277,NA,NA,NA,NA,NA,NA,NA,NA,1
1931-10-01,4.7392,NA,NA,NA,NA,NA,NA,NA,NA,1
1931-11-01,4.6854,NA,NA,NA,NA,NA,NA,NA,NA,1
1931-12-01,4.6585,NA,NA,NA,NA,NA,NA,NA,NA,1
1932-01-01,4.5238,NA,NA,NA,NA,NA,NA,NA,NA,1
1932-02-01,4.4161,NA,NA,NA,NA,NA,NA,NA,NA,1
1932-03-01,4.3623,NA,NA,NA,NA,NA,NA,NA,NA,1
1932-04-01,4.0661,NA,NA,NA,NA,NA,NA,NA,NA,1
1932-05-01,3.9314,NA,NA,NA,NA,NA,NA,NA,NA,1
1932-06-01,3.7968,NA,NA,NA,NA,NA,NA,NA,NA,1
1932-07-01,3.6891,NA,NA,NA,NA,NA,NA,NA,NA,1
1932-08-01,3.7968,NA,NA,NA,NA,NA,NA,NA,NA,1
1932-09-01,4.0391,NA,NA,NA,NA,NA,NA,NA,NA,1
1932-10-01,4.1738,NA,NA,NA,NA,NA,NA,NA,NA,1
1932-11-01,4.1738,NA,NA,NA,NA,NA,NA,NA,NA,1
1932-12-01,4.093,NA,NA,NA,NA,NA,NA,NA,NA,1
1933-01-01,4.0122,NA,NA,NA,NA,NA,NA,NA,NA,1
1933-02-01,4.0391,NA,NA,NA,NA,NA,NA,NA,NA,1
1933-03-01,3.7968,NA,NA,NA,NA,NA,NA,NA,NA,1
1933-04-01,4.0661,NA,NA,NA,NA,NA,NA,NA,NA,0
1933-05-01,4.7392,NA,NA,NA,NA,NA,NA,NA,NA,0
1933-06-01,5.4663,NA,NA,NA,NA,NA,NA,NA,NA,0
1933-07-01,5.9779,NA,NA,NA,NA,NA,NA,NA,NA,0
1933-08-01,5.7356,NA,NA,NA,NA,NA,NA,NA,NA,0
1933-09-01,5.4124,NA,NA,NA,NA,NA,NA,NA,NA,0
1933-10-01,5.1432,NA,NA,NA,NA,NA,NA,NA,NA,0
1933-11-01,4.847,NA,NA,NA,NA,NA,NA,NA,NA,0
1933-12-01,4.8739,NA,NA,NA,NA,NA,NA,NA,NA,0
1934-01-01,5.0354,NA,NA,NA,NA,NA,NA,NA,NA,0
1934-02-01,5.2778,NA,NA,NA,NA,NA,NA,NA,NA,0
1934-03-01,5.5201,NA,NA,NA,NA,NA,NA,NA,NA,0
1934-04-01,5.5201,NA,NA,NA,NA,NA,NA,NA,NA,0
1934-05-01,5.6278,NA,NA,NA,NA,NA,NA,NA,NA,0
1934-06-01,5.5201,NA,NA,NA,NA,NA,NA,NA,NA,0
1934-07-01,5.1432,NA,NA,NA,NA,NA,NA,NA,NA,0
1934-08-01,5.0893,NA,NA,NA,NA,NA,NA,NA,NA,0
1934-09-01,4.7931,NA,NA,NA,NA,NA,NA,NA,NA,0
1934-10-01,5.0085,NA,NA,NA,NA,NA,NA,NA,NA,0
1934-11-01,5.0624,NA,NA,NA,NA,NA,NA,NA,NA,0
1934-12-01,5.3855,NA,NA,NA,NA,NA,NA,NA,NA,0
1935-01-01,5.8163,NA,NA,NA,NA,NA,NA,NA,NA,0
1935-02-01,5.9241,NA,NA,NA,NA,NA,NA,NA,NA,0
1935-03-01,5.8971,NA,NA,NA,NA,NA,NA,NA,NA,0
1935-04-01,5.7894,NA,NA,NA,NA,NA,NA,NA,NA,0
1935-05-01,5.7894,NA,NA,NA,NA,NA,NA,NA,NA,0
1935-06-01,5.8702,NA,NA,NA,NA,NA,NA,NA,NA,0
1935-07-01,5.8702,NA,NA,NA,NA,NA,NA,NA,NA,0
1935-08-01,6.0856,NA,NA,NA,NA,NA,NA,NA,NA,0
1935-09-01,6.2472,NA,NA,NA,NA,NA,NA,NA,NA,0
1935-10-01,6.4357,NA,NA,NA,NA,NA,NA,NA,NA,0
1935-11-01,6.5703,NA,NA,NA,NA,NA,NA,NA,NA,0
1935-12-01,6.6511,NA,NA,NA,NA,NA,NA,NA,NA,0
1936-01-01,6.5434,NA,NA,NA,NA,NA,NA,NA,NA,0
1936-02-01,6.3818,NA,NA,NA,NA,NA,NA,NA,NA,0
1936-03-01,6.4626,NA,NA,NA,NA,NA,NA,NA,NA,0
1936-04-01,6.8665,NA,NA,NA,NA,NA,NA,NA,NA,0
1936-05-01,7.0012,NA,NA,NA,NA,NA,NA,NA,NA,0
1936-06-01,7.1358,NA,NA,NA,NA,NA,NA,NA,NA,0
1936-07-01,7.2704,NA,NA,NA,NA,NA,NA,NA,NA,0
1936-08-01,7.3781,NA,NA,NA,NA,NA,NA,NA,NA,0
1936-09-01,7.5128,NA,NA,NA,NA,NA,NA,NA,NA,0
1936-10-01,7.6205,NA,NA,NA,NA,NA,NA,NA,NA,0
1936-11-01,7.8359,NA,NA,NA,NA,NA,NA,NA,NA,0
1936-12-01,8.0783,NA,NA,NA,NA,NA,NA,NA,NA,0
1937-01-01,8.0513,NA,NA,NA,NA,NA,NA,NA,NA,0
1937-02-01,8.159,NA,NA,NA,NA,NA,NA,NA,NA,0
1937-03-01,8.3475,NA,NA,NA,NA,NA,NA,NA,NA,0
1937-04-01,8.3475,NA,NA,NA,NA,NA,NA,NA,NA,0
1937-05-01,8.3745,NA,NA,NA,NA,NA,NA,NA,NA,0
1937-06-01,8.2667,NA,NA,NA,NA,NA,NA,NA,NA,1
1937-07-01,8.3206,NA,NA,NA,NA,NA,NA,NA,NA,1
1937-08-01,8.2667,NA,NA,NA,NA,NA,NA,NA,NA,1
1937-09-01,7.9975,NA,NA,NA,NA,NA,NA,NA,NA,1
1937-10-01,7.4051,NA,NA,NA,NA,NA,NA,NA,NA,1
1937-11-01,6.678,NA,NA,NA,NA,NA,NA,NA,NA,1
1937-12-01,6.0856,NA,NA,NA,NA,NA,NA,NA,NA,1
1938-01-01,5.951,NA,NA,NA,NA,NA,NA,NA,NA,1
1938-02-01,5.8971,NA,NA,NA,NA,NA,NA,NA,NA,1
1938-03-01,5.8971,NA,NA,NA,NA,NA,NA,NA,NA,1
1938-04-01,5.7894,NA,NA,NA,NA,NA,NA,NA,NA,1
1938-05-01,5.6548,NA,NA,NA,NA,NA,NA,NA,NA,1
1938-06-01,5.7086,NA,NA,NA,NA,NA,NA,NA,NA,1
1938-07-01,6.0318,NA,NA,NA,NA,NA,NA,NA,NA,0
1938-08-01,6.3549,NA,NA,NA,NA,NA,NA,NA,NA,0
1938-09-01,6.5434,NA,NA,NA,NA,NA,NA,NA,NA,0
1938-10-01,6.705,NA,NA,NA,NA,NA,NA,NA,NA,0
1938-11-01,6.9742,NA,NA,NA,NA,NA,NA,NA,NA,0
1938-12-01,7.055,NA,NA,NA,NA,NA,NA,NA,NA,0
1939-01-01,7.055,NA,NA,NA,NA,NA,NA,NA,NA,0
1939-02-01,7.1089,NA,NA,NA,NA,NA,NA,NA,NA,0
1939-03-01,7.1358,NA,NA,NA,NA,NA,NA,NA,NA,0
1939-04-01,7.1089,NA,NA,NA,NA,NA,NA,NA,NA,0
1939-05-01,7.0819,NA,NA,NA,NA,NA,NA,NA,NA,0
1939-06-01,7.2435,NA,NA,NA,NA,NA,NA,NA,NA,0
1939-07-01,7.4589,NA,NA,NA,NA,NA,NA,NA,NA,0
1939-08-01,7.5666,NA,NA,NA,NA,NA,NA,NA,NA,0
1939-09-01,8.0244,NA,NA,NA,NA,NA,NA,NA,NA,0
1939-10-01,8.4283,NA,NA,NA,NA,NA,NA,NA,NA,0
1939-11-01,8.6437,NA,NA,NA,NA,NA,NA,NA,NA,0
1939-12-01,8.6437,NA,NA,NA,NA,NA,NA,NA,NA,0
1940-01-01,8.536,NA,NA,NA,NA,NA,NA,NA,NA,0
1940-02-01,8.2667,NA,NA,NA,NA,NA,NA,NA,NA,0
1940-03-01,8.0783,NA,NA,NA,NA,NA,NA,NA,NA,0
1940-04-01,8.2398,NA,NA,NA,NA,NA,NA,NA,NA,0
1940-05-01,8.4822,NA,NA,NA,NA,NA,NA,NA,NA,0
1940-06-01,8.7514,NA,NA,NA,NA,NA,NA,NA,NA,0
1940-07-01,8.8592,NA,NA,NA,NA,NA,NA,NA,NA,0
1940-08-01,8.913,NA,NA,NA,NA,NA,NA,NA,NA,0
1940-09-01,9.1015,NA,NA,NA,NA,NA,NA,NA,NA,0
1940-10-01,9.2361,NA,NA,NA,NA,NA,NA,NA,NA,0
1940-11-01,9.4516,NA,NA,NA,NA,NA,NA,NA,NA,0
1940-12-01,9.7747,NA,NA,NA,NA,NA,NA,NA,NA,0
1941-01-01,10.017,NA,NA,NA,NA,NA,NA,NA,NA,0
1941-02-01,10.3132,NA,NA,NA,NA,NA,NA,NA,NA,0
1941-03-01,10.6364,NA,NA,NA,NA,NA,NA,NA,NA,0
1941-04-01,10.6633,NA,NA,NA,NA,NA,NA,NA,NA,0
1941-05-01,11.148,NA,NA,NA,NA,NA,NA,NA,NA,0
1941-06-01,11.2288,NA,NA,NA,NA,NA,NA,NA,NA,0
1941-07-01,11.3634,NA,NA,NA,NA,NA,NA,NA,NA,0
1941-08-01,11.4981,NA,NA,NA,NA,NA,NA,NA,NA,0
1941-09-01,11.4981,NA,NA,NA,NA,NA,NA,NA,NA,0
1941-10-01,11.6058,NA,NA,NA,NA,NA,NA,NA,NA,0
1941-11-01,11.6596,NA,NA,NA,NA,NA,NA,NA,NA,0
1941-12-01,11.8481,NA,NA,NA,NA,NA,NA,NA,NA,0
1942-01-01,12.0905,NA,NA,NA,NA,NA,NA,NA,NA,0
1942-02-01,12.3059,NA,NA,NA,NA,NA,NA,NA,NA,0
1942-03-01,12.4405,NA,NA,NA,NA,NA,NA,NA,NA,0
1942-04-01,12.0905,NA,NA,NA,NA,NA,NA,NA,NA,0
1942-05-01,12.1174,NA,NA,NA,NA,NA,NA,NA,NA,0
1942-06-01,12.1443,NA,NA,NA,NA,NA,NA,NA,NA,0
1942-07-01,12.4405,NA,NA,NA,NA,NA,NA,NA,NA,0
1942-08-01,12.8175,NA,NA,NA,NA,NA,NA,NA,NA,0
1942-09-01,13.1137,NA,NA,NA,NA,NA,NA,NA,NA,0
1942-10-01,13.5445,NA,NA,NA,NA,NA,NA,NA,NA,0
1942-11-01,13.8677,NA,NA,NA,NA,NA,NA,NA,NA,0
1942-12-01,14.1908,NA,NA,NA,NA,NA,NA,NA,NA,0
1943-01-01,14.3255,NA,NA,NA,NA,NA,NA,NA,NA,0
1943-02-01,14.7024,NA,NA,NA,NA,NA,NA,NA,NA,0
1943-03-01,14.8102,NA,NA,NA,NA,NA,NA,NA,NA,0
1943-04-01,14.9986,NA,NA,NA,NA,NA,NA,NA,NA,0
1943-05-01,15.1063,NA,NA,NA,NA,NA,NA,NA,NA,0
1943-06-01,15.0256,NA,NA,NA,NA,NA,NA,NA,NA,0
1943-07-01,15.4833,NA,NA,NA,NA,NA,NA,NA,NA,0
1943-08-01,15.8064,NA,NA,NA,NA,NA,NA,NA,NA,0
1943-09-01,16.2104,NA,NA,NA,NA,NA,NA,NA,NA,0
1943-10-01,16.4527,NA,NA,NA,NA,NA,NA,NA,NA,0
1943-11-01,16.6681,NA,NA,NA,NA,NA,NA,NA,NA,0
1943-12-01,16.4527,NA,NA,NA,NA,NA,NA,NA,NA,0
1944-01-01,16.6412,NA,NA,NA,NA,NA,NA,NA,NA,0
1944-02-01,16.7758,NA,NA,NA,NA,NA,NA,NA,NA,0
1944-03-01,16.7489,NA,NA,NA,NA,NA,NA,NA,NA,0
1944-04-01,16.7489,NA,NA,NA,NA,NA,NA,NA,NA,0
1944-05-01,16.6412,NA,NA,NA,NA,NA,NA,NA,NA,0
1944-06-01,16.5874,NA,NA,NA,NA,NA,NA,NA,NA,0
1944-07-01,16.5604,NA,NA,NA,NA,NA,NA,NA,NA,0
1944-08-01,16.7758,NA,NA,NA,NA,NA,NA,NA,NA,0
1944-09-01,16.6681,NA,NA,NA,NA,NA,NA,NA,NA,0
1944-10-01,16.722,NA,NA,NA,NA,NA,NA,NA,NA,0
1944-11-01,16.5873,NA,NA,NA,NA,NA,NA,NA,NA,0
1944-12-01,16.5335,NA,NA,NA,NA,NA,NA,NA,NA,0
1945-01-01,16.3719,NA,NA,NA,NA,NA,NA,NA,NA,0
1945-02-01,16.3181,NA,NA,NA,NA,NA,NA,NA,NA,0
1945-03-01,16.2104,NA,NA,NA,NA,NA,NA,NA,NA,1
1945-04-01,15.9142,NA,NA,NA,NA,NA,NA,NA,NA,1
1945-05-01,15.4833,NA,NA,NA,NA,NA,NA,NA,NA,1
1945-06-01,15.1333,NA,NA,NA,NA,NA,NA,NA,NA,1
1945-07-01,14.7832,NA,NA,NA,NA,NA,NA,NA,NA,1
1945-08-01,13.2483,NA,NA,NA,NA,NA,NA,NA,NA,1
1945-09-01,12.0635,NA,NA,NA,NA,NA,NA,NA,NA,1
1945-10-01,11.5788,NA,NA,NA,NA,NA,NA,NA,NA,1
1945-11-01,12.0097,NA,NA,NA,NA,NA,NA,NA,NA,0
1945-12-01,12.0635,NA,NA,NA,NA,NA,NA,NA,NA,0
1946-01-01,11.3903,NA,NA,NA,NA,NA,NA,NA,NA,0
1946-02-01,10.8249,NA,NA,NA,NA,NA,NA,NA,NA,0
1946-03-01,11.9558,NA,NA,NA,NA,NA,NA,NA,NA,0
1946-04-01,11.7404,NA,NA,NA,NA,NA,NA,NA,NA,0
1946-05-01,11.3096,NA,NA,NA,NA,NA,NA,NA,NA,0
1946-06-01,12.0097,NA,NA,NA,NA,NA,NA,NA,NA,0
1946-07-01,12.4136,NA,NA,NA,NA,NA,NA,NA,NA,0
1946-08-01,12.8714,NA,NA,NA,NA,NA,NA,NA,NA,0
1946-09-01,13.1137,NA,NA,NA,NA,NA,NA,NA,NA,0
1946-10-01,13.356,NA,NA,NA,NA,NA,NA,NA,NA,0
1946-11-01,13.4368,NA,NA,NA,NA,NA,NA,NA,NA,0
1946-12-01,13.5176,NA,NA,NA,NA,NA,NA,NA,NA,0
1947-01-01,13.6792,21.48,NA,NA,NA,NA,NA,NA,NA,0
1947-02-01,13.76,21.62,NA,NA,NA,NA,NA,NA,NA,0
1947-03-01,13.8407,22,NA,NA,NA,NA,NA,NA,NA,0
1947-04-01,13.733,22,NA,NA,NA,NA,NA,NA,NA,0
1947-05-01,13.7869,21.95,NA,NA,NA,NA,NA,NA,NA,0
1947-06-01,13.7869,22.08,NA,NA,NA,NA,NA,NA,NA,0
1947-07-01,13.7061,22.23,NA,NA,NA,NA,NA,NA,NA,0
1947-08-01,13.7869,22.4,NA,NA,NA,NA,NA,NA,NA,0
1947-09-01,13.8946,22.84,NA,NA,NA,NA,NA,NA,NA,0
1947-10-01,14.0292,22.91,NA,NA,NA,NA,NA,NA,NA,0
1947-11-01,14.2177,23.06,NA,NA,NA,NA,NA,NA,NA,0
1947-12-01,14.2716,23.41,NA,NA,NA,NA,NA,NA,NA,0
1948-01-01,14.3524,23.68,3.4,NA,NA,NA,NA,NA,NA,0
1948-02-01,14.3793,23.67,3.8,NA,NA,NA,NA,NA,NA,0
1948-03-01,14.2177,23.5,4,NA,NA,NA,NA,NA,NA,0
1948-04-01,14.2447,23.82,3.9,NA,NA,NA,NA,NA,NA,0
1948-05-01,14.487,24.01,3.5,NA,NA,NA,NA,NA,NA,0
1948-06-01,14.6755,24.15,3.6,NA,NA,NA,NA,NA,NA,0
1948-07-01,14.6755,24.4,3.6,NA,NA,NA,NA,NA,NA,0
1948-08-01,14.6216,24.43,3.9,NA,NA,NA,NA,NA,NA,0
1948-09-01,14.5139,24.36,3.8,NA,NA,NA,NA,NA,NA,0
1948-10-01,14.6217,24.31,3.7,NA,NA,NA,NA,NA,NA,0
1948-11-01,14.4332,24.16,3.8,NA,NA,NA,NA,NA,NA,0
1948-12-01,14.2985,24.05,4,NA,NA,NA,NA,NA,NA,1
1949-01-01,14.1639,24.01,4.3,NA,NA,NA,NA,NA,NA,1
1949-02-01,14.0292,23.91,4.7,NA,NA,NA,NA,NA,NA,1
1949-03-01,13.76,23.91,5,NA,NA,NA,NA,NA,NA,1
1949-04-01,13.6792,23.92,5.3,NA,NA,NA,NA,NA,NA,1
1949-05-01,13.4907,23.91,6.1,NA,NA,NA,NA,NA,NA,1
1949-06-01,13.4638,23.92,6.2,NA,NA,NA,NA,NA,NA,1
1949-07-01,13.4368,23.7,6.7,NA,NA,NA,NA,NA,NA,1
1949-08-01,13.5715,23.7,6.8,NA,NA,NA,NA,NA,NA,1
1949-09-01,13.7061,23.75,6.6,NA,NA,NA,NA,NA,NA,1
1949-10-01,13.1945,23.67,7.9,NA,NA,NA,NA,NA,NA,1
1949-11-01,13.5446,23.7,6.4,NA,NA,NA,NA,NA,NA,0
1949-12-01,13.7869,23.61,6.6,NA,NA,NA,NA,NA,NA,0
1950-01-01,14.0292,23.51,6.5,NA,NA,NA,NA,NA,NA,0
1950-02-01,14.0831,23.61,6.4,NA,NA,NA,NA,NA,NA,0
1950-03-01,14.5409,23.64,6.3,NA,NA,NA,NA,NA,NA,0
1950-04-01,15.0255,23.65,5.8,NA,NA,NA,NA,NA,NA,0
1950-05-01,15.3756,23.77,5.5,NA,NA,NA,NA,NA,NA,0
1950-06-01,15.8334,23.88,5.4,NA,NA,NA,NA,NA,NA,0
1950-07-01,16.345,24.07,5,NA,NA,NA,NA,NA,NA,0
1950-08-01,16.8566,24.2,4.5,NA,NA,NA,NA,NA,NA,0
1950-09-01,16.7489,24.34,4.4,NA,NA,NA,NA,NA,NA,0
1950-10-01,16.8566,24.5,4.2,NA,NA,NA,NA,NA,NA,0
1950-11-01,16.8297,24.6,4.2,NA,NA,NA,NA,NA,NA,0
1950-12-01,17.1259,24.98,4.3,NA,NA,NA,NA,NA,NA,0
1951-01-01,17.1797,25.38,3.7,NA,NA,NA,NA,NA,NA,0
1951-02-01,17.2875,25.83,3.4,NA,NA,NA,NA,NA,NA,0
1951-03-01,17.3682,25.88,3.4,NA,NA,NA,NA,NA,NA,0
1951-04-01,17.3952,25.92,3.1,NA,NA,NA,NA,NA,NA,0
1951-05-01,17.3413,25.99,3,NA,NA,NA,NA,NA,NA,0
1951-06-01,17.2605,25.93,3.2,NA,NA,NA,NA,NA,NA,0
1951-07-01,16.9913,25.91,3.1,NA,NA,NA,NA,NA,NA,0
1951-08-01,16.8297,25.86,3.1,NA,NA,NA,NA,NA,NA,0
1951-09-01,16.9374,26.03,3.3,NA,NA,NA,NA,NA,NA,0
1951-10-01,16.9105,26.16,3.5,NA,NA,NA,NA,NA,NA,0
1951-11-01,17.0451,26.32,3.5,NA,NA,NA,NA,NA,NA,0
1951-12-01,17.1528,26.47,3.1,NA,NA,NA,NA,NA,NA,0
1952-01-01,17.3413,26.45,3.2,NA,NA,NA,NA,NA,NA,0
1952-02-01,17.449,26.41,3.1,NA,NA,NA,NA,NA,NA,0
1952-03-01,17.5029,26.39,2.9,NA,NA,NA,NA,NA,NA,0
1952-04-01,17.3413,26.46,2.9,NA,NA,NA,NA,NA,NA,0
1952-05-01,17.1798,26.47,3,NA,NA,NA,NA,NA,NA,0
1952-06-01,17.0182,26.53,3,NA,NA,NA,NA,NA,NA,0
1952-07-01,16.7489,26.68,3.2,NA,NA,NA,NA,NA,NA,0
1952-08-01,17.826,26.69,3.4,NA,NA,NA,NA,NA,NA,0
1952-09-01,18.4723,26.63,3.1,NA,NA,NA,NA,NA,NA,0
1952-10-01,18.6608,26.69,3,NA,NA,NA,NA,NA,NA,0
1952-11-01,19.0378,26.69,2.8,NA,NA,NA,NA,NA,NA,0
1952-12-01,19.1455,26.71,2.7,NA,NA,NA,NA,NA,NA,0
1953-01-01,19.1993,26.64,2.9,NA,NA,NA,NA,NA,NA,0
1953-02-01,19.307,26.59,2.6,NA,NA,NA,NA,NA,NA,0
1953-03-01,19.4686,26.63,2.6,NA,NA,NA,NA,NA,NA,0
1953-04-01,19.5494,26.69,2.7,NA,2.83,NA,NA,NA,NA,0
1953-05-01,19.6571,26.7,2.5,NA,3.05,NA,NA,NA,NA,0
1953-06-01,19.5763,26.77,2.5,NA,3.11,NA,NA,NA,NA,0
1953-07-01,19.8187,26.79,2.6,NA,2.93,NA,NA,NA,NA,0
1953-08-01,19.7109,26.85,2.7,NA,2.95,NA,NA,NA,NA,1
1953-09-01,19.307,26.89,2.9,NA,2.87,NA,NA,NA,NA,1
1953-10-01,19.1455,26.95,3.1,NA,2.66,NA,NA,NA,NA,1
1953-11-01,18.6877,26.85,3.5,NA,2.68,NA,NA,NA,NA,1
1953-12-01,18.2299,26.87,4.5,NA,2.59,NA,NA,NA,NA,1
1954-01-01,18.0953,26.94,4.9,NA,2.48,NA,NA,NA,NA,1
1954-02-01,18.1492,26.99,5.2,NA,2.47,NA,NA,NA,NA,1
1954-03-01,18.0414,26.93,5.7,NA,2.37,NA,NA,NA,NA,1
1954-04-01,17.9337,26.86,5.9,NA,2.29,NA,NA,NA,NA,1
1954-05-01,18.0414,26.93,5.9,NA,2.37,NA,NA,NA,NA,1
1954-06-01,18.0953,26.94,5.6,NA,2.38,NA,NA,NA,NA,0
1954-07-01,18.1222,26.86,5.8,0.8,2.3,NA,NA,NA,NA,0
1954-08-01,18.0953,26.85,6,1.22,2.36,NA,NA,NA,NA,0
1954-09-01,18.1222,26.81,6.1,1.07,2.38,NA,NA,NA,NA,0
1954-10-01,18.3377,26.72,5.7,0.85,2.43,NA,NA,NA,NA,0
1954-11-01,18.6338,26.78,5.3,0.83,2.48,NA,NA,NA,NA,0
1954-12-01,18.8762,26.77,5,1.28,2.51,NA,NA,NA,NA,0
1955-01-01,19.307,26.77,4.9,1.39,2.61,NA,NA,NA,NA,0
1955-02-01,19.5494,26.82,4.7,1.29,2.65,NA,NA,NA,NA,0
1955-03-01,20.0071,26.79,4.6,1.35,2.68,NA,NA,NA,NA,0
1955-04-01,20.2495,26.79,4.7,1.43,2.75,NA,NA,NA,NA,0
1955-05-01,20.5726,26.77,4.3,1.43,2.76,NA,NA,NA,NA,0
1955-06-01,20.5996,26.71,4.2,1.64,2.78,NA,NA,NA,NA,0
1955-07-01,20.7611,26.76,4,1.68,2.9,NA,NA,NA,NA,0
1955-08-01,20.7342,26.72,4.2,1.96,2.97,NA,NA,NA,NA,0
1955-09-01,20.8688,26.85,4.1,2.18,2.97,NA,NA,NA,NA,0
1955-10-01,21.2189,26.82,4.3,2.24,2.88,NA,NA,NA,NA,0
1955-11-01,21.2727,26.88,4.2,2.35,2.89,NA,NA,NA,NA,0
1955-12-01,21.3535,26.87,4.2,2.48,2.96,NA,NA,NA,NA,0
1956-01-01,21.4882,26.83,4,2.45,2.9,NA,NA,NA,NA,0
1956-02-01,21.2997,26.86,3.9,2.5,2.84,NA,NA,NA,NA,0
1956-03-01,21.2997,26.89,4.2,2.5,2.96,NA,NA,NA,NA,0
1956-04-01,21.4612,26.93,4,2.62,3.18,NA,NA,NA,NA,0
1956-05-01,21.2728,27.03,4.3,2.75,3.07,NA,NA,NA,NA,0
1956-06-01,21.0843,27.15,4.3,2.71,3,NA,NA,NA,NA,0
1956-07-01,20.438,27.29,4.4,2.75,3.11,NA,NA,NA,NA,0
1956-08-01,21.2727,27.31,4.1,2.73,3.33,NA,NA,NA,NA,0
1956-09-01,21.7574,27.35,3.9,2.95,3.38,NA,NA,NA,NA,0
1956-10-01,21.9459,27.51,3.9,2.96,3.34,NA,NA,NA,NA,0
1956-11-01,21.7574,27.51,4.3,2.88,3.49,NA,NA,NA,NA,0
1956-12-01,22.0806,27.63,4.2,2.94,3.59,NA,NA,NA,NA,0
1957-01-01,21.9998,27.67,4.2,2.84,3.46,NA,NA,NA,NA,0
1957-02-01,22.2152,27.8,3.9,3,3.34,NA,NA,NA,NA,0
1957-03-01,22.1883,27.86,3.7,2.96,3.41,NA,NA,NA,NA,0
1957-04-01,21.8921,27.93,3.9,3,3.48,NA,NA,NA,NA,0
1957-05-01,21.8113,28,4.1,3,3.6,NA,NA,NA,NA,0
1957-06-01,21.8652,28.11,4.3,3,3.8,NA,NA,NA,NA,0
1957-07-01,21.9998,28.19,4.2,2.99,3.93,NA,NA,NA,NA,0
1957-08-01,21.9998,28.28,4.1,3.24,3.93,NA,NA,NA,NA,0
1957-09-01,21.8113,28.32,4.4,3.47,3.92,NA,NA,NA,NA,1
1957-10-01,21.4882,28.32,4.5,3.5,3.97,NA,NA,NA,NA,1
1957-11-01,20.9765,28.41,5.1,3.28,3.72,NA,NA,NA,NA,1
1957-12-01,20.5726,28.47,5.2,2.98,3.21,NA,NA,NA,NA,1
1958-01-01,20.1956,28.64,5.8,2.72,3.09,NA,NA,NA,NA,1
1958-02-01,19.7648,28.7,6.4,1.67,3.05,NA,NA,NA,NA,1
1958-03-01,19.5225,28.87,6.7,1.2,2.98,NA,NA,NA,NA,1
1958-04-01,19.1993,28.94,7.4,1.26,2.88,NA,NA,NA,NA,1
1958-05-01,19.3878,28.94,7.4,0.63,2.92,NA,NA,NA,NA,0
1958-06-01,19.8994,28.91,7.3,0.93,2.97,NA,NA,NA,NA,0
1958-07-01,20.1956,28.89,7.5,0.68,3.2,NA,NA,NA,NA,0
1958-08-01,20.5995,28.94,7.4,1.53,3.54,NA,NA,NA,NA,0
1958-09-01,20.7881,28.91,7.1,1.76,3.76,NA,NA,NA,NA,0
1958-10-01,21.0304,28.91,6.7,1.8,3.8,NA,NA,NA,NA,0
1958-11-01,21.6497,28.95,6.2,2.27,3.74,NA,NA,NA,NA,0
1958-12-01,21.6767,28.97,6.2,2.42,3.86,NA,NA,NA,NA,0
1959-01-01,21.9998,29.01,6,2.48,4.02,NA,NA,1657,NA,0
1959-02-01,22.4306,29,5.9,2.43,3.96,NA,NA,1667,NA,0
1959-03-01,22.7538,28.97,5.6,2.8,3.99,NA,NA,1620,NA,0
1959-04-01,23.2384,28.98,5.2,2.96,4.12,NA,NA,1590,NA,0
1959-05-01,23.5885,29.04,5.1,2.9,4.31,NA,NA,1498,NA,0
1959-06-01,23.6155,29.11,5,3.39,4.34,NA,NA,1503,NA,0
1959-07-01,23.05,29.15,5.1,3.47,4.4,NA,NA,1547,NA,0
1959-08-01,22.2691,29.18,5.2,3.5,4.43,NA,NA,1430,NA,0
1959-09-01,22.2421,29.25,5.5,3.76,4.68,NA,NA,1540,NA,0
1959-10-01,22.0806,29.35,5.7,3.98,4.53,NA,NA,1355,NA,0
1959-11-01,22.2152,29.35,5.8,4,4.53,NA,NA,1416,NA,0
1959-12-01,23.5885,29.41,5.3,3.99,4.69,NA,NA,1601,NA,0
1960-01-01,24.2078,29.37,5.2,3.99,4.72,NA,NA,1460,NA,0
1960-02-01,23.9924,29.41,4.8,3.97,4.49,NA,NA,1503,NA,0
1960-03-01,23.777,29.41,5.4,3.84,4.25,NA,NA,1109,NA,0
1960-04-01,23.5885,29.54,5.2,3.92,4.28,NA,NA,1289,NA,0
1960-05-01,23.5616,29.57,5.1,3.85,4.35,NA,NA,1271,NA,1
1960-06-01,23.2654,29.61,5.4,3.32,4.15,NA,NA,1247,NA,1
1960-07-01,23.1846,29.55,5.5,3.23,3.9,NA,NA,1197,NA,1
1960-08-01,23.1577,29.61,5.6,2.98,3.8,NA,NA,1344,NA,1
1960-09-01,22.9153,29.61,5.5,2.6,3.8,NA,NA,1097,NA,1
1960-10-01,22.8884,29.75,6.1,2.47,3.89,NA,NA,1246,NA,1
1960-11-01,22.5653,29.78,6.1,2.44,3.93,NA,NA,1246,NA,1
1960-12-01,22.1344,29.81,6.6,1.98,3.84,NA,NA,1063,NA,1
1961-01-01,22.1613,29.84,6.6,1.45,3.84,NA,NA,1183,NA,1
1961-02-01,22.1344,29.84,6.9,2.54,3.78,NA,NA,1226,NA,1
1961-03-01,22.2691,29.84,6.9,2.02,3.74,NA,NA,1312,NA,0
1961-04-01,22.7268,29.81,7,1.49,3.78,NA,NA,1166,NA,0
1961-05-01,23.0769,29.84,7.1,1.98,3.71,NA,NA,1228,NA,0
1961-06-01,23.4,29.84,6.9,1.73,3.88,NA,NA,1382,NA,0
1961-07-01,23.6693,29.92,7,1.17,3.92,NA,NA,1335,NA,0
1961-08-01,23.8847,29.94,6.6,2,4.04,NA,NA,1312,NA,0
1961-09-01,23.8578,29.98,6.7,1.88,3.98,NA,NA,1429,NA,0
1961-10-01,24.3156,29.98,6.5,2.26,3.92,NA,NA,1415,NA,0
1961-11-01,24.6926,29.98,6.1,2.61,3.94,NA,NA,1385,NA,0
1961-12-01,24.908,30.01,6,2.33,4.06,NA,NA,1365,NA,0
1962-01-01,24.6925,30.04,5.8,2.15,4.08,NA,NA,1361,NA,0
1962-02-01,25.0964,30.11,5.5,2.37,4.04,NA,NA,1278,NA,0
1962-03-01,25.2311,30.17,5.6,2.85,3.93,NA,NA,1443,NA,0
1962-04-01,25.285,30.21,5.6,2.78,3.84,NA,NA,1524,NA,0
1962-05-01,25.258,30.24,5.5,2.36,3.87,NA,NA,1483,NA,0
1962-06-01,25.2042,30.21,5.5,2.68,3.91,NA,NA,1404,NA,0
1962-07-01,25.4465,30.22,5.4,2.71,4.01,NA,NA,1450,NA,0
1962-08-01,25.4734,30.28,5.7,2.93,3.98,NA,NA,1517,NA,0
1962-09-01,25.635,30.42,5.6,2.9,3.98,NA,NA,1324,NA,0
1962-10-01,25.6619,30.38,5.4,2.9,3.93,NA,NA,1533,NA,0
1962-11-01,25.7696,30.38,5.7,2.94,3.92,NA,NA,1622,NA,0
1962-12-01,25.7696,30.38,5.5,2.93,3.86,NA,NA,1564,NA,0
1963-01-01,25.9581,30.44,5.7,2.92,3.83,NA,NA,1244,NA,0
1963-02-01,26.2544,30.48,5.9,3,3.92,NA,NA,1456,NA,0
1963-03-01,26.4159,30.51,5.7,2.98,3.93,NA,NA,1534,NA,0
1963-04-01,26.6582,30.48,5.7,2.9,3.97,NA,NA,1689,NA,0
1963-05-01,26.9814,30.51,5.9,3,3.93,NA,NA,1641,NA,0
1963-06-01,27.0622,30.61,5.6,2.99,3.99,NA,NA,1588,NA,0
1963-07-01,26.9545,30.69,5.6,3.02,4.02,NA,NA,1614,NA,0
1963-08-01,27.0083,30.75,5.4,3.49,4,NA,NA,1639,NA,0
1963-09-01,27.2776,30.72,5.5,3.48,4.08,NA,NA,1763,NA,0
1963-10-01,27.4661,30.75,5.5,3.5,4.11,NA,NA,1779,NA,0
1963-11-01,27.6007,30.78,5.7,3.48,4.12,NA,NA,1622,NA,0
1963-12-01,27.5469,30.88,5.5,3.38,4.13,NA,NA,1491,NA,0
1964-01-01,27.7892,30.94,5.6,3.48,4.17,NA,NA,1603,NA,0
1964-02-01,27.9777,30.91,5.4,3.48,4.15,NA,NA,1820,NA,0
1964-03-01,27.9777,30.94,5.4,3.43,4.22,NA,NA,1517,NA,0
1964-04-01,28.4355,30.95,5.3,3.47,4.23,NA,NA,1448,NA,0
1964-05-01,28.597,30.98,5.1,3.5,4.2,NA,NA,1467,NA,0
1964-06-01,28.6778,31.01,5.2,3.5,4.17,NA,NA,1550,NA,0
1964-07-01,28.8663,31.02,4.9,3.42,4.19,NA,NA,1562,NA,0
1964-08-01,29.0548,31.05,5,3.5,4.19,NA,NA,1569,NA,0
1964-09-01,29.1625,31.08,5.1,3.45,4.2,NA,NA,1455,NA,0
1964-10-01,28.7586,31.12,5.1,3.36,4.19,NA,NA,1524,NA,0
1964-11-01,29.6472,31.21,4.8,3.52,4.15,NA,NA,1486,NA,0
1964-12-01,29.9973,31.25,5,3.85,4.18,NA,NA,1484,NA,0
1965-01-01,30.3204,31.28,4.9,3.9,4.19,NA,NA,1361,NA,0
1965-02-01,30.5089,31.28,5.1,3.98,4.21,NA,NA,1433,NA,0
1965-03-01,30.9128,31.31,4.7,4.05,4.21,NA,NA,1423,NA,0
1965-04-01,31.0474,31.38,4.8,4.09,4.2,NA,NA,1438,NA,0
1965-05-01,31.2898,31.48,4.6,4.1,4.21,NA,NA,1478,NA,0
1965-06-01,31.5321,31.61,4.6,4.05,4.21,NA,NA,1488,NA,0
1965-07-01,31.8283,31.58,4.4,4.09,4.2,NA,NA,1529,NA,0
1965-08-01,31.963,31.55,4.4,4.12,4.25,NA,NA,1432,NA,0
1965-09-01,32.0438,31.62,4.3,4.02,4.29,NA,NA,1482,NA,0
1965-10-01,32.3669,31.65,4.2,4.08,4.35,NA,NA,1452,NA,0
1965-11-01,32.5015,31.75,4.1,4.1,4.45,NA,NA,1460,NA,0
1965-12-01,32.9054,31.85,4,4.32,4.62,NA,NA,1656,NA,0
1966-01-01,33.2286,31.88,4,4.42,4.61,NA,NA,1370,NA,0
1966-02-01,33.444,32.08,3.8,4.6,4.83,NA,NA,1378,NA,0
1966-03-01,33.9018,32.18,3.8,4.66,4.87,NA,NA,1394,NA,0
1966-04-01,33.9556,32.28,3.8,4.67,4.75,NA,NA,1352,NA,0
1966-05-01,34.2787,32.35,3.9,4.9,4.78,NA,NA,1265,NA,0
1966-06-01,34.4403,32.38,3.8,5.17,4.81,NA,NA,1194,NA,0
1966-07-01,34.6288,32.45,3.8,5.3,5.02,NA,NA,1086,NA,0
1966-08-01,34.6557,32.65,3.8,5.53,5.22,NA,NA,1119,NA,0
1966-09-01,34.9789,32.75,3.7,5.4,5.18,NA,NA,1046,NA,0
1966-10-01,35.2212,32.85,3.7,5.53,5.01,NA,NA,843,NA,0
1966-11-01,34.9788,32.88,3.6,5.76,5.16,NA,NA,961,NA,0
1966-12-01,35.0596,32.92,3.8,5.4,4.84,NA,NA,990,NA,0
1967-01-01,35.225,32.9,3.9,4.94,4.58,NA,NA,1067,NA,0
1967-02-01,34.8255,33,3.8,5,4.63,NA,NA,1123,NA,0
1967-03-01,34.6292,33,3.8,4.53,4.54,NA,NA,1056,NA,0
1967-04-01,34.9558,33.1,3.8,4.05,4.59,NA,NA,1091,NA,0
1967-05-01,34.6508,33.1,3.8,3.94,4.85,NA,NA,1304,NA,0
1967-06-01,34.6465,33.3,3.9,3.98,5.02,NA,NA,1248,NA,0
1967-07-01,34.5676,33.4,3.8,3.79,5.16,NA,NA,1364,NA,0
1967-08-01,35.2299,33.5,3.8,3.9,5.28,NA,NA,1407,NA,0
1967-09-01,35.1727,33.6,3.8,3.99,5.3,NA,NA,1421,NA,0
1967-10-01,35.4591,33.7,4,3.88,5.48,NA,NA,1491,NA,0
1967-11-01,35.9663,33.9,3.9,4.13,5.75,NA,NA,1538,NA,0
1967-12-01,36.3536,34,3.8,4.51,5.7,NA,NA,1308,NA,0
1968-01-01,36.3145,34.1,3.7,4.61,5.53,NA,NA,1380,NA,0
1968-02-01,36.4446,34.2,3.8,4.71,5.56,NA,NA,1520,NA,0
1968-03-01,36.5584,34.3,3.7,5.05,5.74,NA,NA,1466,NA,0
1968-04-01,36.6113,34.4,3.5,5.76,5.64,NA,NA,1554,NA,0
1968-05-01,37.022,34.5,3.5,6.12,5.87,NA,NA,1408,NA,0
1968-06-01,37.158,34.7,3.7,6.07,5.72,NA,NA,1405,NA,0
1968-07-01,37.101,34.9,3.7,6.03,5.5,NA,NA,1512,NA,0
1968-08-01,37.2045,35,3.5,6.03,5.42,NA,NA,1495,NA,0
1968-09-01,37.3454,35.1,3.4,5.78,5.46,NA,NA,1556,NA,0
1968-10-01,37.4196,35.3,3.4,5.91,5.58,NA,NA,1569,NA,0
1968-11-01,37.9036,35.4,3.4,5.82,5.7,NA,NA,1630,NA,0
1968-12-01,38.0233,35.6,3.4,6.02,6.03,NA,NA,1548,NA,0
1969-01-01,38.2533,35.7,3.4,6.3,6.04,NA,NA,1769,NA,0
1969-02-01,38.4981,35.8,3.4,6.61,6.19,NA,NA,1705,NA,0
1969-03-01,38.8,36.1,3.4,6.79,6.3,NA,NA,1561,NA,0
1969-04-01,38.6573,36.3,3.4,7.41,6.17,NA,NA,1524,NA,0
1969-05-01,38.5111,36.4,3.4,8.67,6.32,NA,NA,1583,NA,0
1969-06-01,38.8874,36.6,3.5,8.9,6.57,NA,NA,1528,NA,0
1969-07-01,39.0927,36.8,3.5,8.61,6.72,NA,NA,1368,NA,0
1969-08-01,39.1825,36.9,3.5,9.19,6.69,NA,NA,1358,NA,0
1969-09-01,39.1737,37.1,3.7,9.15,7.16,NA,NA,1507,NA,0
1969-10-01,39.1852,37.3,3.7,9,7.1,NA,NA,1381,NA,0
1969-11-01,38.8158,37.5,3.5,8.85,7.14,NA,NA,1229,NA,0
1969-12-01,38.7116,37.7,3.5,8.97,7.65,NA,NA,1327,NA,0
1970-01-01,37.9948,37.9,3.9,8.98,7.79,NA,NA,1085,NA,1
1970-02-01,37.9698,38.1,4.2,8.98,7.24,NA,NA,1305,NA,1
1970-03-01,37.9205,38.3,4.4,7.76,7.07,NA,NA,1319,NA,1
1970-04-01,37.823,38.5,4.6,8.1,7.39,NA,NA,1264,NA,1
1970-05-01,37.7789,38.6,4.8,7.95,7.91,NA,NA,1290,NA,1
1970-06-01,37.6567,38.8,4.9,7.61,7.84,NA,NA,1385,NA,1
1970-07-01,37.7491,38.9,5,7.21,7.46,NA,NA,1517,NA,1
1970-08-01,37.6818,39,5.1,6.62,7.53,NA,NA,1399,NA,1
1970-09-01,37.4221,39.2,5.4,6.29,7.39,NA,NA,1534,NA,1
1970-10-01,36.6735,39.4,5.5,6.2,7.33,NA,NA,1580,NA,1
1970-11-01,36.4514,39.6,5.9,5.6,6.84,NA,NA,1647,NA,1
1970-12-01,37.2885,39.8,6.1,4.9,6.39,NA,NA,1893,NA,0
1971-01-01,37.5753,39.9,5.9,4.14,6.24,NA,NA,1828,NA,0
1971-02-01,37.5037,39.9,5.9,3.72,6.11,NA,NA,1741,NA,0
1971-03-01,37.4631,40,6,3.71,5.7,NA,NA,1910,NA,0
1971-04-01,37.6735,40.1,5.9,4.16,5.83,NA,NA,1986,NA,0
1971-05-01,37.8646,40.3,5.9,4.63,6.39,NA,NA,2049,NA,0
1971-06-01,38.0234,40.5,5.9,4.91,6.52,NA,NA,2026,NA,0
1971-07-01,37.9131,40.6,6,5.31,6.73,NA,NA,2083,NA,0
1971-08-01,37.693,40.7,6.1,5.57,6.58,NA,NA,2158,NA,0
1971-09-01,38.3056,40.8,6,5.55,6.14,NA,NA,2041,NA,0
1971-10-01,38.5924,40.9,5.8,5.2,5.93,NA,NA,2128,NA,0
1971-11-01,38.7561,41,6,4.91,5.81,NA,NA,2182,NA,0
1971-12-01,39.2035,41.1,6,4.14,5.93,NA,NA,2295,NA,0
1972-01-01,40.1408,41.2,5.8,3.51,5.95,NA,NA,2494,NA,0
1972-02-01,40.5459,41.4,5.7,3.3,6.08,NA,NA,2390,NA,0
1972-03-01,40.8263,41.4,5.8,3.83,6.07,NA,NA,2334,NA,0
1972-04-01,41.2348,41.5,5.7,4.17,6.19,NA,NA,2249,NA,0
1972-05-01,41.2405,41.6,5.7,4.27,6.13,NA,NA,2221,NA,0
1972-06-01,41.3497,41.7,5.7,4.46,6.11,NA,NA,2254,NA,0
1972-07-01,41.3035,41.8,5.6,4.55,6.11,NA,NA,2252,NA,0
1972-08-01,41.879,41.9,5.6,4.81,6.21,NA,NA,2382,NA,0
1972-09-01,42.2132,42.1,5.5,4.87,6.55,NA,NA,2481,NA,0
1972-10-01,42.7494,42.2,5.6,5.05,6.48,NA,NA,2485,NA,0
1972-11-01,43.2548,42.4,5.3,5.06,6.28,NA,NA,2421,NA,0
1972-12-01,43.7367,42.5,5.2,5.33,6.36,NA,NA,2366,NA,0
1973-01-01,44.0529,42.7,4.9,5.94,6.46,NA,NA,2481,NA,0
1973-02-01,44.6827,43,5,6.58,6.64,NA,NA,2289,NA,0
1973-03-01,44.7045,43.4,4.9,7.09,6.71,NA,NA,2365,NA,0
1973-04-01,44.6387,43.7,5,7.12,6.67,NA,NA,2084,NA,0
1973-05-01,44.9429,43.9,4.9,7.84,6.85,NA,NA,2266,NA,0
1973-06-01,45.0035,44.2,4.9,8.49,6.9,NA,NA,2067,NA,0
1973-07-01,45.1636,44.2,4.8,10.4,7.13,NA,NA,2123,NA,0
1973-08-01,45.1019,45,4.8,10.5,7.4,NA,NA,2051,NA,0
1973-09-01,45.4624,45.2,4.8,10.78,7.09,NA,NA,1874,NA,0
1973-10-01,45.847,45.6,4.6,10.01,6.79,NA,NA,1677,NA,0
1973-11-01,46.0553,45.9,4.8,10.03,6.73,NA,NA,1724,NA,0
1973-12-01,45.923,46.3,4.9,9.95,6.74,NA,NA,1526,NA,1
1974-01-01,45.6204,46.8,5.1,9.65,6.99,NA,NA,1451,NA,1
1974-02-01,45.4759,47.3,5.2,8.97,6.96,NA,NA,1752,NA,1
1974-03-01,45.4777,47.8,5.1,9.35,7.21,NA,NA,1555,NA,1
1974-04-01,45.3451,48.1,5.1,10.51,7.51,NA,NA,1607,NA,1
1974-05-01,45.7044,48.6,5.1,11.31,7.58,NA,NA,1426,NA,1
1974-06-01,45.6238,49,5.4,11.93,7.54,NA,NA,1513,NA,1
1974-07-01,45.7221,49.3,5.5,12.92,7.81,NA,NA,1316,NA,1
1974-08-01,45.2366,49.9,5.5,12.01,8.04,NA,NA,1142,NA,1
1974-09-01,45.2365,50.6,5.9,11.34,8.04,NA,NA,1150,NA,1
1974-10-01,45.1133,51,6,10.06,7.9,NA,NA,1070,NA,1
1974-11-01,43.6278,51.5,6.6,9.45,7.68,NA,NA,1026,NA,1
1974-12-01,42.0533,51.9,7.2,8.53,7.43,NA,NA,975,NA,1
1975-01-01,41.4676,52.3,8.1,7.13,7.5,NA,NA,1032,NA,1
1975-02-01,40.5165,52.6,8.1,6.24,7.39,NA,NA,904,NA,1
1975-03-01,40.0638,52.8,8.6,5.54,7.73,NA,NA,993,NA,1
1975-04-01,40.1573,53,8.8,5.49,8.23,NA,NA,1005,NA,0
1975-05-01,40.0253,53.1,9,5.22,8.06,NA,NA,1121,NA,0
1975-06-01,40.2772,53.5,8.8,5.55,7.86,NA,NA,1087,NA,0
1975-07-01,40.6994,54,8.6,6.1,8.06,NA,NA,1226,NA,0
1975-08-01,41.0998,54.2,8.4,6.14,8.4,NA,NA,1260,NA,0
1975-09-01,41.6304,54.6,8.4,6.24,8.43,NA,NA,1264,NA,0
1975-10-01,41.8135,54.9,8.4,5.82,8.14,NA,NA,1344,NA,0
1975-11-01,41.8697,55.3,8.3,5.22,8.05,NA,NA,1360,NA,0
1975-12-01,42.4414,55.6,8.2,5.2,8,NA,NA,1321,NA,0
1976-01-01,43.0012,55.8,7.9,4.87,7.74,NA,NA,1367,NA,0
1976-02-01,43.4229,55.9,7.7,4.77,7.79,NA,NA,1538,NA,0
1976-03-01,43.5168,56,7.6,4.84,7.73,NA,NA,1421,NA,0
1976-04-01,43.7327,56.1,7.7,4.82,7.56,NA,NA,1395,NA,0
1976-05-01,43.9186,56.4,7.4,5.29,7.9,NA,NA,1459,NA,0
1976-06-01,43.9637,56.7,7.6,5.48,7.86,7.06,NA,1495,NA,0
1976-07-01,44.2141,57,7.8,5.31,7.83,6.85,NA,1401,NA,0
1976-08-01,44.5182,57.3,7.8,5.29,7.77,6.63,NA,1550,NA,0
1976-09-01,44.6721,57.6,7.6,5.25,7.59,6.42,NA,1720,NA,0
1976-10-01,44.6585,57.9,7.7,5.02,7.41,5.98,NA,1629,NA,0
1976-11-01,45.3392,58.1,7.8,4.95,7.29,5.81,NA,1641,NA,0
1976-12-01,45.8294,58.4,7.8,4.65,6.87,5.38,NA,1804,NA,0
1977-01-01,45.5087,58.7,7.5,4.61,7.21,5.9,NA,1527,NA,0
1977-02-01,46.2277,59.3,7.6,4.68,7.39,6.09,NA,1943,NA,0
1977-03-01,46.8185,59.6,7.4,4.69,7.46,6.09,NA,2063,NA,0
1977-04-01,47.2684,60,7.2,4.73,7.37,5.96,NA,1892,NA,0
1977-05-01,47.6411,60.2,7,5.35,7.46,6.25,NA,1971,NA,0
1977-06-01,48.0116,60.5,7.2,5.39,7.28,6.13,NA,1893,NA,0
1977-07-01,48.073,60.8,6.9,5.42,7.33,6.27,NA,2058,NA,0
1977-08-01,48.1205,61.1,7,5.9,7.4,6.61,NA,2020,NA,0
1977-09-01,48.3189,61.3,6.8,6.14,7.34,6.71,NA,1949,NA,0
1977-10-01,48.3871,61.6,6.8,6.47,7.52,7.11,NA,2042,NA,0
1977-11-01,48.4761,62,6.8,6.51,7.58,7.14,NA,2042,NA,0
1977-12-01,48.5629,62.3,6.4,6.56,7.69,7.18,NA,2142,NA,0
1978-01-01,47.8481,62.7,6.4,6.7,7.96,7.49,NA,1718,NA,0
1978-02-01,48.1044,63,6.3,6.78,8.03,7.57,NA,1738,NA,0
1978-03-01,49.0265,63.4,6.3,6.79,8.04,7.58,NA,2032,NA,0
1978-04-01,50.0206,63.9,6.1,6.89,8.15,7.74,NA,2197,NA,0
1978-05-01,50.254,64.5,6,7.36,8.35,8.01,NA,2075,NA,0
1978-06-01,50.5801,65,5.9,7.6,8.46,8.24,NA,2070,NA,0
1978-07-01,50.5384,65.5,6.2,7.81,8.64,8.49,NA,2092,NA,0
1978-08-01,50.7458,65.9,5.9,8.04,8.41,8.37,NA,1996,NA,0
1978-09-01,50.8744,66.5,6,8.45,8.42,8.57,NA,1970,NA,0
1978-10-01,51.2559,67.1,5.8,8.96,8.64,8.85,NA,1981,NA,0
1978-11-01,51.6514,67.5,5.9,9.76,8.81,9.42,NA,2094,NA,0
1978-12-01,51.909,67.9,6,10.03,9.01,9.72,NA,2044,NA,0
1979-01-01,51.6278,68.5,5.9,10.07,9.1,9.86,NA,1630,NA,0
1979-02-01,51.8752,69.2,5.9,10.06,9.1,9.72,NA,1520,NA,0
1979-03-01,52.0446,69.9,5.8,10.09,9.12,9.79,NA,1847,NA,0
1979-04-01,51.4193,70.6,5.8,10.01,9.18,9.78,NA,1748,NA,0
1979-05-01,51.8856,71.4,5.6,10.24,9.25,9.78,NA,1876,NA,0
1979-06-01,51.8965,72.2,5.7,10.29,8.91,9.22,NA,1913,NA,0
1979-07-01,51.8097,73,5.7,10.47,8.95,9.14,NA,1760,NA,0
1979-08-01,51.4684,73.7,6,10.94,9.03,9.46,NA,1778,NA,0
1979-09-01,51.4597,74.4,5.9,11.43,9.33,10.06,NA,1832,NA,0
1979-10-01,51.8334,75.2,6,13.77,10.3,11.49,NA,1681,NA,0
1979-11-01,51.7531,76,5.9,13.18,10.65,11.81,NA,1524,NA,0
1979-12-01,51.7878,76.9,6,13.78,10.39,11.39,NA,1498,NA,0
1980-01-01,52.0679,78,6.3,13.82,10.8,11.5,NA,1341,NA,0
1980-02-01,52.082,79,6.3,14.13,12.41,13.42,NA,1350,NA,1
1980-03-01,51.87,80.1,6.3,17.19,12.75,14.88,NA,1047,NA,1
1980-04-01,50.8397,80.9,6.9,17.61,11.47,12.5,NA,1051,NA,1
1980-05-01,49.589,81.7,7.5,10.98,10.18,9.45,NA,927,NA,1
1980-06-01,48.9482,82.5,7.6,9.47,9.78,8.73,NA,1196,NA,1
1980-07-01,48.6039,82.6,7.8,9.03,10.25,9.03,NA,1269,NA,1
1980-08-01,48.7563,83.2,7.7,9.61,11.1,10.53,NA,1436,NA,0
1980-09-01,49.5608,83.9,7.5,10.87,11.51,11.57,NA,1471,NA,0
1980-10-01,50.1908,84.7,7.5,12.81,11.75,12.09,NA,1523,NA,0
1980-11-01,51.0311,85.6,7.5,15.85,12.68,13.51,NA,1510,NA,0
1980-12-01,51.3708,86.4,7.2,18.9,12.84,14.08,NA,1482,NA,0
1981-01-01,51.0415,87.2,7.5,19.08,12.57,13.26,NA,1547,NA,0
1981-02-01,50.824,88,7.4,15.93,13.19,13.92,NA,1246,NA,0
1981-03-01,51.0826,88.6,7.4,14.7,13.12,13.57,NA,1306,NA,0
1981-04-01,50.858,89.1,7.2,15.72,13.68,14.15,NA,1360,NA,0
1981-05-01,51.1495,89.7,7.5,18.52,14.1,15.46,NA,1140,NA,0
1981-06-01,51.4101,90.5,7.5,19.1,13.47,14.51,NA,1045,NA,0
1981-07-01,51.7471,91.5,7.2,19.04,14.28,15.35,NA,1041,NA,0
1981-08-01,51.6826,92.2,7.4,17.82,14.94,16.28,NA,940,NA,1
1981-09-01,51.4337,93.1,7.6,15.87,15.32,16.46,NA,911,NA,1
1981-10-01,51.0281,93.4,7.9,15.08,15.15,15.54,NA,873,NA,1
1981-11-01,50.435,93.8,8.3,13.31,13.39,12.88,NA,837,NA,1
1981-12-01,49.8987,94.1,8.5,12.37,13.72,13.29,NA,910,NA,1
1982-01-01,48.8685,94.4,8.6,13.22,14.59,14.57,NA,843,NA,1
1982-02-01,49.8636,94.7,8.9,14.78,14.43,14.82,NA,866,NA,1
1982-03-01,49.5323,94.7,9,14.68,13.86,14.19,NA,931,NA,1
1982-04-01,49.075,95,9.3,14.94,13.87,14.2,NA,917,NA,1
1982-05-01,48.7483,95.9,9.4,14.45,13.62,13.78,NA,1025,NA,1
1982-06-01,48.6214,97,9.6,14.15,14.3,14.47,NA,902,NA,1
1982-07-01,48.4616,97.5,9.8,12.59,13.95,13.8,NA,1166,NA,1
1982-08-01,48.0192,97.7,9.8,10.12,13.06,12.32,NA,1046,NA,1
1982-09-01,47.9008,97.7,10.1,10.31,12.34,11.78,NA,1144,NA,1
1982-10-01,47.4371,98.1,10.4,9.71,10.91,10.19,NA,1173,NA,1
1982-11-01,47.283,98,10.8,9.2,10.55,9.8,NA,1372,NA,1
1982-12-01,46.9485,97.7,10.8,8.95,10.54,9.66,NA,1303,NA,0
1983-01-01,47.8234,97.9,10.4,8.68,10.46,9.33,NA,1586,NA,0
1983-02-01,47.5233,98,10.4,8.51,10.72,9.64,NA,1699,NA,0
1983-03-01,47.9244,98.1,10.3,8.77,10.51,9.66,NA,1606,NA,0
1983-04-01,48.5311,98.8,10.2,8.8,10.4,9.57,NA,1472,NA,0
1983-05-01,48.8239,99.2,10.1,8.63,10.38,9.49,NA,1776,NA,0
1983-06-01,49.123,99.4,10.1,8.98,10.85,10.18,NA,1733,NA,0
1983-07-01,49.8546,99.8,9.4,9.37,11.38,10.69,NA,1785,NA,0
1983-08-01,50.4443,100.1,9.5,9.56,11.85,11.07,NA,1910,NA,0
1983-09-01,51.178,100.4,9.2,9.45,11.65,10.79,NA,1710,NA,0
1983-10-01,51.5693,100.8,8.8,9.48,11.54,10.57,NA,1715,NA,0
1983-11-01,51.7993,101.1,8.5,9.34,11.69,10.66,NA,1785,NA,0
1983-12-01,52.0594,101.4,8.3,9.47,11.83,10.84,NA,1688,NA,0
1984-01-01,53.0985,102.1,8,9.56,11.67,10.64,NA,1897,NA,0
1984-02-01,53.3318,102.6,7.8,9.59,11.84,10.79,NA,2260,NA,0
1984-03-01,53.5929,102.9,7.8,9.91,12.32,11.31,NA,1663,NA,0
1984-04-01,53.91,103.3,7.7,10.29,12.63,11.69,NA,1851,NA,0
1984-05-01,54.2026,103.5,7.4,10.32,13.41,12.47,NA,1774,NA,0
1984-06-01,54.4014,103.7,7.2,11.06,13.56,12.91,NA,1843,NA,0
1984-07-01,54.5521,104.1,7.5,11.23,13.36,12.88,NA,1732,NA,0
1984-08-01,54.6083,104.4,7.5,11.64,12.72,12.43,NA,1586,NA,0
1984-09-01,54.4466,104.7,7.3,11.3,12.52,12.2,NA,1698,NA,0
1984-10-01,54.4406,105.1,7.4,9.99,12.16,11.6,NA,1590,NA,0
1984-11-01,54.624,105.3,7.2,9.43,11.57,10.65,NA,1689,NA,0
1984-12-01,54.6416,105.5,7.3,8.38,11.5,10.18,NA,1612,NA,0
1985-01-01,54.6322,105.7,7.3,8.35,11.38,9.93,NA,1711,NA,0
1985-02-01,54.7825,106.3,7.2,8.5,11.51,10.17,NA,1632,NA,0
1985-03-01,54.8653,106.8,7.2,8.58,11.86,10.71,NA,1800,NA,0
1985-04-01,54.7459,107,7.3,8.27,11.43,10.09,NA,1821,NA,0
1985-05-01,54.8255,107.2,7.2,7.97,10.85,9.39,NA,1680,NA,0
1985-06-01,54.7989,107.5,7.4,7.53,10.16,8.69,NA,1676,NA,0
1985-07-01,54.5396,107.7,7.4,7.88,10.31,8.77,NA,1684,NA,0
1985-08-01,54.7055,107.9,7.1,7.9,10.33,8.94,NA,1743,NA,0
1985-09-01,54.8906,108.1,7.1,7.92,10.37,8.98,NA,1676,NA,0
1985-10-01,54.7199,108.5,7.1,7.99,10.24,8.86,NA,1834,NA,0
1985-11-01,54.9124,109,7,8.05,9.78,8.58,NA,1698,NA,0
1985-12-01,55.4412,109.5,7,8.27,9.26,8.15,NA,1942,NA,0
1986-01-01,55.7481,109.9,6.7,8.14,9.19,8.14,NA,1972,2.24142857142857,0
1986-02-01,55.3568,109.7,7.2,7.86,8.7,7.97,NA,1848,2.40842105263158,0
1986-03-01,54.9625,109.1,7.2,7.48,7.78,7.21,NA,1876,2.7165,0
1986-04-01,55.0413,108.7,7.1,6.99,7.3,6.7,NA,1933,2.89136363636364,0
1986-05-01,55.1226,109,7.2,6.85,7.71,7.07,NA,1854,2.57619047619048,0
1986-06-01,54.9005,109.4,7.2,6.92,7.8,7.18,NA,1847,2.54,0
1986-07-01,55.2592,109.5,7,6.56,7.3,6.67,NA,1782,2.86136363636364,0
1986-08-01,55.1567,109.6,6.9,6.17,7.17,6.33,NA,1807,3.01619047619048,0
1986-09-01,55.2975,110,7,5.89,7.45,6.35,NA,1687,2.75428571428571,0
1986-10-01,55.5332,110.2,7,5.85,7.43,6.28,NA,1681,2.80954545454545,0
1986-11-01,55.7557,110.4,6.9,6.04,7.25,6.28,NA,1623,2.81222222222222,0
1986-12-01,56.2845,110.8,6.6,6.91,7.11,6.27,NA,1833,2.85954545454545,0
1987-01-01,56.0882,111.4,6.6,6.43,7.08,6.23,NA,1774,2.6425,0
1987-02-01,56.8275,111.8,6.6,6.1,7.25,6.4,NA,1784,2.40263157894737,0
1987-03-01,56.9098,112.2,6.6,6.13,7.25,6.42,NA,1726,2.36136363636364,0
1987-04-01,57.2701,112.7,6.3,6.37,8.02,7.02,NA,1614,2.02047619047619,0
1987-05-01,57.6322,113,6.3,6.85,8.61,7.76,NA,1628,1.9,0
1987-06-01,57.9307,113.5,6.2,6.73,8.4,7.57,NA,1594,2.12,0
1987-07-01,58.3258,113.8,6.1,6.58,8.45,7.44,NA,1575,2.15954545454545,0
1987-08-01,58.7636,114.3,6,6.73,8.76,7.75,NA,1605,2.04238095238095,0
1987-09-01,58.9951,114.7,5.9,7.22,9.42,8.34,NA,1695,1.8847619047619,0
1987-10-01,59.781,115,6,7.29,9.52,8.4,NA,1515,2.09285714285714,0
1987-11-01,60.0726,115.4,5.8,6.69,8.86,7.69,NA,1656,2.36789473684211,0
1987-12-01,60.4095,115.6,5.7,6.77,8.99,7.86,NA,1400,2.29909090909091,0
1988-01-01,60.3976,116,5.7,6.83,8.67,7.63,NA,1271,2.40368421052632,0
1988-02-01,60.7003,116.2,5.7,6.58,8.21,7.18,NA,1473,2.407,0
1988-03-01,60.8501,116.5,5.7,6.58,8.37,7.27,NA,1532,2.1995652173913,0
1988-04-01,61.2031,117.2,5.4,6.87,8.72,7.59,NA,1573,2.1775,0
1988-05-01,61.0797,117.5,5.6,7.09,9.09,8,NA,1421,1.9547619047619,0
1988-06-01,61.2569,118,5.4,7.51,8.92,8.03,NA,1478,2.08227272727273,0
1988-07-01,61.2659,118.5,5.4,7.75,9.06,8.28,NA,1467,2.058,0
1988-08-01,61.5731,119,5.6,8.01,9.26,8.63,NA,1493,1.95391304347826,0
1988-09-01,61.3807,119.5,5.4,8.19,8.98,8.46,NA,1492,1.91952380952381,0
1988-10-01,61.6453,119.9,5.4,8.3,8.8,8.35,NA,1522,1.614,0
1988-11-01,61.7944,120.3,5.3,8.35,8.96,8.67,NA,1569,1.5185,0
1988-12-01,62.0743,120.7,5.3,8.76,9.11,9.09,NA,1563,1.53952380952381,0
1989-01-01,62.2574,121.2,5.4,9.12,9.09,9.18,NA,1621,1.564,0
1989-02-01,61.9819,121.6,5.2,9.36,9.17,9.37,NA,1425,1.44,0
1989-03-01,62.1369,122.2,5,9.85,9.36,9.68,NA,1422,1.31,0
1989-04-01,62.1276,123.1,5.2,9.84,9.18,9.45,NA,1339,1.4385,0
1989-05-01,61.7744,123.7,5.2,9.81,8.86,9.02,NA,1331,1.60363636363636,0
1989-06-01,61.7697,124.1,5.3,9.53,8.28,8.41,NA,1397,1.75590909090909,0
1989-07-01,61.1738,124.5,5.2,9.24,8.02,7.82,NA,1427,1.8555,0
1989-08-01,61.7732,124.5,5.2,8.99,8.11,8.14,NA,1332,1.76347826086957,0
1989-09-01,61.5796,124.8,5.3,9.02,8.19,8.28,NA,1279,1.721,0
1989-10-01,61.4966,125.4,5.3,8.84,8.01,7.98,NA,1410,1.79952380952381,0
1989-11-01,61.7044,125.9,5.4,8.55,7.87,7.8,NA,1351,1.93809523809524,0
1989-12-01,62.0428,126.3,5.4,8.45,7.84,7.78,NA,1251,1.9825,0
1990-01-01,61.729,127.5,5.4,8.23,8.21,8.09,23.3472727272727,1551,1.73857142857143,0
1990-02-01,62.2896,128,5.3,8.24,8.47,8.37,23.2626315789474,1437,1.67105263157895,0
1990-03-01,62.5999,128.6,5.2,8.28,8.59,8.63,20.0622727272727,1289,1.61818181818182,0
1990-04-01,62.4359,128.9,5.4,8.26,8.79,8.72,21.4035,1248,1.516,0
1990-05-01,62.6258,129.1,5.4,8.18,8.76,8.64,18.0977272727273,1212,1.65318181818182,0
1990-06-01,62.8382,129.9,5.2,8.29,8.48,8.35,16.822380952381,1177,1.74047619047619,0
1990-07-01,62.7284,130.5,5.5,8.15,8.47,8.16,18.3928571428571,1171,1.72428571428571,0
1990-08-01,62.9475,131.6,5.7,8.13,8.75,8.06,28.1752173913043,1115,1.6595652173913,1
1990-09-01,62.9523,132.5,5.9,8.2,8.89,8.08,29.1073684210526,1110,1.74263157894737,1
1990-10-01,62.5845,133.4,5.9,8.11,8.72,7.88,29.625652173913,1014,2.02318181818182,1
1990-11-01,61.7887,133.7,6.2,7.81,8.39,7.6,24.8857142857143,1145,2.227,1
1990-12-01,61.3352,134.2,6.3,7.31,8.08,7.31,23.363,969,2.3595,1
1991-01-01,61.1355,134.7,6.4,6.91,8.09,7.13,27.4290909090909,798,2.35857142857143,1
1991-02-01,60.6838,134.8,6.6,6.25,7.85,6.87,21.5984210526316,965,2.21368421052632,1
1991-03-01,60.3346,134.8,6.8,6.12,8.11,7.1,17.7442105263158,921,1.98,1
1991-04-01,60.4938,135.1,6.7,5.91,8.04,6.95,17.3727272727273,1001,1.90318181818182,0
1991-05-01,61.0633,135.6,6.9,5.78,8.07,6.78,16.9322727272727,996,1.79590909090909,0
1991-06-01,61.5581,136,6.9,5.9,8.28,6.96,17.135,1036,1.678,0
1991-07-01,61.7305,136.2,6.8,5.82,8.27,6.92,17.2940909090909,1063,1.62181818181818,0
1991-08-01,61.7298,136.6,6.9,5.66,7.9,6.43,15.6813636363636,1049,1.74545454545455,0
1991-09-01,62.2195,137,6.9,5.45,7.65,6.18,16.9565,1015,1.8645,0
1991-10-01,62.1855,137.2,7,5.21,7.53,5.91,16.3639130434783,1079,1.96409090909091,0
1991-11-01,62.0871,137.8,7,4.81,7.42,5.56,17.7735,1103,2.03684210526316,0
1991-12-01,61.7852,138.2,7.3,4.43,7.09,5.03,18.347619047619,1079,2.17047619047619,0
1992-01-01,61.4616,138.3,7.3,4.03,7.03,4.96,17.6831818181818,1176,2.09761904761905,0
1992-02-01,61.8955,138.6,7.4,4.06,7.34,5.21,17.4773684210526,1250,1.88842105263158,0
1992-03-01,62.4232,139.1,7.4,3.98,7.54,5.69,17.5204545454545,1297,1.70636363636364,0
1992-04-01,62.897,139.4,7.4,3.73,7.48,5.34,16.5628571428571,1099,1.72857142857143,0
1992-05-01,63.104,139.7,7.6,3.82,7.39,5.23,15.077,1214,1.7375,0
1992-06-01,63.1363,140.1,7.8,3.76,7.26,5.05,15.2031818181818,1145,1.78636363636364,0
1992-07-01,63.7176,140.5,7.7,3.25,6.84,4.36,13.6018181818182,1139,1.99227272727273,0
1992-08-01,63.3613,140.8,7.6,3.3,6.59,4.19,14.4219047619048,1226,2.06714285714286,0
1992-09-01,63.5703,141.1,7.6,3.22,6.42,3.89,13.6966666666667,1186,2.20142857142857,0
1992-10-01,63.9995,141.7,7.3,3.1,6.59,4.08,17.6368181818182,1244,2.25095238095238,0
1992-11-01,64.2422,142.1,7.4,3.09,6.87,4.58,14.4245,1214,2.08473684210526,0
1992-12-01,64.3507,142.3,7.4,2.92,6.77,4.67,12.1913636363636,1227,2.04045454545455,0
1993-01-01,64.5978,142.8,7.3,3.02,6.6,4.39,12.409,1210,2.06631578947368,0
1993-02-01,64.9089,143.1,7.1,3.03,6.26,4.1,13.7215789473684,1210,2.13473684210526,0
1993-03-01,64.8522,143.3,7,3.07,5.98,3.95,13.6060869565217,1083,2.1704347826087,0
1993-04-01,65.0301,143.8,7.1,2.96,5.97,3.84,12.8409523809524,1258,2.17095238095238,0
1993-05-01,64.784,144.2,7.1,3,6.04,3.98,13.606,1260,2.1785,0
1993-06-01,64.9301,144.3,7,3.04,5.96,4.16,12.5240909090909,1280,2.10681818181818,0
1993-07-01,65.1052,144.5,6.9,3.06,5.81,4.07,11.5004761904762,1254,2.12809523809524,0
1993-08-01,65.0267,144.8,6.8,3.03,5.68,4,11.9286363636364,1300,1.91727272727273,0
1993-09-01,65.3717,145,6.7,3.09,5.36,3.85,12.9314285714286,1343,1.98190476190476,0
1993-10-01,65.8509,145.6,6.8,2.99,5.33,3.87,11.8752380952381,1392,1.98,0
1993-11-01,66.1518,146,6.6,3.02,5.72,4.16,14.0838095238095,1376,1.9365,0
1993-12-01,66.5436,146.3,6.5,2.96,5.77,4.21,11.3563636363636,1533,1.91090909090909,0
1994-01-01,66.7351,146.3,6.6,3.05,5.75,4.14,11.2904761904762,1272,1.898,0
1994-02-01,66.774,146.7,6.6,3.25,5.97,4.47,13.6442105263158,1337,1.79052631578947,0
1994-03-01,67.4552,147.1,6.5,3.34,6.48,5,15.2234782608696,1564,1.64652173913043,0
1994-04-01,67.8541,147.2,6.4,3.56,6.97,5.55,16.4710526315789,1465,1.55052631578947,0
1994-05-01,68.1663,147.5,6.1,4.01,7.18,5.97,13.8971428571429,1526,1.44047619047619,0
1994-06-01,68.6265,147.9,6.1,4.25,7.1,5.93,13.4086363636364,1409,1.54636363636364,0
1994-07-01,68.7178,148.4,6.1,4.26,7.3,6.13,12.4845,1439,1.5055,0
1994-08-01,69.1785,149,6,4.47,7.24,6.18,11.8891304347826,1450,1.50347826086957,0
1994-09-01,69.3961,149.3,5.9,4.73,7.46,6.39,13.2333333333333,1474,1.52095238095238,0
1994-10-01,69.9544,149.4,5.8,4.76,7.74,6.73,15.2452380952381,1450,1.4605,0
1994-11-01,70.4326,149.8,5.6,5.29,7.96,7.15,16.3838095238095,1511,1.3575,0
1994-12-01,71.1523,150.1,5.5,5.45,7.81,7.59,14.1771428571429,1455,1.28952380952381,0
1995-01-01,71.2734,150.5,5.6,5.53,7.78,7.51,12.2742857142857,1407,1.3025,0
1995-02-01,71.193,150.9,5.4,5.92,7.47,7.11,11.47,1316,1.38052631578947,0
1995-03-01,71.3113,151.2,5.4,5.98,7.2,6.78,12.1665217391304,1249,1.49652173913043,0
1995-04-01,71.1882,151.8,5.8,6.05,7.06,6.57,12.4426315789474,1267,1.53631578947368,0
1995-05-01,71.5378,152.1,5.6,6.01,6.63,6.17,12.2659090909091,1314,1.57045454545455,0
1995-06-01,71.7749,152.4,5.6,6,6.17,5.72,11.8968181818182,1281,1.73227272727273,0
1995-07-01,71.4748,152.6,5.7,5.85,6.28,5.78,12.514,1461,1.7605,0
1995-08-01,72.4223,152.9,5.7,5.74,6.49,5.98,12.7982608695652,1416,1.70478260869565,0
1995-09-01,72.7144,153.1,5.6,5.8,6.2,5.81,12.057,1369,1.737,0
1995-10-01,72.5866,153.5,5.5,5.76,6.04,5.7,14.3572727272727,1369,1.7052380952381,0
1995-11-01,72.7779,153.7,5.6,5.8,5.93,5.48,12.4690476190476,1452,1.75428571428571,0
1995-12-01,73.0305,153.9,5.6,5.6,5.71,5.32,11.7485,1431,1.779,0
1996-01-01,72.6125,154.7,5.6,5.56,5.65,5.11,13.4736363636364,1467,1.80952380952381,0
1996-02-01,73.6752,155,5.5,5.22,5.81,5.03,15.033,1491,1.821,0
1996-03-01,73.585,155.5,5.5,5.31,6.27,5.66,17.762380952381,1424,1.76761904761905,0
1996-04-01,74.3172,156.1,5.6,5.22,6.51,5.96,16.5752380952381,1516,1.68454545454545,0
1996-05-01,74.8726,156.4,5.6,5.24,6.74,6.1,16.1463636363636,1504,1.56090909090909,0
1996-06-01,75.4433,156.7,5.3,5.27,6.91,6.3,16.395,1467,1.488,0
1996-07-01,75.4549,157,5.5,5.4,6.87,6.27,17.9786363636364,1472,1.48772727272727,0
1996-08-01,75.8411,157.2,5.1,5.22,6.64,6.03,15.7604545454545,1557,1.54,0
1996-09-01,76.3158,157.7,5.2,5.3,6.83,6.23,16.578,1475,1.513,0
1996-10-01,76.3384,158.2,5.2,5.24,6.53,5.91,16.3817391304348,1392,1.53545454545455,0
1996-11-01,77.0397,158.7,5.4,5.31,6.2,5.7,15.997,1489,1.58368421052632,0
1996-12-01,77.5333,159.1,5.4,5.29,6.3,5.78,19.2609523809524,1370,1.59047619047619,0
1997-01-01,77.6562,159.4,5.3,5.25,6.58,6.01,19.4733333333333,1355,1.51714285714286,0
1997-02-01,78.5833,159.7,5.2,5.19,6.42,5.9,20.1394736842105,1486,1.52210526315789,0
1997-03-01,79.082,159.8,5.2,5.39,6.69,6.22,20.17,1457,1.488,0
1997-04-01,79.1747,159.9,5.1,5.51,6.89,6.45,19.6622727272727,1492,1.45136363636364,0
1997-05-01,79.6133,159.9,4.9,5.5,6.71,6.28,19.9247619047619,1442,1.49190476190476,0
1997-06-01,79.9792,160.2,5,5.56,6.49,6.09,20.1942857142857,1494,1.52666666666667,0
1997-07-01,80.6624,160.4,4.9,5.52,6.22,5.89,20.5290909090909,1437,1.52681818181818,0
1997-08-01,81.4694,160.8,4.8,5.54,6.3,5.94,23.0847619047619,1390,1.51809523809524,0
1997-09-01,82.2156,161.2,4.9,5.54,6.21,5.88,23.812380952381,1546,1.50428571428571,0
1997-10-01,82.9446,161.5,4.7,5.5,6.03,5.77,23.8708695652174,1520,1.54227272727273,0
1997-11-01,83.5978,161.7,4.6,5.52,5.88,5.71,32.2061111111111,1510,1.54388888888889,0
1997-12-01,83.9538,161.8,4.7,5.5,5.81,5.72,26.2763636363636,1566,1.51727272727273,0
1998-01-01,84.3218,162,4.6,5.56,5.54,5.36,23.8665,1525,1.652,0
1998-02-01,84.4583,162,4.6,5.51,5.57,5.42,19.9989473684211,1584,1.68157894736842,0
1998-03-01,84.488,162,4.7,5.49,5.65,5.56,20.1586363636364,1567,1.67181818181818,0
1998-04-01,84.7779,162.2,4.3,5.45,5.64,5.56,22.0285714285714,1540,1.69285714285714,0
1998-05-01,85.3367,162.6,4.4,5.49,5.65,5.59,20.874,1536,1.645,0
1998-06-01,84.8248,162.8,4.5,5.56,5.5,5.52,21.6627272727273,1641,1.63772727272727,0
1998-07-01,84.4986,163.2,4.5,5.54,5.46,5.46,19.93,1698,1.68772727272727,0
1998-08-01,86.248,163.4,4.5,5.55,5.34,5.27,31.5880952380952,1614,1.80142857142857,0
1998-09-01,86.2021,163.5,4.6,5.51,4.81,4.67,38.2047619047619,1582,2.28142857142857,0
1998-10-01,86.7914,163.9,4.5,5.07,4.53,4.09,36.6081818181818,1715,2.65238095238095,0
1998-11-01,86.7256,164.1,4.4,4.83,4.83,4.54,26.223,1660,2.51052631578947,0
1998-12-01,87.1185,164.4,4.4,4.68,4.65,4.51,25.4790909090909,1792,2.58136363636364,0
1999-01-01,87.4949,164.7,4.3,4.63,4.72,4.62,28.0352631578947,1748,2.56578947368421,0
1999-02-01,88.027,164.7,4.4,4.76,5,4.88,28.8226315789474,1670,2.39,0
1999-03-01,88.2267,164.8,4.2,4.81,5.23,5.05,25.3095652173913,1710,2.30130434782609,0
1999-04-01,88.4295,165.9,4.3,4.74,5.18,4.98,23.4785714285714,1553,2.29454545454545,0
1999-05-01,88.9886,166,4.2,4.74,5.54,5.25,26.2045,1611,2.1825,0
1999-06-01,88.9188,166,4.3,4.76,5.9,5.62,23.6263636363636,1559,2.11545454545455,0
1999-07-01,89.4333,166.7,4.3,4.99,5.79,5.55,21.0490476190476,1669,2.15619047619048,0
1999-08-01,89.7924,167.1,4.2,5.07,5.94,5.68,24.3236363636364,1648,2.215,0
1999-09-01,89.4299,167.8,4.2,5.22,5.92,5.66,24.5414285714286,1635,2.28714285714286,0
1999-10-01,90.523,168.1,4.1,5.2,6.11,5.86,24.0214285714286,1608,2.266,0
1999-11-01,90.9618,168.4,4.1,5.42,6.03,5.86,21.8180952380952,1648,2.1165,0
1999-12-01,91.6634,168.8,4,5.3,6.28,6.1,22.1590909090909,1708,1.91181818181818,0
2000-01-01,91.538,169.3,4,5.45,6.66,6.44,23.202,1636,1.6715,0
2000-02-01,91.8239,170,4.1,5.73,6.52,6.61,23.5955,1737,1.7675,0
2000-03-01,92.1504,171,4,5.85,6.26,6.53,22.7182608695652,1604,2.11086956521739,0
2000-04-01,92.6989,170.9,3.8,6.02,5.99,6.4,27.1642105263158,1626,2.41157894736842,0
2000-05-01,92.9499,171.2,4,6.27,6.44,6.81,26.3731818181818,1575,2.46,0
2000-06-01,92.9862,172.2,4,6.53,6.1,6.48,21.54,1559,2.385,0
2000-07-01,92.8048,172.7,4,6.54,6.05,6.34,19.893,1463,2.2925,0
2000-08-01,92.5521,172.7,4.1,6.5,5.83,6.23,18.0886956521739,1541,2.42913043478261,0
2000-09-01,92.9792,173.6,3.9,6.52,5.8,6.08,19.6875,1507,2.547,0
2000-10-01,92.6179,173.9,3.9,6.51,5.74,5.91,25.2,1549,2.60285714285714,0
2000-11-01,92.6438,174.2,3.9,6.51,5.72,5.88,26.3828571428571,1551,2.56190476190476,0
2000-12-01,92.3415,174.6,3.9,6.4,5.24,5.35,26.5305,1532,2.7825,0
2001-01-01,91.902,175.6,4.2,5.98,5.16,4.76,24.9185714285714,1600,2.76761904761905,0
2001-02-01,91.3034,176,4.2,5.49,5.1,4.66,23.4115789473684,1625,2.77473684210526,0
2001-03-01,91.1162,176.1,4.3,5.31,4.89,4.34,28.4968181818182,1590,2.95863636363636,0
2001-04-01,90.7891,176.4,4.4,4.8,5.14,4.23,28.134,1649,2.9275,1
2001-05-01,90.3555,177.3,4.3,4.21,5.39,4.26,22.9440909090909,1605,2.68045454545455,1
2001-06-01,89.8784,177.7,4.5,3.97,5.28,4.08,20.9404761904762,1636,2.69047619047619,1
2001-07-01,89.3028,177.4,4.6,3.77,5.24,4.04,22.3161904761905,1670,2.73380952380952,1
2001-08-01,89.2003,177.4,4.9,3.65,4.97,3.76,21.8617391304348,1567,2.87739130434783,1
2001-09-01,88.7485,178.1,5,3.07,4.73,3.12,35.0653333333333,1562,3.29588235294118,1
2001-10-01,88.5052,177.6,5.3,2.49,4.57,2.73,32.7213043478261,1540,3.34,1
2001-11-01,87.97,177.5,5.5,2.09,4.65,2.78,26.6309523809524,1602,3.1615,1
2001-12-01,87.9324,177.4,5.7,1.82,5.09,3.11,23.72,1568,2.96578947368421,0
2002-01-01,88.5176,177.7,5.7,1.73,5.04,3.03,22.2528571428571,1698,2.83380952380952,0
2002-02-01,88.5278,178,5.7,1.74,4.91,3.02,22.8757894736842,1829,2.97894736842105,0
2002-03-01,89.1686,178.5,5.7,1.73,5.28,3.56,18.985,1642,2.822,0
2002-04-01,89.604,179.3,5.9,1.75,5.21,3.42,19.9004545454545,1592,2.82181818181818,0
2002-05-01,89.964,179.5,5.8,1.75,5.16,3.26,20.0877272727273,1764,2.92318181818182,0
2002-06-01,90.7061,179.6,5.8,1.75,4.93,2.99,25.271,1717,3.0235,0
2002-07-01,90.6769,180,5.8,1.73,4.65,2.56,34.0495454545455,1655,3.24454545454545,0
2002-08-01,90.5762,180.5,5.7,1.74,4.26,2.13,33.7427272727273,1633,3.32454545454545,0
2002-09-01,90.6531,180.8,5.7,1.75,3.87,2,37.6475,1804,3.526,0
2002-10-01,90.4643,181.2,5.7,1.75,3.94,1.91,35.2430434782609,1648,3.79272727272727,0
2002-11-01,90.9711,181.5,5.9,1.34,4.05,1.92,28.175,1753,3.56894736842105,0
2002-12-01,90.4652,181.8,6,1.24,4.03,1.84,28.2104761904762,1788,3.41619047619048,0
2003-01-01,91.2361,182.6,5.8,1.24,4.05,1.74,27.4242857142857,1853,3.29904761904762,0
2003-02-01,91.3445,183.6,5.9,1.26,3.9,1.63,32.2184210526316,1629,3.15421052631579,0
2003-03-01,91.1044,183.9,5.9,1.25,3.81,1.57,30.6342857142857,1726,3.14190476190476,0
2003-04-01,90.5617,183.2,6,1.26,3.96,1.62,23.9919047619048,1643,2.89428571428571,0
2003-05-01,90.537,182.9,6.1,1.26,3.57,1.42,20.2395238095238,1751,2.80904761904762,0
2003-06-01,90.6527,183.1,6.3,1.22,3.33,1.23,20.362380952381,1867,2.85619047619048,0
2003-07-01,91.1185,183.7,6.2,1.01,3.98,1.47,19.1613636363636,1897,2.64090909090909,0
2003-08-01,90.9197,184.5,6.1,1.03,4.45,1.86,19.2742857142857,1833,2.56666666666667,0
2003-09-01,91.5059,185.1,6.1,1.01,4.27,1.71,19.532380952381,1939,2.51571428571429,0
2003-10-01,91.6186,184.9,6,1.01,4.29,1.75,18.0234782608696,1967,2.44227272727273,0
2003-11-01,92.2329,185,5.8,1,4.3,1.93,17.4010526315789,2083,2.35777777777778,0
2003-12-01,92.2602,185.5,5.7,0.98,4.27,1.91,16.8263636363636,2057,2.32863636363636,0
2004-01-01,92.4006,186.3,5.7,1,4.15,1.76,16.101,1911,2.2915,0
2004-02-01,92.958,186.7,5.6,1.01,4.08,1.74,15.9984210526316,1846,2.18105263157895,0
2004-03-01,92.5861,187.1,5.8,1,3.83,1.58,17.6873913043478,1998,2.28782608695652,0
2004-04-01,92.93,187.4,5.6,1,4.35,2.07,15.6985714285714,2003,2.11142857142857,0
2004-05-01,93.6013,188.2,5.6,1,4.72,2.53,17.705,1981,2.0315,0
2004-06-01,92.871,188.9,5.6,1.03,4.73,2.76,15.3427272727273,1828,2.05,0
2004-07-01,93.5649,189.1,5.5,1.26,4.5,2.64,15.502380952381,2002,2.12428571428571,0
2004-08-01,93.6277,189.2,5.4,1.43,4.28,2.51,16.6840909090909,2024,2.18181818181818,0
2004-09-01,93.7467,189.8,5.4,1.61,4.13,2.53,14.0809523809524,1905,2.14285714285714,0
2004-10-01,94.5465,190.8,5.5,1.76,4.1,2.58,14.9738095238095,2072,2.108,0
2004-11-01,94.7813,191.7,5.4,1.93,4.19,2.85,13.577619047619,1782,2.009,0
2004-12-01,95.5365,191.7,5.4,2.16,4.23,3.01,12.4595454545455,2042,1.92272727272727,0
2005-01-01,95.8801,191.6,5.3,2.28,4.22,3.22,13.438,2144,1.796,0
2005-02-01,96.5761,192.4,5.4,2.5,4.17,3.38,11.7089473684211,2207,1.65052631578947,0
2005-03-01,96.4456,193.1,5.2,2.63,4.5,3.73,13.1263636363636,1864,1.56318181818182,0
2005-04-01,96.6532,193.7,5.2,2.79,4.34,3.65,14.4590476190476,2061,1.70809523809524,0
2005-05-01,96.7402,193.6,5.1,3,4.14,3.64,13.967619047619,2025,1.86190476190476,0
2005-06-01,97.1753,193.7,5,3.04,4,3.64,11.8686363636364,2068,1.86,0
2005-07-01,96.8676,194.9,5,3.26,4.18,3.87,11.049,2054,1.775,0
2005-08-01,97.1833,196.1,4.9,3.5,4.26,4.04,12.9513043478261,2095,1.6995652173913,0
2005-09-01,95.3005,198.8,5,3.62,4.2,3.95,12.6280952380952,2151,1.83,0
2005-10-01,96.4572,199.1,5,3.78,4.46,4.27,14.937619047619,2065,1.8345,0
2005-11-01,97.5414,198.1,5,4,4.54,4.42,12.147619047619,2147,1.855,0
2005-12-01,98.0452,198.1,4.9,4.16,4.47,4.4,11.26,1994,1.85380952380952,0
2006-01-01,98.1999,199.3,4.7,4.29,4.42,4.4,12.036,2273,1.821,0
2006-02-01,98.2413,199.4,4.8,4.49,4.57,4.67,12.4710526315789,2119,1.70105263157895,0
2006-03-01,98.4628,199.7,4.7,4.59,4.72,4.73,11.6939130434783,1969,1.68739130434783,0
2006-04-01,98.7618,200.7,4.7,4.79,4.99,4.89,11.8473684210526,1821,1.69,0
2006-05-01,98.7869,201.3,4.6,4.94,5.11,4.97,14.4545454545455,1942,1.63545454545455,0
2006-06-01,99.0997,201.8,4.6,4.99,5.11,5.12,16.9186363636364,1802,1.67318181818182,0
2006-07-01,99.0489,202.9,4.7,5.24,5.09,5.12,15.326,1737,1.6745,0
2006-08-01,99.4836,203.8,4.7,5.25,4.88,4.9,13.3517391304348,1650,1.71173913043478,0
2006-09-01,99.3183,202.8,4.5,5.25,4.72,4.77,12.1845,1720,1.711,0
2006-10-01,99.2044,201.9,4.4,5.25,4.73,4.8,11.3063636363636,1491,1.6952380952381,0
2006-11-01,99.1627,202,4.5,5.25,4.6,4.74,10.817619047619,1570,1.60857142857143,0
2006-12-01,100.1735,203.1,4.4,5.24,4.56,4.67,10.9645,1649,1.654,0
2007-01-01,99.8346,203.437,4.6,5.25,4.76,4.88,11.0425,1409,1.58333333333333,0
2007-02-01,100.7753,204.226,4.5,5.26,4.72,4.85,11.1552631578947,1480,1.55315789473684,0
2007-03-01,100.9547,205.288,4.4,5.26,4.56,4.57,15.1627272727273,1495,1.70318181818182,0
2007-04-01,101.6334,205.904,4.5,5.25,4.69,4.67,12.933,1490,1.69952380952381,0
2007-05-01,101.7306,206.755,4.4,5.25,4.75,4.77,13.2977272727273,1415,1.63909090909091,0
2007-06-01,101.7893,207.234,4.6,5.25,5.1,4.98,14.947619047619,1448,1.59428571428571,0
2007-07-01,101.6672,207.603,4.7,5.26,5,4.82,17.2733333333333,1354,1.64809523809524,0
2007-08-01,101.863,207.667,4.6,5.02,4.67,4.31,25.0260869565217,1330,1.97739130434783,0
2007-09-01,102.0894,208.547,4.7,4.94,4.52,4.01,22.1989473684211,1183,2.07052631578947,0
2007-10-01,101.8015,209.19,4.7,4.76,4.53,3.97,19.115652173913,1264,1.95181818181818,0
2007-11-01,102.3446,210.834,4.7,4.49,4.15,3.34,25.582380952381,1197,2.2465,0
2007-12-01,102.3803,211.445,5,4.24,4.1,3.12,21.651,1037,2.548,0
2008-01-01,102.2448,212.174,5,3.94,3.74,2.48,25.8161904761905,1084,2.79666666666667,1
2008-02-01,101.8438,212.687,4.9,2.98,3.74,1.97,25.456,1103,3.086,1
2008-03-01,101.5336,213.448,5.1,2.61,3.51,1.62,27.1035,1005,3.3825,1
2008-04-01,100.8785,213.942,5,2.28,3.68,2.05,21.5627272727273,1013,3.29227272727273,1
2008-05-01,100.2674,215.208,5.4,1.98,3.88,2.45,18.3033333333333,973,3.04904761904762,1
2008-06-01,100.0335,217.463,5.6,2,4.1,2.77,22.1104761904762,1046,2.97428571428571,1
2008-07-01,99.676,219.016,5.8,2.01,4.01,2.57,24.3218181818182,923,3.15181818181818,1
2008-08-01,98.1111,218.69,6.1,2,3.89,2.42,20.6957142857143,844,3.26285714285714,1
2008-09-01,93.7895,218.877,6.1,1.81,3.69,2.08,30.2385714285714,820,3.62571428571429,1
2008-10-01,94.7219,216.995,6.5,0.97,3.81,1.61,61.1773913043478,777,5.06318181818182,1
2008-11-01,93.4715,213.153,6.8,0.39,3.53,1.21,62.6689473684211,652,5.685,1
2008-12-01,90.8357,211.398,7.3,0.16,2.42,0.82,52.405,560,6.01363636363636,1
2009-01-01,88.57,211.933,7.8,0.15,2.52,0.81,44.683,490,5.626,1
2009-02-01,88.031,212.705,8.3,0.22,2.87,0.98,45.5705263157895,582,5.21473684210526,1
2009-03-01,86.6528,212.495,8.7,0.18,2.82,0.93,44.7954545454545,505,5.6,1
2009-04-01,85.9344,212.709,9,0.15,2.93,0.93,38.0638095238095,478,5.46047619047619,1
2009-05-01,85.0665,213.022,9.4,0.18,3.29,0.93,31.978,540,4.7705,1
2009-06-01,84.7459,214.79,9.5,0.21,3.72,1.18,29.1404545454545,585,3.77318181818182,1
2009-07-01,85.7027,214.726,9.5,0.16,3.56,1.02,26.1627272727273,594,3.52545454545455,0
2009-08-01,86.6426,215.445,9.6,0.16,3.59,1.12,25.3371428571429,586,2.98904761904762,0
2009-09-01,87.4063,215.861,9.8,0.15,3.4,0.96,24.9266666666667,585,2.91095238095238,0
2009-10-01,87.6419,216.509,10,0.12,3.39,0.95,24.2522727272727,534,2.90428571428571,0
2009-11-01,88.0221,217.234,9.9,0.12,3.4,0.8,23.789,588,2.91684210526316,0
2009-12-01,88.3793,217.347,9.9,0.12,3.59,0.87,21.2395454545455,581,2.77772727272727,0
2010-01-01,89.3426,217.488,9.8,0.11,3.73,0.93,20.6431578947368,614,2.51473684210526,0
2010-02-01,89.6779,217.281,9.8,0.13,3.69,0.86,22.54,604,2.65052631578947,0
2010-03-01,90.2928,217.353,9.9,0.16,3.73,0.96,17.7673913043478,636,2.54739130434783,0
2010-04-01,90.5991,217.403,9.9,0.2,3.85,1.06,17.4242857142857,687,2.40772727272727,0
2010-05-01,91.823,217.29,9.6,0.2,3.42,0.83,31.9295,583,2.631,0
2010-06-01,91.9928,217.199,9.4,0.18,3.2,0.72,29.9163636363636,536,3.02636363636364,0
2010-07-01,92.3421,217.605,9.4,0.18,3.01,0.62,25.5652380952381,546,2.99952380952381,0
2010-08-01,92.6805,217.923,9.5,0.19,2.7,0.52,24.7459090909091,599,2.96409090909091,0
2010-09-01,92.9537,218.275,9.5,0.19,2.65,0.48,22.517619047619,594,3.01047619047619,0
2010-10-01,92.6903,219.035,9.4,0.19,2.54,0.38,20.3733333333333,543,3.1755,0
2010-11-01,92.7709,219.59,9.8,0.19,2.76,0.45,20.0957142857143,545,3.1575,0
2010-12-01,93.6787,220.472,9.3,0.18,3.29,0.62,17.5695454545455,539,2.80545454545455,0
2011-01-01,93.4814,221.187,9.1,0.17,3.39,0.61,17.3155,630,2.694,0
2011-02-01,93.1102,221.898,9,0.16,3.58,0.77,17.43,517,2.57157894736842,0
2011-03-01,94.0788,223.046,9,0.14,3.41,0.7,20.7234782608696,600,2.6204347826087,0
2011-04-01,93.7749,224.093,9.1,0.1,3.46,0.73,16.244,554,2.568,0
2011-05-01,93.888,224.806,9,0.09,3.17,0.56,16.9114285714286,561,2.61285714285714,0
2011-06-01,94.172,224.806,9.1,0.09,3,0.41,19.1531818181818,608,2.74909090909091,0
2011-07-01,94.636,225.395,9,0.07,3,0.41,19.2275,623,2.7565,0
2011-08-01,95.2749,226.106,9,0.1,2.3,0.23,35.0291304347826,585,3.05869565217391,0
2011-09-01,95.1961,226.597,9,0.08,1.98,0.21,36.53,650,3.2952380952381,0
2011-10-01,95.8568,226.75,8.8,0.07,2.15,0.28,32.8290476190476,610,3.2195,0
2011-11-01,95.8485,227.169,8.6,0.08,2.01,0.25,31.9419047619048,711,3.1245,0
2011-12-01,96.3571,227.223,8.5,0.07,1.98,0.26,25.047619047619,694,3.27238095238095,0
2012-01-01,96.9318,227.842,8.3,0.08,1.97,0.24,20.228,723,3.262,0
2012-02-01,97.2435,228.329,8.3,0.1,1.97,0.28,18.4205,704,3.1745,0
2012-03-01,96.74,228.807,8.2,0.13,2.17,0.34,16.1672727272727,695,3.06045454545455,0
2012-04-01,97.4359,229.187,8.2,0.14,2.05,0.29,17.823,753,3.14095238095238,0
2012-05-01,97.6609,228.713,8.2,0.16,1.8,0.29,21.0018181818182,708,3.26545454545455,0
2012-06-01,97.6663,228.524,8.2,0.16,1.62,0.29,21.1309523809524,757,3.39809523809524,0
2012-07-01,97.8713,228.59,8.2,0.16,1.53,0.25,17.5652380952381,740,3.3452380952381,0
2012-08-01,97.4525,229.918,8.1,0.13,1.68,0.27,15.6895652173913,754,3.22913043478261,0
2012-09-01,97.381,231.015,7.8,0.14,1.72,0.26,15.2847368421053,847,3.11842105263158,0
2012-10-01,97.7193,231.638,7.8,0.16,1.75,0.28,16.2761904761905,915,2.83809523809524,0
2012-11-01,98.0777,231.249,7.7,0.16,1.65,0.27,16.7019047619048,833,2.8565,0
2012-12-01,98.3101,231.221,7.9,0.16,1.72,0.26,17.307,976,2.9085,0
2013-01-01,98.3342,231.679,8,0.14,1.91,0.27,13.5052380952381,888,2.81952380952381,0
2013-02-01,98.7941,232.937,7.7,0.15,1.98,0.27,14.0726315789474,962,2.86263157894737,0
2013-03-01,99.1921,232.282,7.5,0.14,1.96,0.26,13.0315,1010,2.897,0
2013-04-01,99.1065,231.797,7.6,0.15,1.76,0.23,13.9672727272727,835,2.83181818181818,0
2013-05-01,99.1839,231.893,7.5,0.11,1.93,0.25,13.4936363636364,930,2.79772727272727,0
2013-06-01,99.3897,232.445,7.5,0.09,2.3,0.33,17.2715,839,2.89,0
2013-07-01,99.0814,232.9,7.3,0.09,2.58,0.34,13.9745454545455,880,2.74045454545455,0
2013-08-01,99.6543,233.456,7.2,0.08,2.74,0.36,14.21,917,2.68727272727273,0
2013-09-01,100.161,233.544,7.2,0.08,2.81,0.4,14.692,850,2.656,0
2013-10-01,100.082,233.669,7.2,0.09,2.62,0.34,15.4078260869565,925,2.69227272727273,0
2013-11-01,100.3158,234.1,6.9,0.08,2.72,0.3,12.924,1100,2.66526315789474,0
2013-12-01,100.5175,234.719,6.7,0.09,2.9,0.34,14.192380952381,1002,2.48238095238095,0
2014-01-01,100.1599,235.288,6.6,0.07,2.86,0.39,14.2409523809524,888,2.3347619047619,0
2014-02-01,100.9168,235.547,6.7,0.07,2.71,0.33,15.47,944,2.39,0
2014-03-01,101.8942,236.028,6.7,0.08,2.72,0.4,14.8366666666667,970,2.34095238095238,0
2014-04-01,101.9928,236.468,6.2,0.09,2.71,0.42,14.1980952380952,1043,2.19904761904762,0
2014-05-01,102.3836,236.918,6.3,0.09,2.56,0.39,12.4752380952381,1007,2.20380952380952,0
2014-06-01,102.735,237.231,6.1,0.1,2.6,0.45,11.5414285714286,911,2.2,0
2014-07-01,102.9632,237.498,6.2,0.09,2.54,0.51,12.2963636363636,1085,2.19227272727273,0
2014-08-01,102.7688,237.46,6.1,0.09,2.42,0.47,13.4919047619048,984,2.27047619047619,0
2014-09-01,103.0641,237.477,5.9,0.09,2.53,0.57,13.4666666666667,1023,2.26809523809524,0
2014-10-01,103.0764,237.43,5.7,0.09,2.3,0.45,18.0586956521739,1074,2.38363636363636,0
2014-11-01,103.7126,236.983,5.8,0.09,2.33,0.53,13.4131578947368,1001,2.45944444444444,0
2014-12-01,103.7044,236.252,5.6,0.12,2.21,0.64,16.2922727272727,1073,2.53045454545455,0
2015-01-01,102.8905,234.747,5.7,0.11,1.88,0.55,19.1195,1085,2.573,0
2015-02-01,102.2335,235.342,5.5,0.11,1.98,0.62,15.9042105263158,886,2.53157894736842,0
2015-03-01,101.8914,235.976,5.4,0.11,2.04,0.64,14.8127272727273,960,2.49636363636364,0
2015-04-01,101.3355,236.222,5.4,0.12,1.94,0.54,13.4947619047619,1190,2.54909090909091,0
2015-05-01,100.8883,237.001,5.6,0.12,2.2,0.61,13.3385,1079,2.691,0
2015-06-01,100.571,237.657,5.3,0.13,2.36,0.69,14.3395454545455,1205,2.76181818181818,0
2015-07-01,101.2228,238.034,5.2,0.13,2.32,0.67,14.3527272727273,1146,2.87727272727273,0
2015-08-01,101.0367,238.033,5.1,0.14,2.17,0.7,19.4280952380952,1130,3.02095238095238,0
2015-09-01,100.7547,237.498,5,0.14,2.17,0.71,24.3771428571429,1224,3.16809523809524,0
2015-10-01,100.2675,237.733,5,0.12,2.07,0.64,16.7895454545455,1058,3.27142857142857,0
2015-11-01,99.5298,238.017,5.1,0.12,2.26,0.88,16.21,1172,3.19473684210526,0
2015-12-01,99.0417,237.761,5,0.24,2.24,0.98,18.0254545454545,1146,3.21227272727273,0
2016-01-01,99.5607,237.652,4.8,0.34,2.09,0.9,23.7178947368421,1092,3.36263157894737,0
2016-02-01,99.0445,237.336,4.9,0.38,1.78,0.73,22.517,1225,3.559,0
2016-03-01,98.3096,238.08,5,0.36,1.89,0.88,15.8490909090909,1111,3.24454545454545,0
2016-04-01,98.6421,238.992,5.1,0.37,1.81,0.77,14.3004761904762,1163,2.98,0
2016-05-01,98.4184,239.557,4.8,0.37,1.81,0.82,14.8528571428571,1148,2.87047619047619,0
2016-06-01,98.8833,240.222,4.9,0.38,1.64,0.73,17.7745454545455,1203,2.88090909090909,0
2016-07-01,98.9992,240.101,4.8,0.39,1.5,0.67,13.1585,1239,2.7145,0
2016-08-01,98.85,240.545,4.9,0.4,1.56,0.74,12.3995652173913,1171,2.68391304347826,0
2016-09-01,98.7457,241.176,5,0.4,1.63,0.77,14.2195238095238,1068,2.68095238095238,0
2016-10-01,98.7611,241.741,4.9,0.4,1.76,0.84,14.5852380952381,1313,2.612,0
2016-11-01,98.3491,242.026,4.7,0.41,2.14,0.98,15.2361904761905,1140,2.566,0
2016-12-01,99.0214,242.637,4.7,0.54,2.49,1.2,12.472380952381,1252,2.3352380952381,0
2017-01-01,98.7611,243.618,4.7,0.65,2.43,1.21,11.6085,1190,2.228,0
2017-02-01,98.3646,244.006,4.6,0.66,2.42,1.2,11.5305263157895,1271,2.22210526315789,0
2017-03-01,99.0137,243.892,4.4,0.79,2.48,1.31,11.8978260869565,1190,2.2,0
2017-04-01,100.0224,244.193,4.4,0.9,2.3,1.24,13.1363157894737,1146,2.27210526315789,0
2017-05-01,100.1408,244.004,4.4,0.91,2.3,1.3,10.8622727272727,1157,2.24590909090909,0
2017-06-01,100.3471,244.163,4.3,1.04,2.19,1.34,10.5136363636364,1249,2.18318181818182,0
2017-07-01,100.1068,244.243,4.3,1.15,2.32,1.37,10.2645,1206,2.0715,0
2017-08-01,99.6925,245.183,4.4,1.16,2.21,1.34,11.975652173913,1159,2.10086956521739,0
2017-09-01,99.7954,246.435,4.3,1.15,2.2,1.38,10.438,1181,2.1015,0
2017-10-01,101.0247,246.626,4.2,1.15,2.36,1.55,10.1254545454545,1257,1.95571428571429,0
2017-11-01,101.2664,247.284,4.2,1.16,2.35,1.7,10.5404761904762,1273,1.9155,0
2017-12-01,101.4644,247.805,4.1,1.3,2.4,1.84,10.2645,1177,1.821,0
2018-01-01,101.4625,248.859,4,1.41,2.58,2.03,11.062380952381,1299,1.67238095238095,0
2018-02-01,101.7085,249.529,4.1,1.42,2.86,2.18,22.4647368421053,1277,1.65,0
2018-03-01,102.2067,249.577,4,1.51,2.84,2.28,19.0238095238095,1318,1.79761904761905,0
2018-04-01,103.3329,250.227,4,1.69,2.87,2.38,18.267619047619,1276,1.8,0
2018-05-01,102.4024,250.792,3.8,1.7,2.98,2.51,14.1245454545455,1357,1.84772727272727,0
2018-06-01,103.198,251.018,4,1.82,2.91,2.53,13.6780952380952,1192,1.92238095238095,0
2018-07-01,103.3646,251.214,3.8,1.91,2.89,2.61,13.147619047619,1208,1.90238095238095,0
2018-08-01,104.0327,251.663,3.8,1.91,2.89,2.64,12.5469565217391,1288,1.87695652173913,0
2018-09-01,104.1004,252.182,3.7,1.95,3,2.77,12.9105263157895,1250,1.87947368421053,0
2018-10-01,103.9856,252.772,3.8,2.19,3.15,2.86,19.3521739130435,1221,1.91318181818182,0
2018-11-01,104.0681,252.594,3.8,2.2,3.12,2.86,19.3890476190476,1181,2.107,0
2018-12-01,104.0936,252.767,3.9,2.27,2.83,2.68,24.9531578947368,1095,2.30105263157895,0
2019-01-01,103.4021,252.561,4,2.4,2.71,2.54,19.572380952381,1226,2.40619047619048,0
2019-02-01,102.8371,253.319,3.8,2.4,2.68,2.5,15.2347368421053,1121,2.27105263157895,0
2019-03-01,102.8757,254.277,3.8,2.41,2.57,2.41,14.4852380952381,1191,2.2647619047619,0
2019-04-01,102.274,255.233,3.7,2.42,2.53,2.34,12.9490476190476,1272,2.17095238095238,0
2019-05-01,102.392,255.296,3.6,2.39,2.4,2.21,16.7218181818182,1293,2.23318181818182,0
2019-06-01,102.4375,255.213,3.6,2.38,2.07,1.81,15.836,1243,2.3865,0
2019-07-01,101.9408,255.802,3.7,2.4,2.06,1.84,13.3059090909091,1240,2.22,0
2019-08-01,102.639,256.036,3.6,2.13,1.63,1.57,18.9790909090909,1375,2.24727272727273,0
2019-09-01,102.2917,256.43,3.5,2.04,1.7,1.65,15.559,1311,2.215,0
2019-10-01,101.4281,257.155,3.6,1.83,1.71,1.55,15.4665217391304,1325,2.21818181818182,0
2019-11-01,101.9372,257.879,3.6,1.55,1.81,1.61,12.5235,1353,2.12894736842105,0
2019-12-01,101.7003,258.63,3.6,1.55,1.86,1.61,13.7566666666667,1548,2.01571428571429,0
2020-01-01,101.0338,259.127,3.6,1.55,1.76,1.52,13.9409523809524,1581,2.01428571428571,0
2020-02-01,101.3735,259.25,3.5,1.58,1.5,1.33,19.6289473684211,1549,2.10684210526316,0
2020-03-01,97.4078,258.076,4.4,0.65,0.87,0.45,57.7368181818182,1266,3.41818181818182,1
2020-04-01,84.5619,256.032,14.8,0.05,0.66,0.22,41.4538095238095,936,3.46952380952381,1
2020-05-01,85.9604,255.802,13.2,0.05,0.67,0.17,30.897,1039,3.28,0
2020-06-01,91.5934,257.042,11,0.08,0.73,0.19,31.1195454545455,1266,2.91318181818182,0
2020-07-01,95.0256,258.352,10.2,0.09,0.62,0.15,26.8404545454545,1526,2.68954545454545,0
2020-08-01,95.9549,259.316,8.4,0.1,0.65,0.14,22.8895238095238,1396,2.62428571428571,0
2020-09-01,95.9669,259.997,7.8,0.09,0.68,0.13,27.647619047619,1473,2.6847619047619,0
2020-10-01,96.7394,260.319,6.9,0.09,0.79,0.15,29.4386363636364,1543,2.65238095238095,0
2020-11-01,97.0816,260.911,6.7,0.09,0.87,0.17,24.9955,1543,2.42578947368421,0
2020-12-01,98.363,262.045,6.7,0.09,0.93,0.14,22.3740909090909,1614,2.23045454545455,0
2021-01-01,98.8822,262.687,6.4,0.09,1.08,0.13,24.91,1624,2.16263157894737,0
2021-02-01,95.6149,263.579,6.2,0.08,1.26,0.12,23.1405263157895,1398,2.16315789473684,0
2021-03-01,98.3856,264.961,6.1,0.07,1.61,0.15,21.8430434782609,1688,2.13173913043478,0
2021-04-01,98.5587,266.614,6.1,0.07,1.64,0.16,17.4161904761905,1489,1.97238095238095,0
2021-05-01,99.4333,268.383,5.8,0.06,1.62,0.16,19.7605,1600,1.999,0
2021-06-01,99.7987,270.654,5.9,0.08,1.52,0.2,16.9568181818182,1664,1.92590909090909,0
2021-07-01,100.2519,271.903,5.4,0.1,1.32,0.22,17.6033333333333,1600,1.92619047619048,0
2021-08-01,100.0437,272.676,5.1,0.09,1.28,0.22,17.4727272727273,1596,1.95636363636364,0
2021-09-01,98.8579,273.91,4.7,0.08,1.37,0.24,19.8247619047619,1576,1.8552380952381,0
2021-10-01,100.1861,276.55,4.5,0.08,1.58,0.39,17.8714285714286,1587,1.7705,0
2021-11-01,100.8654,278.919,4.1,0.08,1.56,0.51,18.5004761904762,1707,1.7235,0
2021-12-01,100.5726,280.845,3.9,0.08,1.47,0.68,21.3545454545455,1711,1.83380952380952,0
2022-01-01,100.1856,282.543,4,0.08,1.76,0.98,23.181,1693,1.821,0
2022-02-01,100.8064,284.5,3.9,0.08,1.93,1.44,25.7484210526316,1730,2.03368421052632,0
2022-03-01,101.3907,287.674,3.7,0.2,2.13,1.91,26.9686956521739,1700,2.16608695652174,0
2022-04-01,101.44,288.561,3.7,0.33,2.75,2.54,24.3735,1807,1.9115,0
2022-05-01,101.3335,291.298,3.6,0.77,2.9,2.62,29.3136363636364,1546,2.21857142857143,0
2022-06-01,101.018,294.957,3.6,1.21,3.14,3,28.2331818181818,1556,2.12428571428571,0
2022-07-01,101.223,294.913,3.5,1.68,2.9,3.04,24.9952380952381,1382,2.3175,0
2022-08-01,101.0963,295.097,3.6,2.33,2.9,3.25,22.1695652173913,1532,2.25478260869565,0
2022-09-01,101.2918,296.349,3.5,2.56,3.52,3.86,27.3418181818182,1481,2.1747619047619,0
2022-10-01,101.2529,298.007,3.6,3.08,3.98,4.38,30.0057142857143,1446,2.277,0
2022-11-01,100.9552,298.786,3.6,3.78,3.89,4.5,23.2990909090909,1434,2.1745,0
2022-12-01,99.7664,298.832,3.5,4.1,3.62,4.29,21.7842857142857,1296,1.97761904761905,0
2023-01-01,100.505,300.42,3.5,4.33,3.53,4.21,20.1690476190476,1358,1.9705,0
2023-02-01,100.6416,301.45,3.6,4.57,3.75,4.53,20.1205,1395,1.84736842105263,0
2023-03-01,101.0205,301.821,3.5,4.65,3.66,4.3,21.644347826087,1366,2.05130434782609,0
2023-04-01,101.253,302.845,3.4,4.83,3.46,4.02,17.8178947368421,1343,2.06947368421053,0
2023-05-01,100.9286,303.334,3.6,5.06,3.57,4.13,17.6360869565217,1609,2.19272727272727,0
2023-06-01,100.1196,304.014,3.6,5.08,3.75,4.64,14.0031818181818,1420,2.00619047619048,0
2023-07-01,100.9067,304.609,3.5,5.12,3.9,4.83,13.932380952381,1464,1.842,0
2023-08-01,100.8393,306.082,3.7,5.33,4.17,4.9,15.8539130434783,1321,1.8495652173913,0
2023-09-01,101.0211,307.276,3.7,5.33,4.38,5.02,15.1733333333333,1369,1.777,0
2023-10-01,100.4689,307.696,3.9,5.33,4.8,5.07,18.8877272727273,1380,1.83142857142857,0
2023-11-01,100.8639,308.148,3.7,5.33,4.5,4.88,14.0190909090909,1522,1.78904761904762,0
2023-12-01,100.6031,308.741,3.8,5.33,4.02,4.46,12.7185,1504,1.622,0
2024-01-01,99.2223,309.698,3.7,5.33,4.06,4.32,13.3886363636364,1378,1.61904761904762,0
2024-02-01,100.285,310.967,3.9,5.33,4.21,4.54,13.9804761904762,1555,1.5585,0
2024-03-01,100.4575,312.345,3.9,5.33,4.21,4.59,13.7875,1297,1.545,0
2024-04-01,100.2434,313.023,3.9,5.33,4.54,4.87,16.1377272727273,1379,1.46318181818182,0
2024-05-01,100.863,313.175,3.9,5.33,4.48,4.86,13.0586956521739,1329,1.46818181818182,0
2024-06-01,100.894,313.044,4.1,5.33,4.31,4.74,12.667,1318,1.51421052631579,0
2024-07-01,99.9757,313.569,4.2,5.33,4.25,4.5,14.3739130434783,1269,1.58818181818182,0
2024-08-01,100.4309,314.062,4.2,5.33,3.87,3.97,19.3122727272727,1394,1.73363636363636,0
2024-09-01,99.8084,314.732,4.1,5.13,3.72,3.62,17.6633333333333,1357,1.6945,0
2024-10-01,99.4695,315.631,4.1,4.83,4.1,3.97,19.9608695652174,1370,1.53863636363636,0
2024-11-01,99.2925,316.528,4.2,4.64,4.36,4.26,16.0152380952381,1300,1.42157894736842,0
2024-12-01,100.3273,317.604,4.1,4.48,4.39,4.23,15.8661904761905,1494,1.40952380952381,0
2025-01-01,100.0647,318.961,4,4.33,4.63,4.27,16.7636363636364,1353,1.44761904761905,0
2025-02-01,101.0993,319.679,4.2,4.33,4.45,4.21,16.968,1491,1.47157894736842,0
2025-03-01,101.0404,319.785,4.2,4.33,4.28,3.97,21.8414285714286,1346,1.65047619047619,0
2025-04-01,101.1279,320.302,4.2,4.33,4.28,3.78,31.9661904761905,1400,1.9047619047619,0
2025-05-01,100.9655,320.62,4.3,4.33,4.42,3.92,20.4622727272727,1289,1.86238095238095,0
2025-06-01,101.4785,321.435,4.1,4.33,4.38,3.89,18.4033333333333,1379,1.7645,0
2025-07-01,101.894,322.169,4.3,4.33,4.39,3.88,16.3813043478261,1432,1.70681818181818,0
2025-08-01,101.6247,323.291,4.3,4.33,4.26,3.7,15.75,1291,1.73142857142857,0
2025-09-01,101.668,324.245,4.4,4.22,4.12,3.57,15.7890909090909,1319,1.71285714285714,0
2025-10-01,101.2195,NA,NA,4.09,4.06,3.52,18.0865217391304,1273,1.67318181818182,0
2025-11-01,101.0344,325.063,4.5,3.88,4.09,3.55,19.7695,1319,1.76333333333333,0
2025-12-01,101.4941,326.031,4.4,3.72,4.14,3.5,15.5481818181818,1378,1.75454545454545,0
2026-01-01,101.0388,326.588,4.3,3.64,4.21,3.54,16.1790476190476,1385,1.665,0
2026-02-01,101.9053,327.46,4.4,3.64,4.13,3.47,19.207,1346,1.68684210526316,0
2026-03-01,101.7336,330.293,4.3,3.64,4.25,3.71,25.5968181818182,1522,1.78954545454545,0
2026-04-01,102.5783,332.407,4.3,3.64,4.32,3.8,19.8119047619048,1414,1.71142857142857,0
2026-05-01,102.6396,333.979,4.3,3.63,4.48,4,17.2371428571429,1182,1.619,0
2026-06-01,102.842,332.568,4.2,3.63,4.47,4.11,17.9068181818182,1439,1.53047619047619,0
2026-07-01,103.0454,332.813,4.1,3.63,4.6,4.22,17.0908695652174,1309,1.58590909090909,0
2026-08-01,103.0682,334.131,4.1,3.63,4.68,4.22,15.2295238095238,1275,1.63190476190476,0
